{
    "product_name": "WPForms",
    "document_id": 339,
    "document_name": "wpforms_entry_save_data",
    "document_url": "https://wpforms.com/developers/wpforms_entry_save_data/",
    "author": null,
    "reviewer": null,
    "date": null,
    "version": "1.0",
    "title": "wpforms_entry_save_data",
    "content": [
        {
            "subtitle": "Description",
            "content": [
                {
                    "text": "The wpforms_entry_save_data filters the entry data before saving the entry."
                }
            ]
        },
        {
            "subtitle": "Parameters",
            "content": [
                {
                    "text": "$fields: (array)Unsanitized field data."
                },
                {
                    "text": "$entry: (array)Entry data."
                },
                {
                    "text": "$form_data: (array)Processed form settings/data, prepared to be used later."
                }
            ]
        },
        {
            "subtitle": "Source",
            "content": [
                {
                    "text": "wpforms/src/Forms/Submission.php"
                }
            ]
        },
        {
            "subtitle": "More Information",
            "content": [
                {
                    "text": "This filter will provide users with the ability to manipulate the entry data prior to saving the entry."
                }
            ]
        },
        {
            "subtitle": "Examples",
            "content": [
                {
                    "text": "In this example, we're going to exclude a few fields from the entry."
                },
                {
                    "code": "\nfunction exclude_fields_from_entries( $fields, $entry, $form_data ) {\n\n$exclude_field_ids = array( 13, 25, 28 );\n\nforeach ( $fields as $key => $field ) {\n\n    if ( in_array( $field[ 'id' ], $exclude_field_ids ) ) {\n\n        unset( $fields[ $key ] );\n\n    }\n}\n\nreturn $fields;\n\n}\nadd_filter( 'wpforms_entry_save_data', 'exclude_fields_from_entries', 10, 3 );\n"
                }
            ]
        }
    ],
    "section": "Developers",
    "category": "Filters Hooks"
}