{
    "product_name": "WPForms",
    "document_id": 621,
    "document_name": "How to Remove the Arrows on the Numbers Field",
    "document_url": "https://wpforms.com/developers/how-to-remove-the-arrows-on-the-numbers-field/",
    "author": "Editorial Team",
    "reviewer": "Molly Tyler",
    "date": "Updated: Mar 28, 2024, 12:14 PM",
    "version": "1.0",
    "title": "How to Remove the Arrows on the Numbers Field",
    "content": [
        {
            "subtitle": "Removing the arrows on the Numbers field",
            "content": [
                {
                    "text": "In order to remove this styling, we're going to need to copy and paste the custom CSS to our site."
                },
                {
                    "text": "If you need any assistance on how and where to add your custom CSS, please review this tutorial ."
                },
                {
                    "url": "https://wpforms.com/developers/how-to-add-custom-css-styles-for-wpforms/"
                }
            ]
        },
        {
            "subtitle": "For a specific form",
            "content": [
                {
                    "text": "This CSS will only be applied to Number form fields in the specific form ID 612 . You'll need to update this ID before using this CSS."
                },
                {
                    "text": "If you need help with how to find your form ID, please check out this tutorial ."
                },
                {
                    "url": "https://wpforms.com/developers/how-to-locate-form-id-and-field-id/"
                },
                {
                    "code": "\n\nform#wpforms-form-612 input[type=\"number\"]::-webkit-outer-spin-button, form#wpforms-form-612 input[type=\"number\"]::-webkit-inner-spin-button {\n    -webkit-appearance: none;\n    margin: 0;\n}\n \nform#wpforms-form-612 input[type=\"number\"] {\n    -moz-appearance: textfield;\n}\n\n"
                }
            ]
        },
        {
            "subtitle": "For all forms",
            "content": [
                {
                    "text": "If you just want to remove the arrows for all of your forms, you'd use this CSS."
                },
                {
                    "code": "\ninput[type=\"number\"]::-webkit-outer-spin-button, input[type=\"number\"]::-webkit-inner-spin-button {\n    -webkit-appearance: none !important;\n    margin: 0 !important;\n}\n \ninput[type=\"number\"] {\n    -moz-appearance: textfield !important;\n}\n"
                },
                {
                    "text": "This CSS doesn't change the functionality of the form field. Only numbers are accepted inside the Numbers form field, but after adding the CSS, you'll no longer see the arrows on the field."
                },
                {
                    "image_link": "https://wpforms.com/wp-content/uploads/2019/12/wpforms-remove-arrows.jpg"
                },
                {
                    "text": "And that's all you need to remove the up and down arrows on the Numbers field. Would you like to style other form fields as well? Check out our article on How to Add Styling to Text-Based Fields ."
                },
                {
                    "url": "https://wpforms.com/developers/how-to-customize-the-styling-of-text-based-form-fields/"
                }
            ]
        }
    ],
    "section": "Developers",
    "category": "Fields"
}