{
    "product_name": "WPForms",
    "document_id": 175,
    "document_name": "wpforms_process_validate_payment-coupon",
    "document_url": "https://wpforms.com/developers/wpforms_process_validate_payment-coupon/",
    "author": "Editorial Team",
    "reviewer": "Molly Tyler",
    "date": "Updated: Oct 20, 2023, 14:35 PM",
    "version": "1.0",
    "title": "wpforms_process_validate_payment-coupon",
    "content": [
        {
            "subtitle": "Description",
            "content": [
                {
                    "text": "The wpforms_process_validate_payment-coupon action fires validation on the Coupon form field when the form is submitted."
                }
            ]
        },
        {
            "subtitle": "Parameters",
            "content": [
                {
                    "text": "$field_id: (int)Field ID."
                },
                {
                    "text": "$field_submit: (array)Original raw/unsanitized field value submitted for the field."
                },
                {
                    "text": "$form_data: (array)Processed form settings/data, prepared to be used later."
                }
            ]
        },
        {
            "subtitle": "Source",
            "content": [
                {
                    "text": "wpforms/includes/class-process.php"
                }
            ]
        },
        {
            "subtitle": "More Information",
            "content": [
                {
                    "text": "The wpforms_process_validate_payment-coupon action is applied to the Coupon form field for checking the amount of the coupon, as an example is above a particular amount set in the function."
                }
            ]
        },
        {
            "subtitle": "Examples",
            "content": [
                {
                    "text": "In this example, we're preventing any form submission if the coupon flat rate amount is less than 1.00 ."
                },
                {
                    "code": "\n/*\n * Do not allow to submit coupons lower than 1.00.\n *\n * @link https://wpforms.com/developers/wpforms_process_validate_payment-coupon/\n *\n * @param int     $field_id        Field ID.\n * @param array   $field_submit    Unsanitized field value submitted for the field.\n * @param array   $form_data       Form data and settings.\n*/\n\nfunction wpf_discard_low_coupons( $field_id, $field_submit, $form_data ) {\n\n\t$coupon = wpforms_coupons()->get( 'repository' )->get_coupon_by_code( $field_submit );\n\n\tif ( $coupon === null ) {\n\t\treturn;\n\t}\n\n\t$currency = wpforms_get_currency();\n\n\tif ( $coupon->get_discount_type() === 'flat' && (float) $coupon->get_discount_amount() <= 1.00 ) {\n\t\twpforms()->get( 'process' )->errors[ $form_data[ 'id' ] ][ $field_id ] = sprintf( /* translators: %s - Currency code name. */\n\t\t\tesc_html__( 'Coupon amount is less that 1.00 %s. Please, use another one.', 'your-translation-domain' ),\n\t\t\t$currency\n\t\t);\n\t}\n}\nadd_action( \"wpforms_process_validate_payment-coupon\", 'wpf_discard_low_coupons', 10, 3 );\n"
                }
            ]
        },
        {
            "subtitle": "Related",
            "content": [
                {
                    "text": "Article Reference: How to Restrict Coupons by Amount"
                },
                {
                    "url": "https://wpforms.com/developers/how-to-restrict-coupons-by-amount/"
                }
            ]
        }
    ],
    "section": "Developers",
    "category": "Actions Hooks"
}