{
    "product_name": "WPForms",
    "document_id": 631,
    "document_name": "wpforms_user_registration_process_registration_process_user_email_exists_error_message",
    "document_url": "https://wpforms.com/developers/wpforms_user_registration_process_registration_process_user_email_exists_error_message/",
    "author": null,
    "reviewer": null,
    "date": null,
    "version": "1.0",
    "title": "wpforms_user_registration_process_registration_process_user_email_exists_error_message",
    "content": [
        {
            "subtitle": "Description",
            "content": [
                {
                    "text": "The wpforms_user_registration_process_registration_process_user_email_exists_error_message filter used to provide a message on User Registration addon if the email address already exists."
                }
            ]
        },
        {
            "subtitle": "Parameters",
            "content": [
                {
                    "text": "$msg: (string)Message that displays if email address has been used previously."
                }
            ]
        },
        {
            "subtitle": "Source",
            "content": [
                {
                    "text": "wpforms-user-registration/src/Process/Registration.php"
                }
            ]
        },
        {
            "subtitle": "More Information",
            "content": [
                {
                    "text": "The filter is used to display a message to the user if the email address already exists for another user."
                }
            ]
        },
        {
            "subtitle": "Example",
            "content": [
                {
                    "code": "\n/**\n * Check email address exists.\n *\n * @link    https://wpforms.com/developers/wpforms_user_registration_process_registration_process_user_email_exists_error_message/\n *\n * @param   string   $msg  Message that displays if email exists.\n * @return  string\n */\n\nfunction wpf_dev_user_registration_email_exists( $msg ) {\n \n    // This is the message that would appear\n    $msg =  __('A user with that username already exists. Please <a href=\"http://yourdomain/wp-admin/\">log in here</a> to your account.', 'text-domain');\n \n    return $msg;\n}\n \nadd_filter( 'wpforms_user_registration_process_registration_process_user_email_exists_error_message', 'wpf_dev_user_registration_email_exists', 10, 1 );\n\n"
                }
            ]
        },
        {
            "subtitle": "Reference Articles",
            "content": [
                {
                    "text": "\\ How to Change Validation Messages for User Registration Addon"
                },
                {
                    "url": "https://wpforms.com/developers/change-validation-messages-for-user-registration-addon/"
                }
            ]
        }
    ],
    "section": "Developers",
    "category": "Filters Hooks"
}