{
    "product_name": "WPForms",
    "document_id": 13,
    "document_name": "How to Customize the Date Time Field Date Options",
    "document_url": "https://wpforms.com/developers/customize-the-date-time-field-date-options/",
    "author": "Editorial Team",
    "reviewer": "Molly Tyler",
    "date": "Updated: Nov 4, 2024, 04:33 AM",
    "version": "1.0",
    "title": "How to Customize the Date Time Field Date Options",
    "content": [
        {
            "subtitle": "Creating the form",
            "content": [
                {
                    "text": "Before we add any snippets, you'll need to create your form and add your fields. Since this tutorial is based on the Date Dropdown field, you'll need to add at least one Date field."
                },
                {
                    "text": "If you need any assistance in creating your form, please see this tutorial ."
                },
                {
                    "url": "https://wpforms.com/docs/creating-first-form/"
                },
                {
                    "text": "Once you've added your date fields, make sure you've selected the Type to Date Dropdown . You can set the Date Type by clicking into the Advanced options of the form field."
                },
                {
                    "image_link": "https://wpforms.com/wp-content/uploads/2021/02/wpforms-set-date-dropdown.jpg 1276w, https://wpforms.com/wp-content/uploads/2021/02/wpforms-set-date-dropdown-300x187.jpg 300w, https://wpforms.com/wp-content/uploads/2021/02/wpforms-set-date-dropdown-1024x640.jpg 1024w, https://wpforms.com/wp-content/uploads/2021/02/wpforms-set-date-dropdown-768x480.jpg 768w"
                }
            ]
        },
        {
            "subtitle": "Customizing the Date field",
            "content": [
                {
                    "text": "In order to customize the Date field, you'll need to add one of the code snippets below to your site."
                },
                {
                    "text": "If you need any help in learning how to add code snippets to your site, please review this tutorial ."
                },
                {
                    "url": "https://wpforms.com/developers/how-to-add-custom-php-or-javascript-for-wpforms/"
                },
                {
                    "text": "Some of the code snippets below will require the use of specific form ID and field ID information."
                },
                {
                    "url": "https://wpforms.com/developers/how-to-locate-form-id-and-field-id/"
                }
            ]
        },
        {
            "subtitle": "Using snippets on the Date Dropdown",
            "content": []
        },
        {
            "subtitle": "Limiting the number of days in the dropdown to match the month",
            "content": [
                {
                    "text": "In order to have the Days field coincide with the amount of days available for that particular month, you'd use this snippet."
                },
                {
                    "code": "\n/**\n * Limit the days dropdown to match how many days are available for the selected month.\n *\n * @link https://wpforms.com/developers/customize-the-date-time-field-date-options/\n */\n \nfunction wpf_dev_days_dropdown_match_month( ) {\n?>\n  \n<script type=\"text/javascript\">\n    var date = new Date();\n \n    var month = date.getMonth();\n \n    var year = date.getFullYear();\n \n    var totalDays = 31; // Default day amount\n \n    jQuery(function($){\n \n        $( 'select[id$=\"-month\"]' ).on( 'change', function(){\n            month = $(this).val();\n            totalDays = daysInMonth(month, year);\n            $(this).parent().find( 'select[id$=\"-day\"] option:not(:first-child)').each(function(){\n                $(this).remove();\n            });\n            for (var i = 1; i <= totalDays; i++) {\n                $(this).parent().find( 'select[id$=\"-day\"]' ).append($( \"<option></option>\" ).attr( \"value\", i).text(i));\n            }\n        });\n \n        $( 'select[id$=\"-year\"]' ).on( 'change', function(){\n            year = $(this).val();\n            totalDays = daysInMonth(month, year);\n            $(this).parent().find( 'select[id$=\"-day\"] option:not(:first-child)').each(function(){\n                $(this).remove();\n            });\n            for (var i = 1; i <= totalDays; i++) {\n                $(this).parent().find('select[id$=\"-day\"]').append($( \"<option></option>\" ).attr( \"value\", i).text(i));\n            }\n        });\n    });\n     \n    function daysInMonth (month, year) {\n        return new Date(year, month, 0).getDate();\n    }\n    </script>\n  \n<?php\n}\n  \nadd_action( 'wpforms_wp_footer_end', 'wpf_dev_days_dropdown_match_month', 30 );\n"
                }
            ]
        },
        {
            "subtitle": "Limiting months, days and years inside the date dropdown",
            "content": [
                {
                    "text": "The snippets below will update the dropdown fields to only display 5-12 (May-December) for the available months , 20-31 for the available days , and 2020-2021 for the available years . You can modify the fields as needed."
                },
                {
                    "text": "There are two different ways this can be applied:"
                },
                {
                    "text": "All date dropdown fields inside a specific form"
                },
                {
                    "text": "A specific date dropdown inside a specific form."
                }
            ]
        },
        {
            "subtitle": "All date dropdown fields inside a specific form",
            "content": [
                {
                    "text": "The snippet below will only apply to form ID 10 ."
                },
                {
                    "code": "\n/**\n * Filters labels and options within the date field\u2019s dropdown format.\n *\n * @link https://wpforms.com/developers/customize-the-date-time-field-date-options/\n */\n \nfunction wpf_dev_datetime_date_dropdowns( $args, $form_id, $field ) {\n \n    $form_id = (int) $form_id;\n \n    // Only apply if the form's ID is 10\n    if ( $form_id === 10 ) {\n \n        // Set the lower and upper limits for each date dropdown\n        $args[ 'months' ] = range( 5, 12 ); \n        $args[ 'days' ] = range( 20, 31 ); \n        $args[ 'years' ] = range( 2024, 2025 ); \n \n    }\n \n    return $args;\n}\nadd_filter( 'wpforms_datetime_date_dropdowns', 'wpf_dev_datetime_date_dropdowns', 10, 3 );\n\n"
                }
            ]
        },
        {
            "subtitle": "Targeting a specific date dropdown inside a specific form",
            "content": [
                {
                    "text": "Below will apply to the date dropdown with field ID 3 inside form ID 10 ."
                },
                {
                    "code": "\n/**\n * Filters labels and options within the date field\u2019s dropdown format.\n *\n * @link https://wpforms.com/developers/customize-the-date-time-field-date-options/\n */\n \nfunction wpf_dev_datetime_date_dropdowns( $args, $form_id, $field ) {\n \n    $form_id = (int) $form_id;\n     \n    // Only apply if the form's ID is 10 and field ID 3\n    if ( $form_id === 10 && $field['id'] == 3) {\n \n        // Set the lower and upper limits for each date dropdown\n        $args[ 'months' ] = range( 5, 12 ); \n        $args[ 'days' ] = range( 20, 31 ); \n        $args[ 'years' ] = range( 2024, 2025 ); \n \n    }\n \n    return $args;\n}\nadd_filter( 'wpforms_datetime_date_dropdowns', 'wpf_dev_datetime_date_dropdowns', 10, 3 );\n"
                }
            ]
        },
        {
            "subtitle": "Starting the date dropdown from 'today'",
            "content": [
                {
                    "text": "In your Date Dropdown , you can have the Month , Day and Year automatically default to start with today's month, day and year using this snippet."
                },
                {
                    "code": "\n/**\n * Select from today's date going forward within the range limit specified below\n *\n * @link https://wpforms.com/developers/customize-the-date-time-field-date-options/\n */\n \nfunction wpf_dev_datetime_date_dropdowns( $args, $form_id, $field ) {\n     \n    if( $form_id != 143 ) {\n        return $args;\n    }\n \n    // Set the lower and upper limits for each date dropdown\n \n    $args[ 'months' ] = range( date('m'), 12 ); \n    $args[ 'days' ] = range( date('d'), 31 ); \n    $args[ 'years' ] = range( date('Y'), 2030 );\n     \n    return $args;\n}\nadd_filter( 'wpforms_datetime_date_dropdowns', 'wpf_dev_datetime_date_dropdowns', 10, 3 );\n\n"
                }
            ]
        },
        {
            "subtitle": "Using snippets on the Date Picker",
            "content": []
        },
        {
            "subtitle": "Disabling past dates and only displaying next 31 days",
            "content": [
                {
                    "text": "In this snippet, we're going to disable any past date and only allow for selection up to 31 days from the current date for the form ID 1137 and the field ID 14 . Remember to change these IDs to match your own form and field ID. If you're not sure where to find these IDs, please review this tutorial ."
                },
                {
                    "url": "https://wpforms.com/developers/how-to-locate-form-id-and-field-id/"
                },
                {
                    "code": "\n/**\n * Disable past dates, allow for selection for today + the next 31 days\n *\n * @link https://wpforms.com/developers/customize-the-date-time-field-date-options/\n */\n  \nfunction wpf_limit_date_picker() {\n    ?>\n    <script type=\"text/javascript\">\n    var d = new Date();\n        window.wpforms_1137_14 = window.wpforms_1137_14 || {};\n            window.wpforms_1137_14.datepicker = {\n            disableMobile: true,\n            // Don't allow users to pick dates less than 1 days out\n            minDate: d.setDate(d.getDate()),\n            maxDate: d.setDate(d.getDate() + 31),\n        }\n    </script>\n    <?php\n}\nadd_action( 'wpforms_wp_footer_end', 'wpf_limit_date_picker', 10 );\n"
                }
            ]
        },
        {
            "subtitle": "Show dates from the yesterday, today, and tomorrow",
            "content": [
                {
                    "text": "Using the new Date().fp_incr(-1) you can easily control how many days minDate and maxDate display by just increasing the number. Using the negative symbol (-) in front of the number means these will be days in the past."
                },
                {
                    "text": "Because we only want our form to start from yesterday, we'll start with the minDate only allowing the (-1) and end with the (1) (so it will include today and tomorrow) for the maxDate"
                },
                {
                    "code": "\n/**\n * Allow date picker yesterday, today, and tomorrow\n *\n * @link https://wpforms.com/developers/customize-the-date-time-field-date-options/\n */\n  \nfunction wpf_dev_limit_date_picker() {\n    ?>\n    <script type=\"text/javascript\">\n        window.wpforms_datepicker = {\n            disableMobile: true,\n            // Don't allow users to pick past dates\n            minDate: new Date().fp_incr(-1), // 1 day in the past\n            // Don't allow users to pick any more than today\n            maxDate: new Date().fp_incr(1) // 1 day in the future\n        }\n    </script>\n    <?php\n}\nadd_action( 'wpforms_wp_footer_end', 'wpf_dev_limit_date_picker', 10 );\n"
                }
            ]
        },
        {
            "subtitle": "Show dates from the next day and onwards for the date picker",
            "content": [
                {
                    "text": "You can easily use this code snippet that will exclude any past days (including today)."
                },
                {
                    "text": "Simply change the +1), to be however many days out you wish to restrict the picker."
                },
                {
                    "code": "\n/**\n * Show dates from the next day and onwards\n *\n * @link https://wpforms.com/developers/customize-the-date-time-field-date-options/\n */\n \nfunction wpf_limit_date_picker() {\n    ?>\n    <script type=\"text/javascript\">\n        var d = new Date();\n        window.wpforms_datepicker = {\n            disableMobile: true,\n            // Don't allow users to pick dates less than 1 days out\n            minDate: d.setDate(d.getDate() + 1),\n        }\n    </script>\n    <?php\n}\nadd_action( 'wpforms_wp_footer_end', 'wpf_limit_date_picker', 10 );\n"
                }
            ]
        },
        {
            "subtitle": "Block out specific date ranges for the date picker",
            "content": [
                {
                    "text": "To block out specific date ranges inside the date picker, use this snippet."
                },
                {
                    "code": "\n/**\n * Limit the dates available in the Date Time date picker: Block out certain date ranges\n *\n * @link https://wpforms.com/developers/customize-the-date-time-field-date-options/\n */\n \nfunction wpf_limit_date_picker() {\n    ?>\n    <script type=\"text/javascript\">\n        var d = new Date();\n        window.wpforms_datepicker = {\n            disableMobile: true,\n            // Don't allow users to pick specific range of dates\n            disable: [\n                {\n                    from: \"2024-12-24\",\n                    to: \"2024-12-26\"\n                },\n                {\n                    from: \"2024-12-31\",\n                    to: \"2025-01-01\"\n                }\n            ]\n        }\n    </script>\n    <?php\n}\nadd_action( 'wpforms_wp_footer_end', 'wpf_limit_date_picker', 10 );\n"
                }
            ]
        },
        {
            "subtitle": "Limit how far out users can pick the dates inside the date picker",
            "content": [
                {
                    "text": "If you want to limit the future date users can select inside the date picker, use this code snippet."
                },
                {
                    "code": "\n/**\n * Don't allow date to be selected after maxDate\n *\n * @link https://wpforms.com/developers/customize-the-date-time-field-date-options/\n */\n \nfunction wpf_dev_limit_date_picker() {\n    ?>\n    <script type=\"text/javascript\">\n        window.wpforms_datepicker = {\n            disableMobile: true,\n            // Don't allow users to pick past dates\n            minDate: new Date(),\n            // Don't allow users to pick dates after Dec 31, 2025\n            maxDate: new Date( '2025-12-31' )\n        }\n    </script>\n    <?php\n}\nadd_action( 'wpforms_wp_footer_end', 'wpf_dev_limit_date_picker', 10 );\n"
                }
            ]
        },
        {
            "subtitle": "Exclude all past days and Mondays inside the date picker",
            "content": [
                {
                    "text": "To limit all past days and future Mondays, use this snippet."
                },
                {
                    "code": "\n/**\n * Don't allow users to pick Mondays\n *\n * @link https://wpforms.com/developers/customize-the-date-time-field-date-options/\n */\n \nfunction wpf_dev_limit_date_picker() {\n    ?>\n    <script type=\"text/javascript\">\n        window.wpforms_datepicker = {\n            disableMobile: true,\n            // Don't allow users to pick past dates\n            minDate: new Date(),\n            // Don't allow users to pick Mondays\n            enable: [\n                function(dateObj){\n                    return dateObj.getDay() !== 1;\n                }\n            ]\n        }\n    </script>\n    <?php\n}\nadd_action( 'wpforms_wp_footer_end', 'wpf_dev_limit_date_picker', 10 );\n"
                }
            ]
        },
        {
            "subtitle": "Display message when current date is selected",
            "content": [
                {
                    "text": "For this example, we're going to display a pop up message when the current date is selected."
                },
                {
                    "code": "\n/**\n * Display pop up message when current date is selected\n *\n * @link https://wpforms.com/developers/customize-the-date-time-field-date-options/\n */\n \n function wpf_dev_check_date() {\n    ?>\n    <script type=\"text/javascript\">\n// Only display the message if the form ID is 323 and the field ID is 4\n            window.wpforms_323_4 = window.wpforms_323_4 || {};\n            window.wpforms_323_4.datepicker = {\n                mode: \"single\",\n                onClose: function(selectedDates, dateStr, instance) {\n                    var today = new Date(); \n                    if (selectedDates[0].toLocaleDateString(\"en-US\") == today.toLocaleDateString(\"en-US\")) {\n                        alert( 'Custom Message: You have selected todays date' );\n                        this.clear();\n                    }\n       \n                }\n       \n            }\n    </script>\n    <?php\n}\nadd_action( 'wpforms_wp_footer_end', 'wpf_dev_check_date', 10 );\n"
                }
            ]
        },
        {
            "subtitle": "Disable a specific day of the week",
            "content": [
                {
                    "text": "For this example, we want to completely disable Sundays from our date picker using this snippet."
                },
                {
                    "code": "\n/**\n * Disable a specific day of the week\n *\n * @link https://wpforms.com/developers/customize-the-date-time-field-date-options/\n */\n \nfunction wpf_limit_date_picker_disable_specific_weekday() {\n    ?>\n    <script type=\"text/javascript\">\n        var d = new Date();\n \n        // Only apply to the form ID 420 and the field ID 1\n        window.wpforms_420_1 = window.wpforms_420_1 || {};\n        window.wpforms_420_1.datepicker = {\n            disableMobile: true,\n            // Don't allow users to pick specific day of the week\n            disable: [\n                function(date) {\n                    // return true to disable\n                    // 1 = Monday; 2 = Tuesday; 3 = Wednesday; 4 = Thursday; 5 = Friday; 6 = Saturday; 0 = Sunday\n                    return (date.getDay() === 0);\n                }\n            ]\n        }\n    </script>\n    <?php\n}\nadd_action( 'wpforms_wp_footer_end', 'wpf_limit_date_picker_disable_specific_weekday', 10 );\n"
                },
                {
                    "text": "In the snippet, the return (date.getDay() === 0); disables only Sundays. Each day is represented by a specific number."
                },
                {
                    "text": "1 = Monday"
                },
                {
                    "text": "2 = Tuesday"
                },
                {
                    "text": "3 = Wednesday"
                },
                {
                    "text": "4 = Thursday"
                },
                {
                    "text": "5 = Friday"
                },
                {
                    "text": "6 = Saturday"
                },
                {
                    "text": "7 = Sunday"
                },
                {
                    "text": "Just find the numerical representation for your specific day and update the snippet to match your desired day."
                },
                {
                    "text": "The window.wpforms_420_1 represents the form ID ( 420 ) and the field ID for our Date Picker ( _1 ). You'll need to update these two IDs to match your own form ID and field ID."
                },
                {
                    "text": "For assistance in finding your form and field ID numbers, please see this tutorial ."
                },
                {
                    "url": "https://wpforms.com/developers/how-to-locate-form-id-and-field-id/"
                }
            ]
        },
        {
            "subtitle": "Change the calendar's start day",
            "content": [
                {
                    "text": "To change the date picker day to show that starts the week, you'll use this snippet. Keep in mind that Monday represents the number one and the days of the week continue on in numeric order."
                },
                {
                    "code": "\n/**\n * Change the start day of the week\n *\n * @link https://wpforms.com/developers/customize-the-date-time-field-date-options/\n */\n \nfunction wpf_dev_set_start_day() {\n    ?>\n    <script type=\"text/javascript\">\n        window.wpforms_datepicker = {\n            disableMobile: true,\n            \"locale\": {\n                 \n        // Enter the number for the day you want the week to start\n        // 1 = Monday; 2 = Tuesday; 3 = Wednesday; 4 = Thursday; 5 = Friday; 6 = Saturday; 7 = Sunday\n                 \n                \"firstDayOfWeek\": 1 // start week on Monday\n            }\n        }\n    </script>\n    <?php\n}\nadd_action( 'wpforms_wp_footer_end', 'wpf_dev_set_start_day', 10 );\n"
                }
            ]
        },
        {
            "subtitle": "Disabling future dates",
            "content": [
                {
                    "text": "Using this snippet will set the maxDate as today's date (current) so user's wouldn't be able to select future dates."
                },
                {
                    "code": "\n/** \n* Disable future dates \n* \n* @link https://wpforms.com/developers/customize-the-date-time-field-date-options/ \n*/\nfunction wpf_dev_limit_date_picker() { \n   ?> \n   <script type=\"text/javascript\"> \n      window.wpforms_datepicker = { \n        disableMobile: true, \n        // Don't allow users to pick past dates \n        maxDate: new Date(), \n      } \n   </script> \n  \n   <?php \n} \nadd_action( 'wpforms_wp_footer_end', 'wpf_dev_limit_date_picker', 10 );\n\n"
                }
            ]
        },
        {
            "subtitle": "Target specific form ID and field ID inside the date picker",
            "content": [
                {
                    "text": "When using the Date Picker , you can target a single form or a specific Date field inside a specific form."
                },
                {
                    "text": "In the example snippets below, you'll see window.wpforms_21_1 . Where as the _21 represents the form ID and the _1 represents the field ID."
                },
                {
                    "text": "If you need help in finding your form and field ID numbers, please see this tutorial ."
                },
                {
                    "url": "https://wpforms.com/developers/how-to-locate-form-id-and-field-id/"
                },
                {
                    "text": "Here are a couple of code snippets. The first one will allow for a selection of only the past 30 days:"
                },
                {
                    "code": "\n/**\n * Only allow for a selection of only the past 30 days\n *\n * @link https://wpforms.com/developers/customize-the-date-time-field-date-options/\n */\n \nfunction wpf_dev_limit_date_picker() {\n    ?>\n    <script type=\"text/javascript\">\n        window.wpforms_21_1 = window.wpforms_21_1 || {};\n        window.wpforms_21_1.datepicker = {\n            disableMobile: true,\n            // Don't allow users to pick more than 30 days in the past and exclude future dates\n            minDate: new Date().fp_incr(-30)\n            }\n    </script>\n    <?php\n}\nadd_action( 'wpforms_wp_footer_end', 'wpf_dev_limit_date_picker', 10 );\n"
                },
                {
                    "text": "This next code snippet will allow for a selection of the past 30 days and \"today\":"
                },
                {
                    "code": "\n/**\n * Only allow for a selection of the past 30 days and \"today\"\n *\n * @link https://wpforms.com/developers/customize-the-date-time-field-date-options/\n */\n \nfunction wpf_dev_limit_date_picker() {\n    ?>\n    <script type=\"text/javascript\">\n        window.wpforms_21_1 = window.wpforms_21_1 || {};\n        window.wpforms_21_1.datepicker = {\n            disableMobile: true,\n            // Don't allow users to pick more than 30 days in the past\n            minDate: new Date().fp_incr(-30),\n        maxDate: \"today\"\n            }\n    </script>\n    <?php\n}\nadd_action( 'wpforms_wp_footer_end', 'wpf_dev_limit_date_picker', 10 );\n"
                }
            ]
        },
        {
            "subtitle": "Limit to a single day for the current month only",
            "content": [
                {
                    "text": "In this example, we're only going to accept appointments for a single day in the current month."
                },
                {
                    "code": "\n/**\n * Limit to 1 single day for the current month only.\n *\n * @link https://wpforms.com/developers/customize-the-date-time-field-date-options/\n */\n  \nfunction wpf_dev_one_day_current_month( ) {\n?>\n   \n<script type=\"text/javascript\">\n        window.wpforms_datepicker = {\n            disableMobile: true,\n            disable: [\n                function(date) {\n                    var currentDate = new Date();\n                    var currentMonth = currentDate.getMonth();\n                    var currentYear = currentDate.getFullYear();\n                    var selectedMonth = date.getMonth();\n                    var selectedYear = date.getFullYear();\n \n                    if (selectedMonth !== currentMonth || selectedYear !== currentYear) {\n                        return false;\n                    }\n \n                    var day = date.getDay();\n                    var firstDayOfMonth = new Date(selectedYear, selectedMonth, 1).getDay();\n                    var offset = (day >= firstDayOfMonth) ? (day - firstDayOfMonth) : (day + 7 - firstDayOfMonth);\n                    var secondThursday = new Date(selectedYear, selectedMonth, offset + 8);\n \n                    if (date.getDate() === secondThursday.getDate() && day === 4) {\n                        return false;\n                    }\n \n                    return true;\n                }\n            ]\n        };\n    </script>\n   \n<?php\n}\n   \nadd_action( 'wpforms_wp_footer_end', 'wpf_dev_one_day_current_month', 30 );\n"
                },
                {
                    "text": "In this example, we're dynamically setting a minimum date for a second date selection field, ensuring it is at least 21 days after the first selected date."
                },
                {
                    "code": "\n/**\n * Add 21 days to the first date selection to block these days from the second selection\n *\n * @link https://wpforms.com/developers/customize-the-date-time-field-date-options/\n */\n \nfunction wpf_dev_block_days_date_selection( ) {\n?>\n  \n<script type=\"text/javascript\">\n        jQuery(document).ready(function($) {\n             \n            $( \"#wpforms-1277-field_19\" ).flatpickr({\n                dateFormat: \"m/d/Y\",\n                onClose: function( selectedDates, dateStr, instance ) {\n                    if ( selectedDates.length > 0 ) {\n                        var minSecondDate = new Date( selectedDates[0] );\n                        // Adding 21 days to the selected 1st date\n                        minSecondDate.setDate( minSecondDate.getDate() + 21 ); \n                        $( \"#wpforms-1277-field_20\" ).flatpickr({\n                            minDate: minSecondDate,\n                            dateFormat: \"m/d/Y\"\n                        });\n                    }\n                }\n            });\n        });\n    </script>\n  \n<?php\n}\n  \nadd_action( 'wpforms_wp_footer_end', 'wpf_dev_block_days_date_selection', 30 );\n"
                }
            ]
        },
        {
            "subtitle": "Translating Date and Time Sublabels",
            "content": [
                {
                    "text": "To translate the \"Date\" and \"Time\" sublabels in the Date/Time field, you can use this code snippet:"
                },
                {
                    "code": "\n``/**\n * Translate Date and Time sublabels in the Date/Time field\n *\n * @link https://wpforms.com/developers/customize-the-date-time-field-date-options\n */\nfunction custom_translate_date_time_sublabels( $properties, $field, $form_data ) {\n    // Check if the field is of type 'date-time'\n    if ( 'date-time' === $field['type'] ) {\n        // Change the sublabel for the date field\n        if ( isset( $properties['inputs']['date']['sublabel']['value'] ) ) {\n            $properties['inputs']['date']['sublabel']['value'] = __( 'Your Translated Date Label');\n        }\n        // Change the sublabel for the time field\n        if ( isset( $properties['inputs']['time']['sublabel']['value'] ) ) {\n            $properties['inputs']['time']['sublabel']['value'] = __( 'Your Translated Time Label');\n        }\n    }\n    return $properties;\n}\nadd_filter( 'wpforms_field_properties', 'custom_translate_date_time_sublabels', 10, 3 );\n"
                },
                {
                    "text": "To use this snippet:"
                },
                {
                    "text": "1. Replace 'Your Translated Date Label' with your desired translation for \"Date\""
                },
                {
                    "text": "2. Replace 'Your Translated Time Label' with your desired translation for \"Time\""
                },
                {
                    "text": "For example, to translate the labels to Spanish:"
                },
                {
                    "code": "\n$properties['inputs']['date']['sublabel']['value'] = __( 'Fecha');\n$properties['inputs']['time']['sublabel']['value'] = __( 'Tiempo');\n"
                },
                {
                    "image_link": "https://wpforms.com/wp-content/uploads/2024/11/translate-date-time-1024x292.png"
                },
                {
                    "text": "One final reminder, please remember that if you are using any of the code snippets in this doc, the form builder options for limiting should be turned off . To find out more about the built-in options for limiting the dates, please check out this documentation ."
                },
                {
                    "url": "https://wpforms.com/docs/how-to-limit-options-for-the-date-time-field/#limit-date"
                },
                {
                    "text": "And that's all you need to customize the Date Dropdown or Date Picker ! Would you like to customize the date picker to allow for a range of dates or multiple dates? Try out our tutorial on How to Allow Date Range or Multiple Dates in Date Picker ."
                },
                {
                    "url": "https://wpforms.com/developers/allow-date-range-or-multiple-dates-in-date-picker/"
                }
            ]
        },
        {
            "subtitle": "Reference Filter and Action",
            "content": [
                {
                    "text": "wpforms_datetime_date_dropdowns"
                },
                {
                    "url": "https://wpforms.com/developers/wpforms_datetime_date_dropdowns/"
                },
                {
                    "text": "wpforms_wp_footer_end"
                },
                {
                    "url": "https://wpforms.com/developers/wpforms_wp_footer_end/"
                }
            ]
        }
    ],
    "section": "Developers",
    "category": "Fields"
}