{
    "product_name": "WPForms",
    "document_id": 500,
    "document_name": "How to Send an Invoice Number Through to Authorize.net Payments",
    "document_url": "https://wpforms.com/developers/how-to-send-an-invoice-number-through-to-authorize-net-payments/",
    "author": "Editorial Team",
    "reviewer": "Molly Tyler",
    "date": "Updated: Jun 6, 2023, 12:42 PM",
    "version": "1.0",
    "title": "How to Send an Invoice Number Through to Authorize.net Payments",
    "content": [
        {
            "subtitle": "Introduction",
            "content": [
                {
                    "text": "Would you like to include the invoice number from your WPForms to any Authorize.net payment? Authorize.net will accept certain metadata they already have mapped to their payment API. In this tutorial, we'll show you how to send through a payment invoice number inside the Authorize.net payments."
                }
            ]
        },
        {
            "subtitle": "Creating your Authorize.net form",
            "content": [
                {
                    "text": "In order to set up your form to accept Authorize.net payments, please review this documentation ."
                },
                {
                    "url": "https://wpforms.com/docs/how-to-install-and-use-the-authorize-net-addon-with-wpforms/"
                },
                {
                    "image_link": "https://wpforms.com/wp-content/uploads/2020/09/wpforms-create-authorize-net-form.jpg"
                }
            ]
        },
        {
            "subtitle": "Adding the snippet to send an invoice number",
            "content": [
                {
                    "text": "Once your form is set up to accept these payments, you can now copy and paste this code snippet to your site ."
                },
                {
                    "url": "https://wpforms.com/developers/how-to-add-custom-php-or-javascript-for-wpforms/"
                },
                {
                    "text": "In our example below, we added a Hidden Field ( fields[20] ) form field that contains the Smart Tag {unique_value} to generate an invoice number when the form submits."
                },
                {
                    "url": "https://wpforms.com/docs/how-to-use-smart-tags-in-wpforms/#unique_value"
                },
                {
                    "code": "\n/*\n * Include an invoice number into the set of Authorize.Net args.\n *\n * @link  https://wpforms.com/developers/how-to-send-an-invoice-number-through-to-authorize-net-payments\n */\n\nfunction wpf_dev_authorize_net_process_payment_single_add_invoice_to_args( $args, $process ) {\n\t\n    // Replace 20 in $process->fields[20] to an id of your invoice field.\n    if ( isset( $process->fields[20][ 'value' ] ) ) {\n\t\t\n        $args[ 'invoice' ] = $process->fields[20][ 'value' ];\n\t\t\n    }\n\t\n    return $args;\n}\n\nadd_filter( 'wpforms_authorize_net_process_payment_single_args', 'wpf_dev_authorize_net_process_payment_single_add_invoice_to_args', 10, 2 );\n\n/**\n * Set the transaction order invoice number.\n *\n * @link  https://wpforms.com/developers/how-to-send-an-invoice-number-through-to-authorize-net-payments\n */\n \nfunction wpf_dev_authorize_net_process_transaction_add_invoice_to_transaction( $transaction, $args ) {\n    if ( ! isset( $args[ 'invoice' ] ) ) {\n        return $transaction;\n    }\n \n    $order = $transaction->getOrder();\n    if ( is_null( $order ) ) {\n        $order = new \\net\\authorize\\api\\contract\\v1\\OrderType();\n    }\n \n    $order->setInvoiceNumber( $args[ 'invoice' ] );\n \n    $transaction->setOrder( $order );\n \n    return $transaction;\n}\n \nadd_filter( 'wpforms_authorize_net_process_transaction', 'wpf_dev_authorize_net_process_transaction_add_invoice_to_transaction', 10, 2 );\n\n\n"
                },
                {
                    "text": "In the first code snippet, we're using the code to grab our invoice number so the API will know what field we want to pass through as the invoice number. Please remember to update this field ID to match the field ID of your form ."
                },
                {
                    "url": "https://wpforms.com/developers/how-to-locate-form-id-and-field-id/"
                },
                {
                    "text": "And that's it, when Authorize.net payments are sent through WPForms, they will now include the invoice number."
                },
                {
                    "image_link": "https://wpforms.com/wp-content/uploads/2020/09/wpforms-authorize-invoice-number.jpg"
                },
                {
                    "text": "Would you like to also learn how to send the address through to Authorize.net? Check out our tutorial on How to Send an Address Through to Authorize.net Payments ."
                },
                {
                    "url": "https://wpforms.com/developers/how-to-send-an-address-through-to-authorize-net-payments/"
                }
            ]
        },
        {
            "subtitle": "Related",
            "content": [
                {
                    "text": "Filter References:"
                },
                {
                    "text": "wpforms_authorize_net_process_payment_single_args"
                },
                {
                    "text": "wpforms_authorize_net_process_transaction"
                },
                {
                    "url": "https://wpforms.com/developers/wpforms_authorize_net_process_payment_single_args/"
                },
                {
                    "url": "https://wpforms.com/developers/wpforms_authorize_net_process_transaction/"
                }
            ]
        },
        {
            "subtitle": "FAQ",
            "content": []
        },
        {
            "subtitle": "Q: What if I don't have an invoice number?",
            "content": [
                {
                    "text": "A: In our above example, we're using a built-in Smart Tag for the {unique_value} to create an alpha-numeric random number. If you would rather control the unique value to be numeric only or a controlled count, just follow this tutorial ."
                },
                {
                    "url": "https://wpforms.com/developers/how-to-create-a-unique-id-for-each-form-entry/"
                }
            ]
        }
    ],
    "section": "Developers",
    "category": "Tutorials"
}