{
    "product_name": "WPForms",
    "document_id": 508,
    "document_name": "How to Add Material Design to Your Form Fields Using CSS",
    "document_url": "https://wpforms.com/developers/how-to-add-material-design-to-your-form-fields-using-css/",
    "author": "Editorial Team",
    "reviewer": "Molly Tyler",
    "date": "Updated: Mar 26, 2024, 15:10 PM",
    "version": "1.0",
    "title": "How to Add Material Design to Your Form Fields Using CSS",
    "content": [
        {
            "subtitle": "Creating your form",
            "content": [
                {
                    "text": "First, you'll need to create your form and add the fields you wish to add. If you need assistance in creating your form, please review this tutorial ."
                },
                {
                    "url": "https://wpforms.com/docs/creating-first-form/"
                },
                {
                    "text": "For the purpose of the tutorial, we're just creating a simple feedback form. Our example will include the Name , Email , Subject , and Paragraph Text form fields."
                },
                {
                    "image_link": "https://wpforms.com/wp-content/uploads/2020/08/wpforms-material-design-create-form.jpg"
                },
                {
                    "text": "It's important to remember that our tutorial focuses on adding this type of design only to fields that accept direct text input. Adding this type of design to all form fields may not have the desired effect that you're hoping for so remember to test your form first to make sure the look is exactly what you're going for."
                }
            ]
        },
        {
            "subtitle": "Material Design - PHP snippet",
            "content": [
                {
                    "text": "Next, we're going to add a small PHP snippet. We need to do this in order to move the label of the form field from before the form field to after."
                },
                {
                    "text": "For assistance on how to add a code snippet to your site, please review this tutorial ."
                },
                {
                    "url": "https://wpforms.com/developers/how-to-add-custom-php-or-javascript-for-wpforms/"
                },
                {
                    "code": "\n/**\n * Move label position from above form field to below\n *\n * @link https://wpforms.com/developers/how-to-add-material-design-to-your-form-fields-using-css/\n */\n\nfunction wpf_dev_display_field_before( $field, $form_data ) {\n    \n\t// Only run this snippet on form ID 697\n\tif ( absint( $form_data[ 'id' ] ) !== 697 ) {\n\treturn;\n\t}\n\t\n\t// Remove the action that sets the label before the form field\n    remove_action( 'wpforms_display_field_before', array( wpforms()->frontend, 'field_label' ), 15 );\n}\n \nadd_action( 'wpforms_display_field_before', 'wpf_dev_display_field_before', 10, 2 );\n \nfunction wpf_dev_display_field_after( $field, $form_data ) {\n\t\n\t// Only run this snippet on form ID 697\n\tif ( absint( $form_data[ 'id' ] ) !== 697 ) {\n\treturn;\n\t}\n \n\t// Set the label to appear after the form field is displayed\n    wpforms()->frontend->field_label( $field, $form_data );\n}\n \nadd_action( 'wpforms_display_field_after', 'wpf_dev_display_field_after', 10, 2 );\n\n"
                },
                {
                    "text": "This snippet will only run on the form ID 697 . If the form ID matches, our first function wpf_dev_display_field_before will remove the PHP action that sets the field label to display before the form field. The next function will then force the label to appear after the form field."
                }
            ]
        },
        {
            "subtitle": "Material Design - CSS snippet",
            "content": [
                {
                    "text": "Your final step is to add this CSS to your site that will add the Material design look to all of our form fields."
                },
                {
                    "text": "If you need any help in adding CSS to your site, please review this tutorial."
                },
                {
                    "url": "https://wpforms.com/developers/how-to-add-custom-css-styles-for-wpforms/"
                },
                {
                    "code": "\n#wpforms-form-697 { \n  float: left; \n  width: 100%; \n  text-align: center; \n  margin: 30px auto 30px auto; \n}\n\n#wpforms-form-697 .wpforms-field {\n  margin-left: auto;\n  margin-right: auto;\n  max-width: 300px;\n  margin-bottom: 15px;\n  position: relative;\n}\n\n#wpforms-form-697 .wpforms-field input, \n#wpforms-form-697 .wpforms-field textarea {\n  position: relative;\n  display: block;\n  width: 100%;\n  border: none;\n  border-bottom: 1px solid #ccc;\n  background-color: transparent;\n  margin: 0px auto;\n  padding: 5px;\n  outline: none !important;\n  font-size: 14px;\n  color: rgba(0,0,0,0.8);\n  background: -webkit-linear-gradient(bottom, #51BBBE 50%, #51BBBE 50%);\n  background: linear-gradient(to top, #51BBBE 50%, #51BBBE 50%);\n  background-position: left bottom;\n  background-size: 0 1px;\n  background-repeat: no-repeat;\n  transition: all .2s ease-in-out;\n  max-width: 100%;\n}\n\n#wpforms-form-697 .wpforms-field label.wpforms-field-label {\n  text-align: left;\n  text-transform: uppercase;\n  font-size: 13px;\n  font-weight: 200;\n  background: transparent;\n  color: rgba(0,0,0,0.6);\n  margin: 0px auto;\n  cursor: text;\n  transition: all .15s ease-in-out;\n}\n \n#wpforms-form-697 .wpforms-field input:focus, \n#wpforms-form-697 .wpforms-field textarea:focus { \n  border-bottom: 1px solid #51BBBE;\n  box-shadow: none;\n}\n\n#wpforms-form-697 .wpforms-field input:focus,\n#wpforms-form-697 .wpforms-field textarea:focus { \n  background-position: left bottom;\n  background-size: 100% 1px;\n}\n\n#wpforms-form-697 .wpforms-field input:focus + label.wpforms-field-label,\n#wpforms-form-697 .wpforms-field textarea:focus + label.wpforms-field-label { \n  color: #51BBBE;\n}\n\n.wpforms-field.wpforms-has-error input.wpforms-error, \n.wpforms-field.wpforms-has-error textarea.wpforms-error {\n    border-bottom: 1px solid #e57373 !important;\n    background-color: transparent;\n    background: transparent !important;\n}\n\n.wpforms-field.wpforms-has-error label.wpforms-field-label, \n.wpforms-field.wpforms-has-error label.wpforms-error {\n\tcolor: #e57373 !important;\n}\n"
                },
                {
                    "image_link": "https://wpforms.com/wp-content/uploads/2020/08/wpforms-material-design.jpg"
                },
                {
                    "text": "And that's it! You've now added the Material Design look to your form fields! If you'd like to try out some other CSS solutions, take a look at all of our Styling Documentation ."
                },
                {
                    "url": "https://wpforms.com/categories/docs/styling/"
                }
            ]
        },
        {
            "subtitle": "Reference Actions",
            "content": [
                {
                    "text": "wpforms_display_field_after"
                },
                {
                    "text": "wpforms_display_field_before"
                },
                {
                    "url": "https://wpforms.com/developers/wpforms_display_field_after/"
                },
                {
                    "url": "https://wpforms.com/developers/wpforms_display_field_before/"
                }
            ]
        }
    ],
    "section": "Developers",
    "category": "Tutorials"
}