{
    "product_name": "WPForms",
    "document_id": 367,
    "document_name": "wpforms_form_pages_content_before",
    "document_url": "https://wpforms.com/developers/wpforms_form_pages_content_before/",
    "author": null,
    "reviewer": null,
    "date": null,
    "version": "1.0",
    "title": "wpforms_form_pages_content_before",
    "content": [
        {
            "subtitle": "Description",
            "content": [
                {
                    "text": "The wpforms_form_pages_content_before action fires before a form is displayed on the site's frontend, and the form was created with the Form Pages addon."
                }
            ]
        },
        {
            "subtitle": "Parameters",
            "content": [
                {
                    "text": "This action does not accept any parameters."
                }
            ]
        },
        {
            "subtitle": "More Information",
            "content": [
                {
                    "text": "The wpforms_form_pages_content_before only fires for forms created with the Form Pages addon. It executes early on in the output rendering process."
                },
                {
                    "text": "An alternate action to consider is wpforms_form_pages_content_after , as it functions similarly."
                },
                {
                    "url": "https://wpforms.com/developers/wpforms_frontend_output_after/"
                }
            ]
        },
        {
            "subtitle": "Source",
            "content": [
                {
                    "text": "wpforms-form-pages/templates/single-form.php"
                }
            ]
        },
        {
            "subtitle": "Examples",
            "content": [
                {
                    "text": "In this example, we're going to post a link to our full digital catalog prior to displaying the form."
                },
                {
                    "code": "\n/**\n * Output something before your Form Pages form(s) using the Fires before a form is displayed on the site\u2019s frontend, only if the form exists, contains fields, and was created with the <strong>Form Pages</strong> addon.\n action.\n * \n * @link  https://wpforms.com/developers/wpforms_form_pages_content_before/\n */\nfunction wpf_dev_form_pages_content_before( ) {\n     \n \n    // Run code or see example echo statement below.\n    _e( 'If you would like to download our digital catalog, <a href=\"http://yourlinkurl.com/\" target=\"_blank\">click here</a>.', 'plugin-domain' );\n \n}\nadd_action( 'wpforms_form_pages_content_before', 'wpf_dev_form_pages_content_before');\n\n"
                },
                {
                    "image_link": "https://wpforms.com/wp-content/uploads/2021/06/wpforms-display-before-form-pages.jpg"
                }
            ]
        }
    ],
    "section": "Developers",
    "category": "Actions Hooks"
}