{
    "product_name": "WPForms",
    "document_id": 122,
    "document_name": "How To Customize the Modern Dropdown Field",
    "document_url": "https://wpforms.com/developers/how-to-customize-the-modern-dropdown-field/",
    "author": "Editorial Team",
    "reviewer": "Molly Tyler",
    "date": "Updated: May 21, 2024, 14:34 PM",
    "version": "1.0",
    "title": "How To Customize the Modern Dropdown Field",
    "content": [
        {
            "subtitle": "Creating your form",
            "content": [
                {
                    "text": "First, you'll need to create your form and add your fields with at least one Dropdown form field included in the form."
                },
                {
                    "image_link": "https://wpforms.com/wp-content/uploads/2021/06/wpforms-create-form-modern-dropdown-1.jpg"
                },
                {
                    "text": "If you need any help creating your form, please review this documentation ."
                },
                {
                    "url": "https://wpforms.com/docs/creating-first-form/"
                },
                {
                    "text": "Once you've added your Dropdown field, click the Advanced tab and select Modern for the Style of the dropdown."
                },
                {
                    "image_link": "https://wpforms.com/wp-content/uploads/2021/06/wpforms-limit-modern-dropdown-search.jpg"
                }
            ]
        },
        {
            "subtitle": "Customizing the modern dropdown",
            "content": [
                {
                    "text": "Now it's time to add the code snippet to customize the Modern Dropdown field."
                },
                {
                    "text": "If you need any help adding snippets to your site, please see this tutorial ."
                },
                {
                    "url": "https://wpforms.com/developers/how-to-add-custom-php-or-javascript-for-wpforms/"
                },
                {
                    "code": "\n/**\n * Customize modern dropdown search results\n *\n * @link https://wpforms.com/developers/how-to-customize-the-modern-dropdown-field/\n */\n\nfunction wpf_dev_modern_dropdown_search_results( $config, $forms ) {\n\t\n\t// Change 519 to an ID of your actual form or remove this condition to apply to all forms.\n\tif ( ! array_key_exists( 519, $forms ) ) {\n        return $config;\n\t}\n\t\n\t// Change 6 to a large number to show all the matching results for every search (might impact performance).\n\t$config[ 'searchResultLimit' ] = 6;\n\t\n\treturn $config;\n}\nadd_filter( 'wpforms_field_select_choicesjs_config', 'wpf_dev_modern_dropdown_search_results', 10, 2 );\n"
                },
                {
                    "text": "Remember to change the 519 to match your own form ID."
                },
                {
                    "text": "If you're not sure how to find your form ID, please visit this tutorial ."
                },
                {
                    "url": "https://wpforms.com/developers/how-to-locate-form-id-and-field-id/"
                },
                {
                    "text": "Once you've added the snippet and updated the form ID, the last step is to set the searchResultLimit to the number you want to show as your users type into the search box. In our example, we only want to show the 6 top results."
                },
                {
                    "image_link": "https://wpforms.com/wp-content/uploads/2021/06/wpforms-limit-modern-dropdown.jpg"
                },
                {
                    "text": "And that's all you need! Would you also like to change the text that displays when no results are found? Take a look at our tutorial on How to Change the No Results Found Text in the Modern Dropdown Field."
                },
                {
                    "url": "https://wpforms.com/developers/how-to-change-the-no-results-found-text-in-the-modern-dropdown-field/"
                }
            ]
        },
        {
            "subtitle": "Reference Filter",
            "content": [
                {
                    "text": "wpforms_field_select_choicesjs_config"
                },
                {
                    "url": "https://wpforms.com/developers/wpforms_field_select_choicesjs_config/"
                }
            ]
        },
        {
            "subtitle": "FAQ",
            "content": []
        },
        {
            "subtitle": "Q: Can I limit the dropdown to only select 2 items?",
            "content": [
                {
                    "text": "A: Absolutely! First, you'll have to edit the Modern Dropdown field and on the Advanced tab and toggle to option to enable Multiple Options Selection ."
                },
                {
                    "image_link": "https://wpforms.com/wp-content/uploads/2021/06/wpforms-limit-selection-modern-dropdown.jpg"
                },
                {
                    "text": "Once you've enabled this option, you can add this snippet to your site."
                },
                {
                    "code": "\n/**\n * Customize modern dropdown search results\n *\n * @link https://wpforms.com/developers/how-to-customize-the-modern-dropdown-field/\n */\n\nfunction wpf_dev_modern_dropdown_select_limit( $config, $forms ) {\n     \n    // Change 519 to an ID of your actual form or remove this condition to apply to all forms.\n    if ( ! array_key_exists( 519, $forms ) ) {\n        return $config;\n    }\n     \n    // Change 2 to a large number to show all the matching results for every search (might impact performance).\n    $config[ 'maxItemCount' ] = 2;\n\n    // Modify the 'maxItemText' to make it translatable when limiting the selections.\n    $config['maxItemText'] = sprintf( __( 'Only %1$s values can be added', 'wpforms' ), $config['maxItemCount'] );\n     \n    return $config;\n}\nadd_filter( 'wpforms_field_select_choicesjs_config', 'wpf_dev_modern_dropdown_select_limit', 10, 2 );\n"
                },
                {
                    "image_link": "https://wpforms.com/wp-content/uploads/2021/06/wpforms-limit-frontend.jpg"
                }
            ]
        },
        {
            "subtitle": "Q: How can I make my search return more of an exact match?",
            "content": [
                {
                    "text": "A: You can change the threshold value to be more specific with your search. Just add this snippet to your site."
                },
                {
                    "code": "\n/**\n * Return more specific results\n *\n * @link https://wpforms.com/developers/how-to-customize-the-modern-dropdown-field/\n */\n\nfunction wpf_dev_modern_dropdown_select_search( $config, $forms ) {\n     \n    // Providing more specific search results \n    // This will be added to all WPForms Modern Dropdown field for the search bar\n    $config[ 'fuseOptions' ] = array(\n\t\t'threshold' =>  0.1\n\t);\n      \n    return $config;\n}\nadd_filter( 'wpforms_field_select_choicesjs_config', 'wpf_dev_modern_dropdown_select_search', 10, 2 );\n"
                }
            ]
        }
    ],
    "section": "Developers",
    "category": "Fields"
}