{
    "product_name": "WPForms",
    "document_id": 627,
    "document_name": "Adding Choices in Bulk",
    "document_url": "https://wpforms.com/docs/how-to-bulk-add-choices-for-multiple-choice-checkbox-and-dropdown-fields/",
    "author": "David Ozokoye",
    "reviewer": "Claire Broadley",
    "date": "Updated: Sep 27, 2024",
    "version": "1.0",
    "title": "Adding Choices in Bulk",
    "content": [
        {
            "subtitle": "Creating a Form",
            "content": [
                {
                    "text": "Before getting started, you'll first need to make sure WPForms is installed and activated on your WordPress site and that you've verified your license. Then, you can create a new form or edit an existing one to access the form builder."
                },
                {
                    "url": "https://wpforms.com/docs/creating-first-form/"
                },
                {
                    "text": "Explore our customizable Country Dropdown Form Template if you'd like to speed up your form creation process."
                },
                {
                    "url": "https://wpforms.com/templates/country-dropdown-contact-form-template/"
                },
                {
                    "text": "Once the form builder is open, you'll be able to bulk add selection options to any of the following field types:"
                },
                {
                    "text": "Dropdown"
                },
                {
                    "text": "Multiple Choice"
                },
                {
                    "text": "Checkboxes"
                },
                {
                    "url": "https://wpforms.com/docs/how-to-customize-the-dropdown-field-in-wpforms/"
                },
                {
                    "url": "https://wpforms.com/docs/how-to-customize-the-multiple-choice-field-in-wpforms/"
                },
                {
                    "url": "https://wpforms.com/docs/how-to-customize-the-checkboxes-field-in-wpforms/"
                },
                {
                    "text": "The Multiple Choice field allows users to select only one option at a time. If you'd like to allow users to choose multiple options when filling out your form, we suggest using the Checkboxes field instead."
                },
                {
                    "url": "https://wpforms.com/docs/how-to-customize-the-multiple-choice-field-in-wpforms/"
                },
                {
                    "url": "https://wpforms.com/docs/how-to-customize-the-checkboxes-field-in-wpforms/"
                },
                {
                    "text": "For this example, we'll add a Dropdown field."
                },
                {
                    "image_link": "https://wpforms.com/wp-content/uploads/2021/10/add-dropdown-field.png"
                },
                {
                    "text": "If you click on the Dropdown field you've just added, you'll be able to see its Field Options. By default, there will be three placeholder options auto-generated for you. We'll show you 2 ways to bulk add choices in WPForms."
                }
            ]
        },
        {
            "subtitle": "Using WPForms AI",
            "content": [
                {
                    "text": "WPForms comes with a built-in AI feature that lets you generate choices on the Multiple Choice, Checkboxes and Dropdown fields. To use this feature, click the Generate Choices button."
                },
                {
                    "image_link": "https://wpforms.com/wp-content/uploads/2024/09/generate-choices.png"
                },
                {
                    "text": "In the overlay that appears, you'll see some example prompts you can use to generate choices on your form."
                },
                {
                    "image_link": "https://wpforms.com/wp-content/uploads/2024/09/generate-choices-overlay.png"
                },
                {
                    "text": "In the text field, you'll be able to enter a prompt with details about the type of choices you'd like to generate."
                },
                {
                    "image_link": "https://wpforms.com/wp-content/uploads/2024/09/generate-choices-input-field.png"
                },
                {
                    "text": "After entering your prompt, WPForms AI will generate choices based on the prompt. If you'd like to modify the generated choices, simply reply to the dialog with the changes you want to implement. When you're happy with the list, click the Insert Choices button to add them to your form."
                },
                {
                    "image_link": "https://wpforms.com/wp-content/uploads/2024/09/insert-choices-1.png"
                },
                {
                    "text": "To learn more about generating choices with WPForms AI, be sure to check our tutorial on using AI Choices ."
                },
                {
                    "url": "https://wpforms.com/docs/generating-form-choices-with-wpforms-ai/"
                }
            ]
        },
        {
            "subtitle": "Using the Bulk Add Feature",
            "content": [
                {
                    "text": "To bulk add more options, click the Bulk Add button."
                },
                {
                    "image_link": "https://wpforms.com/wp-content/uploads/2024/09/bulk-add.png"
                },
                {
                    "text": "From here, an input field will drop down where you can choose between creating your own choices or adding preset choices."
                },
                {
                    "image_link": "https://wpforms.com/wp-content/uploads/2021/10/bulk-add-choices-input-field.png"
                },
                {
                    "text": "We'll go over how to add custom and preset choices in the next steps."
                }
            ]
        },
        {
            "subtitle": "Adding Custom Choices",
            "content": [
                {
                    "text": "If you'd like to bulk add a list of custom choices, you can type them right into the Add Choices (one per line) box. Just be sure to only put one option on each line."
                },
                {
                    "image_link": "https://wpforms.com/wp-content/uploads/2021/10/add-custom-options.png"
                },
                {
                    "text": "If you have an existing list, you can even copy and paste that right into this box. Just remember to double-check that the options are formatted the way you want."
                },
                {
                    "text": "Once you've added all of the choices you want, you can just click the Add New Choices button. All choices will automatically be added to the list, below any existing choices."
                },
                {
                    "image_link": "https://wpforms.com/wp-content/uploads/2021/10/click-add-new-choices-button.png"
                }
            ]
        },
        {
            "subtitle": "Adding Preset Choices",
            "content": [
                {
                    "text": "If you'd like to add a pre-made list of choices, you can select the Show presets option."
                },
                {
                    "image_link": "https://wpforms.com/wp-content/uploads/2021/10/click-show-presets.png"
                },
                {
                    "text": "Once you've clicked this, a list of preset options will appear."
                },
                {
                    "image_link": "https://wpforms.com/wp-content/uploads/2021/10/bulk-add-presets.png"
                },
                {
                    "text": "Here is a list of the available preset options:"
                },
                {
                    "text": "Countries: The full names of all countries"
                },
                {
                    "text": "Countries Postal Code: The 2-letter code for all countries"
                },
                {
                    "text": "States: The full names of all US states"
                },
                {
                    "text": "States Postal Code: The 2-letter code for all US states"
                },
                {
                    "text": "Months: The full name of all months of the year"
                },
                {
                    "text": "Days: The full name of all days of the week"
                },
                {
                    "text": "By clicking any of these preset options, the corresponding list will automatically be populated for you. Now, you have the chance to make any changes to the list before the choices are actually added."
                },
                {
                    "text": "For our example, we'll use the preset option to bulk add the full list of states to our dropdown."
                },
                {
                    "image_link": "https://wpforms.com/wp-content/uploads/2021/10/bulk-add-states.png"
                },
                {
                    "text": "This list already looks just how we want, so we're going to click the Add New Choices button."
                },
                {
                    "image_link": "https://wpforms.com/wp-content/uploads/2021/10/click-add-new-choices-button-for-presets.png"
                },
                {
                    "text": "Any choices that already existed will still be in place, and the new options will be added below those."
                }
            ]
        },
        {
            "subtitle": "Removing Unwanted Choices",
            "content": [
                {
                    "text": "The last step is to remove any choices that you don't want available. In our example, we want to remove the default choices."
                },
                {
                    "text": "To delete any choices you don't want to keep, simply click the minus ( - ) button."
                },
                {
                    "image_link": "https://wpforms.com/wp-content/uploads/2021/10/click-minus-icon.png"
                }
            ]
        },
        {
            "subtitle": "Frequently Asked Questions",
            "content": [
                {
                    "text": "These are answers to some of the top questions we see about adding choices in bulk."
                }
            ]
        },
        {
            "subtitle": "Can I allow users to search through options in a Dropdown?",
            "content": [
                {
                    "text": "Absolutely! You can add search functionality by navigating to the Advanced tab and enabling the Modern style."
                },
                {
                    "image_link": "https://wpforms.com/wp-content/uploads/2021/10/modern-style-dropdown.png"
                },
                {
                    "text": "Here's an example of how things might look on the frontend of your site:"
                },
                {
                    "image_link": "https://wpforms.com/wp-content/uploads/2020/08/Searchable-Dropdown-in-WPForms.png"
                },
                {
                    "text": "Note: If you'd like more information on how you can change the Dropdown field's look or functionality, be sure to check out our tutorial on Dropdown field customization options ."
                },
                {
                    "url": "https://wpforms.com/docs/how-to-customize-the-dropdown-field-in-wpforms/"
                },
                {
                    "text": "That's it! You can now bulk add choices to any Dropdown, Multiple Choice, and Checkboxes field."
                },
                {
                    "text": "Now that you probably have a long list of options, would you like to be able to display your Multiple Choice and Checkboxes fields in a more user-friendly layout? Check out our tutorial on creating multi-column layouts ."
                },
                {
                    "url": "https://wpforms.com/docs/how-to-create-a-multi-column-layout-for-radio-buttons-and-checkboxes/"
                }
            ]
        }
    ],
    "section": "Documentation",
    "category": "Field Customizations"
}