{
    "product_name": "WPForms",
    "document_id": 353,
    "document_name": "Testing Forms Before Launching",
    "document_url": "https://wpforms.com/docs/how-to-properly-test-your-wordpress-forms-before-launching-checklist/",
    "author": "Umair Majeed",
    "reviewer": "David Ozokoye",
    "date": "Updated: Aug 27, 2024",
    "version": "1.0",
    "title": "Testing Forms Before Launching",
    "content": [
        {
            "subtitle": "Previewing Your Form",
            "content": [
                {
                    "text": "WPForms makes it easy to test your form before adding it to a page or post on your site. To do so, go to WPForms \" All Forms . Then hover over the form title to display an additional menu of options. Once the options appear, click Preview ."
                },
                {
                    "image_link": "https://wpforms.com/wp-content/uploads/2018/03/previewing-form-for-testing.png"
                },
                {
                    "text": "We recommend using this form preview as you check through the questions below."
                }
            ]
        },
        {
            "subtitle": "Testing Your Form's Functionality",
            "content": [
                {
                    "text": "Once you've opened your form's preview, ask the following questions to determine if it's functioning as expected."
                }
            ]
        },
        {
            "subtitle": "1. Is Form Validation Working Properly?",
            "content": [
                {
                    "text": "Validation messages help users easily see if they skipped a required field or entered a value with an incorrect format."
                },
                {
                    "text": "To test if validation is working, try submitting your form without filling out the required fields. Any empty, required fields should display a red message that states, \"This field is required.\""
                },
                {
                    "image_link": "https://wpforms.com/wp-content/uploads/2018/03/required-field-validation-1.png"
                },
                {
                    "text": "Next, try entering an incorrect format into any field that has format rules, such as the Email field. When you try to submit the form, it should display a red message asking you to enter your input using the proper format."
                },
                {
                    "image_link": "https://wpforms.com/wp-content/uploads/2018/03/field-format-validation-1.png"
                },
                {
                    "text": "If validation messages aren't displaying properly, the next step is to check for a code conflict ."
                },
                {
                    "url": "https://wpforms.com/docs/how-to-test-for-theme-or-plugin-conflicts/"
                },
                {
                    "text": "Note: For customization options, be sure to check out our tutorial on changing validation messages ."
                },
                {
                    "url": "https://wpforms.com/docs/customize-wpforms-validation-messages/"
                }
            ]
        },
        {
            "subtitle": "2. Does the Form Notification Email Deliver Successfully?",
            "content": [
                {
                    "text": "When enabled and set up properly, notification emails will automatically be sent out as soon as a user submits your form."
                },
                {
                    "url": "https://wpforms.com/docs/setup-form-notification-wpforms/"
                },
                {
                    "text": "However, due to server configuration issues or spam filtering by the recipient's email provider, sometimes emails aren't able to be delivered successfully."
                },
                {
                    "text": "To test your notifications, go ahead and submit your form. Then, check to be sure that the email arrived in your inbox (or that of the intended recipient)."
                },
                {
                    "text": "If your form's notification email didn't arrive or was marked as spam, or if you'd like to avoid delivery issues potentially developing in the future, the next step is to set up SMTP on your site. This will authenticate your emails so that they consistently deliver successfully."
                },
                {
                    "text": "For all the details, as well as step-by-step setup instructions, be sure to check out our tutorial on recommended SMTP solutions ."
                },
                {
                    "url": "https://wpforms.com/docs/how-to-fix-wordpress-contact-form-not-sending-email-with-smtp/"
                },
                {
                    "text": "For a full guidance on how to fix notification issues, refer to our guide to troubleshooting form notification emails ."
                },
                {
                    "url": "https://wpforms.com/docs/troubleshooting-email-notifications/"
                }
            ]
        },
        {
            "subtitle": "3. Is Conditional Logic Working Properly?",
            "content": [
                {
                    "text": "To test your form's conditional logic, be sure to try out any conditions that you've added to your form."
                },
                {
                    "text": "If conditional logic isn't working as expected, the best next step is to double-check the condition rules for any possible issues. If the rules appear correct and logical, the next step is to check for a code conflict ."
                },
                {
                    "url": "https://wpforms.com/docs/how-to-use-conditional-logic-with-wpforms/"
                },
                {
                    "url": "https://wpforms.com/docs/how-to-test-for-theme-or-plugin-conflicts/"
                }
            ]
        },
        {
            "subtitle": "4. Are New Subscribers Added to Your Marketing Platform When a Form Is Submitted?",
            "content": [
                {
                    "text": "If you've connected any marketing services to your forms to collect leads, submit a test entry and check your mailing list to be sure a new contact has been added."
                },
                {
                    "text": "Should you see any issues with your email marketing integration, the best next step is to check back through the setup tutorial for the addon you're using."
                },
                {
                    "text": "Here are the relevant tutorials for our available marketing integration options:"
                },
                {
                    "text": "Constant Contact"
                },
                {
                    "text": "Mailchimp"
                },
                {
                    "text": "Drip"
                },
                {
                    "text": "AWeber"
                },
                {
                    "text": "GetResponse"
                },
                {
                    "text": "Campaign Monitor"
                },
                {
                    "text": "ActiveCampaign"
                },
                {
                    "text": "Salesforce"
                },
                {
                    "text": "Brevo (Sendinblue)"
                },
                {
                    "text": "HubSpot"
                },
                {
                    "text": "ConvertKit"
                },
                {
                    "text": "MailerLite"
                },
                {
                    "url": "https://wpforms.com/docs/how-to-connect-constant-contact-with-wpforms/"
                },
                {
                    "url": "https://wpforms.com/docs/install-use-mailchimp-addon-wpforms/"
                },
                {
                    "url": "https://wpforms.com/docs/how-to-install-and-use-the-drip-addon-in-wpforms/"
                },
                {
                    "url": "https://wpforms.com/docs/install-use-aweber-addon-wpforms/"
                },
                {
                    "url": "https://wpforms.com/docs/how-to-install-and-use-getresponse-addon-with-wpforms/"
                },
                {
                    "url": "https://wpforms.com/docs/how-to-install-and-use-campaign-monitor-addon-with-wpforms/"
                },
                {
                    "url": "https://wpforms.com/docs/how-to-install-and-use-the-activecampaign-addon-with-wpforms/"
                },
                {
                    "url": "https://wpforms.com/docs/how-to-install-and-use-the-salesforce-addon-with-wpforms/"
                },
                {
                    "url": "https://wpforms.com/docs/how-to-install-and-use-the-sendinblue-addon-with-wpforms/"
                },
                {
                    "url": "https://wpforms.com/docs/how-to-install-and-use-the-hubspot-addon-in-wpforms/"
                },
                {
                    "url": "https://wpforms.com/docs/convertkit-addon/"
                },
                {
                    "url": "https://wpforms.com/docs/install-use-mailerlite-addon-wpforms/"
                },
                {
                    "text": "Additionally, you can use our Zapier addon , Uncanny Automator integration , or Webhooks addon to connect your site to marketing platforms that we don't yet have dedicated integrations with. If you do so, make sure to test these connections, too."
                },
                {
                    "url": "https://wpforms.com/docs/how-to-install-and-use-zapier-addon-with-wpforms/"
                },
                {
                    "url": "https://wpforms.com/docs/how-to-use-uncanny-automator-with-wpforms/"
                },
                {
                    "url": "https://wpforms.com/docs/how-to-install-and-use-the-webhooks-addon-with-wpforms/"
                },
                {
                    "text": "Note: Want to explore some of our ready-to-use form templates? Check out our gallery of marketing integration form templates to help you get started."
                },
                {
                    "url": "https://wpforms.com/templates/category/marketing/"
                }
            ]
        },
        {
            "subtitle": "5. Are Test Payments Successful?",
            "content": [
                {
                    "text": "Our payment addons include options to test their functionality before accepting real payments. For more details, please see our payment integration tutorials:"
                },
                {
                    "text": "Stripe"
                },
                {
                    "text": "Square"
                },
                {
                    "text": "PayPal"
                },
                {
                    "text": "Authorize.Net"
                },
                {
                    "url": "https://wpforms.com/docs/how-to-test-stripe-payments-on-your-site/"
                },
                {
                    "url": "https://wpforms.com/docs/how-to-test-square-payments-on-your-site/"
                },
                {
                    "url": "https://wpforms.com/docs/how-to-test-paypal-payments-before-accepting-real-payments/"
                },
                {
                    "url": "https://wpforms.com/docs/how-to-test-authorize-net-payments-before-accepting-real-payments/"
                },
                {
                    "text": "Note: Before adding your form to a live page on your site, be sure to switch the payment settings to Live mode."
                }
            ]
        },
        {
            "subtitle": "6. Is It Clear Exactly What Content and Format You'd Like for Each Field?",
            "content": [
                {
                    "text": "Some fields, such as the Phone and Email fields, require users to input text in a specific format."
                },
                {
                    "text": "If you have a field in your form that needs to be filled out using a certain format, you can show users how the input should look using the field label, description , or placeholder text ."
                },
                {
                    "url": "https://wpforms.com/docs/how-to-add-extra-text-and-descriptions-to-forms/#field-labels-desc-place"
                },
                {
                    "url": "https://wpforms.com/docs/how-to-add-placeholder-text-to-a-form-field/"
                },
                {
                    "image_link": "https://wpforms.com/wp-content/uploads/2018/03/phone-field-placeholder-text.png"
                }
            ]
        },
        {
            "subtitle": "7. Is Your Form Too Long?",
            "content": [
                {
                    "text": "Shorter forms are easier for users to complete. If your form requires more than a few fields, there are several ways you can make it feel less overwhelming to users, such as:"
                },
                {
                    "text": "Creating columns with the Layout field"
                },
                {
                    "text": "Displaying Multiple Choice and Checkboxes options in columns"
                },
                {
                    "text": "Splitting your form up with section dividers"
                },
                {
                    "text": "Dividing your form into multiple pages with a progress bar"
                },
                {
                    "text": "Hiding some fields with conditional logic"
                },
                {
                    "url": "https://wpforms.com/docs/how-to-use-the-layout-field-in-wpforms/"
                },
                {
                    "url": "https://wpforms.com/docs/how-to-create-a-multi-column-layout-for-radio-buttons-and-checkboxes/"
                },
                {
                    "url": "https://wpforms.com/docs/how-to-create-multi-page-forms-in-wpforms/"
                },
                {
                    "url": "https://wpforms.com/docs/how-to-use-conditional-logic-with-wpforms/"
                }
            ]
        },
        {
            "subtitle": "8. Does Your Form Work Well on Mobile Devices?",
            "content": [
                {
                    "text": "WPForms is designed to be mobile-responsive and will adapt to look great on devices such as smartphones and tablets."
                },
                {
                    "text": "However, depending on your customizations and site theme, additional adjustments may be needed to ensure users can fill out your forms no matter what device they're using."
                },
                {
                    "text": "To test your form's responsiveness, try filling out and submitting the form in your phone's browser."
                },
                {
                    "text": "Note: If you used a multi-column layout in your form, be sure to adapt it to a single column for mobile ."
                },
                {
                    "url": "https://wpforms.com/docs/how-to-create-multi-column-form-layouts-in-wpforms/"
                },
                {
                    "url": "https://wpforms.com/docs/how-to-display-fields-in-a-single-column-on-mobile/"
                }
            ]
        },
        {
            "subtitle": "9. Is Your Form Secure From Spam?",
            "content": [
                {
                    "text": "Keeping your forms secure is key to avoiding spam and keeping the data you collect safe and clean. WPForms makes this easy for you with a variety of anti-spam options. These include built-in modern anti-spam protection, Akismet anti-spam integration, and the option to add CAPTCHAs."
                },
                {
                    "image_link": "https://wpforms.com/wp-content/uploads/2018/03/completed-captcha.png"
                },
                {
                    "text": "Beyond these, WPForms offers advanced settings, such as country and keyword filters. These features empower you to block spam entries from specific locations or containing certain words."
                },
                {
                    "text": "For all the details, as well as step-by-step setup instructions, be sure to check out our tutorial on preventing spam in WPForms ."
                },
                {
                    "url": "https://wpforms.com/docs/how-to-prevent-spam-in-wpforms"
                },
                {
                    "text": "That's it! You can now use this checklist to test your forms before adding them to your site."
                },
                {
                    "text": "Next, would you like to learn more about entry management in WPForms? Be sure to check out our guide to form entries to see all the details."
                },
                {
                    "url": "https://wpforms.com/docs/complete-guide-to-form-entries/"
                }
            ]
        }
    ],
    "section": "Documentation",
    "category": "Getting Started"
}