{
    "product_name": "WPForms",
    "document_id": 649,
    "document_name": "wpforms_save_resume_tasks_deleteexpiredentriestask_expire_period",
    "document_url": "https://wpforms.com/developers/wpforms_save_resume_tasks_deleteexpiredentriestask_expire_period/",
    "author": null,
    "reviewer": null,
    "date": null,
    "version": "1.0",
    "title": "wpforms_save_resume_tasks_deleteexpiredentriestask_expire_period",
    "content": [
        {
            "subtitle": "Description",
            "content": [
                {
                    "text": "The wpforms_save_resume_tasks_deleteexpiredentriestask_expire_period filter is used to determine how many days should pass before Partial entries are deleted when using the Save and Resume addon ."
                }
            ]
        },
        {
            "subtitle": "Parameters",
            "content": [
                {
                    "text": "$expire_period: (int) (Required)Number of days to delete partial entries from the entries table. Default days are set to 30."
                }
            ]
        },
        {
            "subtitle": "Source",
            "content": [
                {
                    "text": "wpforms-save-resume/src/Tasks/DeleteExpiredEntriesTask.php"
                }
            ]
        },
        {
            "subtitle": "More Information",
            "content": [
                {
                    "text": "The filter is used to determine how many days should pass before partial entries should be removed from the form when using the Save and Resume addon."
                },
                {
                    "text": "By altering the default setting of this filter, this will not automatically delete these entries without manually running the pending scheduled action. To run this action manually, head to WPForms \" Tools \" Scheduled Actions , and from the Pending section, look for the wpforms_save_resume_clean action. Under this task, you'll see an option to Run or Cancel . Select Run to manually run this task and remove these partial entries."
                },
                {
                    "image_link": "https://wpforms.com/wp-content/uploads/2022/01/wpforms-run-task-manually.jpg"
                }
            ]
        },
        {
            "subtitle": "Example",
            "content": [
                {
                    "code": "\n/*\n * Set the number of days to delete partial entries when using the Save and Resume addon\n *\n * @link https://wpforms.com/developers/wpforms_save_resume_tasks_deleteexpiredentriestask_expire_period/\n * \n * @param $expire_period Number of days to delete.\n * return int\n */\n\nfunction wpf_dev_delete_expired_entries( $expire_period ) {\n \n    // deleted partials after 15 days\n    return '-15 days'; \n\n}\n\nadd_filter( 'wpforms_save_resume_tasks_deleteexpiredentriestask_expire_period', 'wpf_dev_delete_expired_entries', 10, 1 );\n\n"
                },
                {
                    "text": "You can also use this filter to change it to minutes as well."
                },
                {
                    "code": "\n/*\n * Set the number of days to delete partial entries when using the Save and Resume addon\n *\n * @link https://wpforms.com/developers/wpforms_save_resume_tasks_deleteexpiredentriestask_expire_period/\n * \n * @param $expire_period Number of days to delete.\n * return int\n */\n\nfunction wpf_dev_delete_expired_entries( $expire_period ) {\n \n    // delete partials after 1 minute\n    return '-60 seconds'; \n\n}\n\nadd_filter( 'wpforms_save_resume_tasks_deleteexpiredentriestask_expire_period', 'wpf_dev_delete_expired_entries', 10, 1 );\n\n"
                }
            ]
        },
        {
            "subtitle": "Reference Articles",
            "content": [
                {
                    "text": "How to Change the Expiry Date On Partial Entries"
                },
                {
                    "url": "https://wpforms.com/developers/how-to-change-the-expiry-date-on-partial-entries/"
                }
            ]
        }
    ],
    "section": "Developers",
    "category": "Filters Hooks"
}