{
    "product_name": "WPForms",
    "document_id": 328,
    "document_name": "Using Form Templates",
    "document_url": "https://wpforms.com/docs/how-to-use-form-templates-in-wpforms/",
    "author": "David Ozokoye",
    "reviewer": "Molly Tyler",
    "date": "Updated: Nov 4, 2024",
    "version": "1.0",
    "title": "Using Form Templates",
    "content": [
        {
            "subtitle": "Viewing Form Templates",
            "content": [
                {
                    "text": "WPForms makes it quick and easy to browse form templates right from the WordPress admin dashboard. To view the templates, log in to your WordPress admin area and go to WPForms \" Form Templates ."
                },
                {
                    "image_link": "https://wpforms.com/wp-content/uploads/2024/10/form-templates-overview.png"
                },
                {
                    "text": "This will bring you to the Form Templates screen, where you'll see a library of all the templates available in WPForms."
                },
                {
                    "image_link": "https://wpforms.com/wp-content/uploads/2024/10/wpforms-templates.png"
                },
                {
                    "text": "By default, it'll show all available templates. To view the most recent ones, click the New Templates option."
                },
                {
                    "image_link": "https://wpforms.com/wp-content/uploads/2024/10/access-new-templates.png"
                },
                {
                    "text": "WPForms lets you create forms with AI. This can help speed up your form creation process. To learn more, see our tutorial on generating forms with WPForms AI ."
                },
                {
                    "url": "https://wpforms.com/docs/generating-forms-with-wpforms-ai/"
                },
                {
                    "text": "To search for specific types of forms, utilize the search bar on the left. Type in keywords or WPForms field names to quickly locate templates matching your needs. For example, searching \"File Upload\" or \"Multiple Items\" filters templates with those fields."
                },
                {
                    "image_link": "https://wpforms.com/wp-content/uploads/2024/10/search-templates.png"
                },
                {
                    "text": "Or, if you'd like to browse the templates by category, click on the categories listed in the menu on the left."
                },
                {
                    "image_link": "https://wpforms.com/wp-content/uploads/2024/10/form-template-categories.gif"
                },
                {
                    "text": "Don't see a template in our library that fits your needs? Feel free to suggest a template idea to our team. Also, you can convert a form on your site into a custom template. To learn more, see our tutorial on creating form templates in WPForms ."
                },
                {
                    "url": "https://wpforms.com/form-template-suggestion/"
                },
                {
                    "url": "https://wpforms.com/docs/how-to-create-a-custom-form-template/"
                }
            ]
        },
        {
            "subtitle": "Previewing Form Templates",
            "content": [
                {
                    "text": "To see a preview of a form template, click on the View Demo button."
                },
                {
                    "image_link": "https://wpforms.com/wp-content/uploads/2024/10/view-demo-button-1024x529.png"
                },
                {
                    "text": "This will take you to our Form Templates Gallery , where you'll see an interactive example of what the form template will look like and a description of everything it includes."
                },
                {
                    "url": "https://wpforms.com/templates/"
                },
                {
                    "text": "Here is a direct link to preview the Tour Booking Form template example above."
                },
                {
                    "url": "https://wpforms.com/templates/tour-booking-form-template/"
                }
            ]
        },
        {
            "subtitle": "Selecting a Form Template",
            "content": [
                {
                    "text": "When you've found a form template you'd like to use, click on the Create Form button in the form template library."
                },
                {
                    "image_link": "https://wpforms.com/wp-content/uploads/2024/10/create-form-button-1024x529.png"
                },
                {
                    "text": "If you're accessing WPForms templates from the WPForms \" Add New page, the Create Form button changes to Use Template . However, both will direct you to the form builder to edit your form."
                },
                {
                    "text": "Clicking the Create Form button will bring you directly to the form builder, where you can further customize your form."
                },
                {
                    "image_link": "https://wpforms.com/wp-content/uploads/2022/09/form-builder-from-template.png"
                },
                {
                    "text": "Curious about what each form field does? Check out our complete guide to field types to learn more."
                },
                {
                    "url": "https://wpforms.com/docs/how-to-choose-the-right-form-field-for-your-forms/"
                }
            ]
        },
        {
            "subtitle": "Saving Your Favorite Form Templates",
            "content": [
                {
                    "text": "With a simple click, you can save any of the templates as a favorite. This allows you to quickly access your favorite templates for future use without searching through the template library."
                },
                {
                    "text": "To save a specific template as one of your favorites, click the heart icon."
                },
                {
                    "image_link": "https://wpforms.com/wp-content/uploads/2024/10/add-to-favorites.png"
                },
                {
                    "text": "Once you save a form as a favorite, a new \"Favorites\" category will be added to the list in the menu on the left. Go ahead and click Favorite Templates to quickly access the template(s) you've marked as your favorite."
                },
                {
                    "image_link": "https://wpforms.com/wp-content/uploads/2024/10/favorite-templates.png"
                },
                {
                    "text": "If you'd like to remove a form from your favorites list, click the heart icon again, removing the red background color."
                },
                {
                    "image_link": "https://wpforms.com/wp-content/uploads/2024/10/remove-from-favorite.png"
                }
            ]
        },
        {
            "subtitle": "Frequently Asked Questions",
            "content": [
                {
                    "text": "Here are some of the top questions we receive about our WPForms templates."
                }
            ]
        },
        {
            "subtitle": "I don't see a template for the form I want to build. What should I do?",
            "content": [
                {
                    "text": "If you don't see a template in our library that meets your needs, you can suggest your idea to us . You can also create your own custom templates ."
                },
                {
                    "url": "https://wpforms.com/form-template-suggestion/"
                },
                {
                    "url": "https://wpforms.com/docs/how-to-create-a-custom-form-template/"
                },
                {
                    "text": "That's it! You now know how to use templates in WPForms."
                },
                {
                    "text": "Next, would you like to learn more about the customization options in WPForms? See our tutorial on setting up your form's field options for all the ways you can make our form templates your own."
                },
                {
                    "url": "https://wpforms.com/docs/how-to-customize-form-field-options/"
                }
            ]
        }
    ],
    "section": "Documentation",
    "category": "Form Templates"
}