{
    "product_name": "WPForms",
    "document_id": 630,
    "document_name": "wpforms_user_registration_process_login_process_wp_error_message",
    "document_url": "https://wpforms.com/developers/wpforms_user_registration_process_login_process_wp_error_message/",
    "author": null,
    "reviewer": null,
    "date": null,
    "version": "1.0",
    "title": "wpforms_user_registration_process_login_process_wp_error_message",
    "content": [
        {
            "subtitle": "Description",
            "content": [
                {
                    "text": "The wpforms_user_registration_process_login_process_wp_error_message filter used to provide a message on User Registration addon if the login fails."
                }
            ]
        },
        {
            "subtitle": "Parameters",
            "content": [
                {
                    "text": "$msg: (string)Message that displays if the login failed."
                }
            ]
        },
        {
            "subtitle": "Source",
            "content": [
                {
                    "text": "wpforms-user-registration/src/Process/Login.php"
                }
            ]
        },
        {
            "subtitle": "More Information",
            "content": [
                {
                    "text": "The filter is used to display a message if the login fails for any reason."
                }
            ]
        },
        {
            "subtitle": "Example",
            "content": [
                {
                    "code": "\n/**\n * Login failed.\n *\n * @link    https://wpforms.com/developers/wpforms_user_registration_process_login_process_wp_error_message/\n *\n * @param   string   $msg  Message that displays if login fails.\n * @return  string\n */\n\nfunction wpf_dev_user_registration_login_error( $msg ) {\n \n        // This is the message that would appear in the email\n    $msg = __('Sorry something went wrong! ', 'text-domain');\n\t$msg .= '<a href=\"'.esc_url( wp_lostpassword_url() ).'\">';\n\t$msg .= __('Would you like to reset your password?', 'text-domain');\n\t$msg .= '</a>';\n \n    return $msg;\n}\n \nadd_filter( 'wpforms_user_registration_process_login_process_wp_error_message', 'wpf_dev_user_registration_login_error', 10, 2 );\n\n"
                }
            ]
        },
        {
            "subtitle": "Reference Articles",
            "content": [
                {
                    "text": "How to Change Validation Messages for User Registration Addon"
                },
                {
                    "url": "https://wpforms.com/developers/change-validation-messages-for-user-registration-addon/"
                }
            ]
        }
    ],
    "section": "Developers",
    "category": "Filters Hooks"
}