{
    "product_name": "WPForms",
    "document_id": 304,
    "document_name": "How to Add Field Values for Dropdown, Checkboxes, and Multiple Choice Fields",
    "document_url": "https://wpforms.com/developers/add-field-values-for-dropdown-checkboxes-and-multiple-choice-fields/",
    "author": "Editorial Team",
    "reviewer": "Molly Tyler",
    "date": "Updated: Mar 13, 2024, 15:41 PM",
    "version": "1.0",
    "title": "How to Add Field Values for Dropdown, Checkboxes, and Multiple Choice Fields",
    "content": [
        {
            "subtitle": "Adding the snippet to add field values",
            "content": [
                {
                    "text": "To begin, you'll need to add this snippet to your site. If you need assistance in how to add snippets to your site, please see this tutorial ."
                },
                {
                    "url": "https://wpforms.com/developers/how-to-add-custom-php-or-javascript-for-wpforms/"
                },
                {
                    "code": "\n/**\n * Show values in Dropdown, checkboxes, and Multiple Choice.\n *\n * @link https://wpforms.com/developers/add-field-values-for-dropdown-checkboxes-and-multiple-choice-fields/\n */\n \nadd_filter( 'wpforms_fields_show_options_setting', '__return_true' );\n"
                }
            ]
        },
        {
            "subtitle": "Creating your form",
            "content": [
                {
                    "text": "Next, you'll need to create your form and add your Dropdown , Checkbox , or Multiple Choice form field. In this tutorial, we're adding a dropdown field of color choices."
                },
                {
                    "image_link": "https://wpforms.com/wp-content/uploads/2020/02/wpforms-add-field-values-form.jpg 1276w, https://wpforms.com/wp-content/uploads/2020/02/wpforms-add-field-values-form-300x188.jpg 300w, https://wpforms.com/wp-content/uploads/2020/02/wpforms-add-field-values-form-1024x640.jpg 1024w, https://wpforms.com/wp-content/uploads/2020/02/wpforms-add-field-values-form-768x480.jpg 768w"
                },
                {
                    "text": "If you need help in creating your form, please see this documentation ."
                },
                {
                    "url": "https://wpforms.com/docs/creating-first-form/"
                }
            ]
        },
        {
            "subtitle": "Enabling the Show Value setting in the form builder",
            "content": [
                {
                    "text": "Once you've added your Dropdown , Checkbox or Multiple Choice form field and entered your choice options, click on the Advanced tab and click the toggle to Show Values and click Save on the form to save the changes."
                },
                {
                    "image_link": "https://wpforms.com/wp-content/uploads/2020/02/wpforms-enable-show-values.jpg 1276w, https://wpforms.com/wp-content/uploads/2020/02/wpforms-enable-show-values-300x188.jpg 300w, https://wpforms.com/wp-content/uploads/2020/02/wpforms-enable-show-values-1024x640.jpg 1024w, https://wpforms.com/wp-content/uploads/2020/02/wpforms-enable-show-values-768x480.jpg 768w"
                },
                {
                    "text": "When you go back to the General tab, you'll see you can add additional field values to each option in the dropdown and re-save the form."
                },
                {
                    "image_link": "https://wpforms.com/wp-content/uploads/2020/02/wpforms-enter-second-value.jpg"
                },
                {
                    "text": "While the raw value is stored in the database entry, it's not included in the {all_fields} Smart Tag for email notifications, when viewing the entry in WordPress admin, or within CSV exports."
                },
                {
                    "text": "To display the value for a field in either a form's confirmation message or notification email, you'll need to use the following Smart Tag format:"
                },
                {
                    "url": "https://wpforms.com/docs/how-to-use-smart-tags-in-wpforms/"
                },
                {
                    "text": "{field_value_id=\"X\"}"
                },
                {
                    "text": "Just replace the X with the field ID, and this Smart Tag will automatically pull the value for any selected option(s) in that field. For assistance in finding your field ID, please review this tutorial ."
                },
                {
                    "url": "https://wpforms.com/developers/how-to-locate-form-id-and-field-id/"
                },
                {
                    "text": "And that's it! You've now successfully added an additional field to hold values in your Dropdown , Checkboxes , and Multiple Choice form fields. Would you like to process Smart Tags in the Checkbox field label? Our article on How to Process Smart Tags in Checkbox Labels will walk you through how to achieve this."
                },
                {
                    "url": "https://wpforms.com/developers/process-smart-tags-in-checkbox-labels/"
                }
            ]
        },
        {
            "subtitle": "Filter Reference",
            "content": [
                {
                    "text": "wpforms_fields_show_options_setting"
                },
                {
                    "url": "https://wpforms.com/developers/wpforms_fields_show_options_setting/"
                }
            ]
        },
        {
            "subtitle": "FAQ",
            "content": []
        },
        {
            "subtitle": "Q: Can I bulk add options to the Show Values?",
            "content": [
                {
                    "text": "A: Unfortunately no. When using the Show Values option for these fields, you'll need to manually set your options for each."
                }
            ]
        }
    ],
    "section": "Developers",
    "category": "Fields"
}