{
    "product_name": "WPForms",
    "document_id": 495,
    "document_name": "A Complete Guide to Standard Field Types in WPForms",
    "document_url": "https://wpforms.com/docs/how-to-choose-the-right-form-field-for-your-forms/",
    "author": "Umair Majeed",
    "reviewer": "David Ozokoye",
    "date": "Updated: Sep 24, 2024",
    "version": "1.0",
    "title": "A Complete Guide to Standard Field Types in WPForms",
    "content": [
        {
            "subtitle": "Try this Form Demo!",
            "content": [
                {
                    "text": "Want to get started with our ready-to-use form templates? Check out our Customizable Job Application Upload template."
                },
                {
                    "url": "https://wpforms.com/templates/job-application-upload-form-template/"
                }
            ]
        },
        {
            "subtitle": "Standard Fields",
            "content": [
                {
                    "text": "Standard Fields are available to all WPForms users."
                },
                {
                    "image_link": "https://wpforms.com/wp-content/uploads/2022/09/standard-fields.png"
                },
                {
                    "text": "Here is a live preview of some of the Standard fields in WPForms."
                }
            ]
        },
        {
            "subtitle": "Single Line Text",
            "content": [
                {
                    "text": "The Single Line Text field allows users to enter any characters into a standard-sized input area."
                },
                {
                    "image_link": "https://wpforms.com/wp-content/uploads/2022/09/single-line-text-field.png"
                },
                {
                    "text": "By default, there's no validation for this field. Any number of characters can be used, and any character types. However, you can optionally create your own input mask or set a limit on how many words or characters users can enter ."
                },
                {
                    "url": "https://wpforms.com/docs/how-to-use-custom-input-masks/"
                },
                {
                    "url": "https://wpforms.com/docs/how-to-limit-words-or-characters-in-a-form-field/"
                }
            ]
        },
        {
            "subtitle": "Paragraph Text",
            "content": [
                {
                    "text": "The Paragraph Text field provides a larger box for users to enter text."
                },
                {
                    "image_link": "https://wpforms.com/wp-content/uploads/2022/09/paragraph-text-field.png"
                },
                {
                    "text": "By default, there's no validation on this field. Any number of characters can be used, and any character types. However, you can optionally set a limit on how many words or characters users can enter ."
                },
                {
                    "url": "https://wpforms.com/docs/how-to-limit-words-or-characters-in-a-form-field/"
                }
            ]
        },
        {
            "subtitle": "Dropdown",
            "content": [
                {
                    "text": "The Dropdown field displays a list of items when users click on it. You can also choose from two different styling options: Modern or Classic."
                },
                {
                    "image_link": "https://wpforms.com/wp-content/uploads/2022/09/dropdown-field.png"
                },
                {
                    "text": "If you'd like, you can enable multiple selections from a dropdown as well."
                },
                {
                    "url": "https://wpforms.com/docs/how-to-allow-multiple-selections-to-a-dropdown-field-in-wpforms/"
                },
                {
                    "text": "Want to see all the details on how to customize your WPForms Dropdown fields? Check out our full tutorial on how to use this field type ."
                },
                {
                    "url": "https://wpforms.com/docs/how-to-customize-the-dropdown-field-in-wpforms/"
                }
            ]
        },
        {
            "subtitle": "Multiple Choice",
            "content": [
                {
                    "text": "The Multiple Choice field allows users to choose one item from a list of options. If you'd like, you may also randomize the choices and add images to choices to this field."
                },
                {
                    "url": "https://wpforms.com/docs/how-to-randomize-checkbox-and-multiple-choice-options/"
                },
                {
                    "url": "https://wpforms.com/docs/how-to-add-image-choices-to-fields/"
                },
                {
                    "image_link": "https://wpforms.com/wp-content/uploads/2022/09/multiple-choice-field.png"
                },
                {
                    "text": "For more information on all the ways you can use this field type, see our tutorial on how to customize the Multiple Choice field ."
                },
                {
                    "url": "https://wpforms.com/docs/how-to-customize-the-multiple-choice-field-in-wpforms/"
                }
            ]
        },
        {
            "subtitle": "Checkboxes",
            "content": [
                {
                    "text": "The Checkboxes field allows users to choose any number of items from a list of options. This field also lets you randomize choices and add images to choices if you'd like."
                },
                {
                    "url": "https://wpforms.com/docs/how-to-randomize-checkbox-and-multiple-choice-options/"
                },
                {
                    "url": "https://wpforms.com/docs/how-to-add-image-choices-to-fields/"
                },
                {
                    "image_link": "https://wpforms.com/wp-content/uploads/2022/09/checkboxes-field.png"
                },
                {
                    "text": "Would you like to change the way your Checkboxes fields look in your published forms? Our tutorial on how to customize the Checkboxes field has all the details."
                },
                {
                    "url": "https://wpforms.com/docs/how-to-customize-the-checkboxes-field-in-wpforms/"
                }
            ]
        },
        {
            "subtitle": "Numbers",
            "content": [
                {
                    "text": "The Numbers field allows users to enter numeric values. On hover, arrows within the input field let users increase or decrease the number value by 1."
                },
                {
                    "image_link": "https://wpforms.com/wp-content/uploads/2022/09/numbers-field.png"
                }
            ]
        },
        {
            "subtitle": "Name",
            "content": [
                {
                    "text": "The Name field provides several options for name formatting: a single line, subfields for First and Last Name, or subfields for First, Middle, and Last Name."
                },
                {
                    "image_link": "https://wpforms.com/wp-content/uploads/2022/09/name-field.png"
                },
                {
                    "text": "If you're looking to customize the sublabels for the Name field, you can do so by using a specific PHP code snippet. For details on how to apply this change, check out our developer documentation ."
                },
                {
                    "url": "https://wpforms.com/developers/how-to-change-sublabels-for-the-name-field/"
                }
            ]
        },
        {
            "subtitle": "Email",
            "content": [
                {
                    "text": "The Email field allows users to enter only a valid email address (for example, [email protected] )."
                },
                {
                    "url": "/cdn-cgi/l/email-protection"
                },
                {
                    "image_link": "https://wpforms.com/wp-content/uploads/2022/09/email-field.png"
                },
                {
                    "text": "If a user's input is not in a valid email address format, they will see an error that reads, \"Please enter a valid email address.\""
                },
                {
                    "image_link": "https://wpforms.com/wp-content/uploads/2022/09/email-field-validation-1.png"
                },
                {
                    "text": "Want to customize the error message for email validation? See our tutorial on changing validation messages for a step-by-step guide."
                },
                {
                    "url": "https://wpforms.com/docs/customize-wpforms-validation-messages/"
                },
                {
                    "text": "If the user enters a popular email address (@gmail.com, @yahoo.com, etc.) and includes a typo, the Email field will detect this and suggest a correction."
                },
                {
                    "image_link": "https://wpforms.com/wp-content/uploads/2022/09/email-field-gmail-correction.png"
                },
                {
                    "text": "You can also optionally add a Confirm Email field."
                },
                {
                    "image_link": "https://wpforms.com/wp-content/uploads/2022/09/confirm-email-field.png"
                }
            ]
        },
        {
            "subtitle": "Number Slider",
            "content": [
                {
                    "text": "The Number Slider field displays a bar that represents a range of numerical values. The minimum and maximum values are easily customizable in the Field Options panel. You can also adjust the slider's increment value in the advanced field options."
                },
                {
                    "text": "The selected value is shown underneath the slider."
                },
                {
                    "image_link": "https://wpforms.com/wp-content/uploads/2022/09/number-slider-field.png"
                }
            ]
        },
        {
            "subtitle": "hCaptcha",
            "content": [
                {
                    "text": "This field appears in the form builder if you have enabled hCaptcha in your WPForms settings. It adds free spam protection to your forms."
                },
                {
                    "image_link": "https://wpforms.com/wp-content/uploads/2022/09/hcaptcha-field.png"
                },
                {
                    "text": "For more guidance on using hCaptcha with WPForms, see our step-by-step tutorial on how to set it up ."
                },
                {
                    "url": "https://wpforms.com/docs/how-to-set-up-and-use-hcaptcha-in-wpforms/"
                }
            ]
        },
        {
            "subtitle": "reCAPTCHA",
            "content": [
                {
                    "text": "The reCAPTCHA field appears in the form builder if you've enabled it in your WPForms settings and will add Google's spam filter to your forms."
                },
                {
                    "image_link": "https://wpforms.com/wp-content/uploads/2022/09/recaptcha-field-1.png"
                },
                {
                    "text": "You have the choice between three types of reCAPTCHA based on your styling and security needs."
                },
                {
                    "url": "https://wpforms.com/docs/setup-captcha-wpforms/#recaptcha"
                },
                {
                    "text": "For more details, please see our tutorial on using reCAPTCHA with WPForms ."
                },
                {
                    "url": "https://wpforms.com/docs/how-to-set-up-and-use-recaptcha-in-wpforms/"
                }
            ]
        },
        {
            "subtitle": "Turnstile",
            "content": [
                {
                    "text": "The Turnstile field appears in the form builder if you've enabled Cloudflare Turnstile in your WPForms settings. It protects your form from spam submissions."
                },
                {
                    "image_link": "https://wpforms.com/wp-content/uploads/2023/02/cloudflare-verification-widget.png"
                },
                {
                    "text": "For more guidance, please see our tutorial on how to set up and use Cloudflare Turnstile with WPForms ."
                },
                {
                    "url": "https://wpforms.com/docs/setting-up-cloudflare-turnstile/"
                }
            ]
        },
        {
            "subtitle": "GDPR Agreement",
            "content": [
                {
                    "text": "The GDPR Agreement field will display a required checkbox asking users for consent to collect and store their information."
                },
                {
                    "image_link": "https://wpforms.com/wp-content/uploads/2022/09/gdpr-agreement-field.png"
                },
                {
                    "text": "Want to learn more about WPForms and the GDPR? See our tutorial on GDPR compliance ."
                },
                {
                    "url": "https://wpforms.com/docs/how-to-create-gdpr-compliant-forms/"
                },
                {
                    "text": "That's all! We hope this tutorial helped you familiarize yourself with all the available fields in WPForms."
                },
                {
                    "text": "Next, would you like to learn about other field types in WPForms? Check our fancy fields and payment fields tutorial for more details."
                },
                {
                    "url": "https://wpforms.com/docs/a-complete-guide-to-fancy-fields-types-in-wpforms/"
                },
                {
                    "url": "https://wpforms.com/docs/a-complete-guide-to-payment-field-types-in-wpforms/"
                }
            ]
        }
    ],
    "section": "Documentation",
    "category": "Field Types"
}