{
    "product_name": "WPForms",
    "document_id": 343,
    "document_name": "How to Create a Conditional Rating Form",
    "document_url": "https://wpforms.com/developers/how-to-create-a-conditional-rating-form/",
    "author": "Editorial Team",
    "reviewer": "Molly Tyler",
    "date": "Updated: Mar 13, 2024, 14:54 PM",
    "version": "1.0",
    "title": "How to Create a Conditional Rating Form",
    "content": [
        {
            "subtitle": "Creating the form",
            "content": [
                {
                    "text": "Let's get started by establishing a new form and integrating the necessary fields. Our form will consist of a Name field, an optional Email field, and five Dropdown fields, each presenting features for rating."
                },
                {
                    "text": "For assistance in setting up your form, feel free to consult this helpful guide on creating your initial form."
                },
                {
                    "url": "https://wpforms.com/docs/creating-first-form/"
                },
                {
                    "image_link": "https://wpforms.com/wp-content/uploads/2023/02/conditional-rating-create-form.jpg"
                }
            ]
        },
        {
            "subtitle": "Setting the Dropdown field options",
            "content": [
                {
                    "text": "Now, for our Dropdown fields, we'll need to go through each one and add our rating system. For the purpose of this documentation, our ratings are numerically based on 1-10 meaning 1 is the least favorited option and 10 is the highest."
                },
                {
                    "text": "You can, of course, use what system works best for you whether that's numerical or text."
                },
                {
                    "image_link": "https://wpforms.com/wp-content/uploads/2023/02/conditional-rating-add-options.jpg"
                }
            ]
        },
        {
            "subtitle": "Selecting the Dropdown Style",
            "content": [
                {
                    "text": "From the Advanced tab of the Dropdown field, please remember to select the Classic style for your fields. This is very important as the snippet will only work with this style."
                },
                {
                    "image_link": "https://wpforms.com/wp-content/uploads/2023/02/conditional-rating-dropdown-style.jpg"
                }
            ]
        },
        {
            "subtitle": "Creating the conditional rating logic",
            "content": [
                {
                    "text": "It's now time to add the snippet to your site. If you need any assistance with where and how to add snippets to your site, please check out this tutorial ."
                },
                {
                    "url": "https://wpforms.com/developers/how-to-add-custom-php-or-javascript-for-wpforms/"
                },
                {
                    "code": "\n/**\n * WPForms Conditional Rating Form\n *\n * @link   https://wpforms.com/developers/how-to-create-a-conditional-rating-form/\n */\n\nfunction wpf_dev_conditional_dropdown_options( ) {\n?>\n   \n    <script type=\"text/javascript\">\n\t\n\t// only run on dropdown fields inside the form ID 2552\n\tjQuery( 'form#wpforms-form-2552 select' ).on( 'change', function() {\n\t\t\n\t\tjQuery( 'option' ).prop( 'disabled', false);\n\t\t\n\t\tjQuery( 'select' ).each(function() {\n\t\t\t\n\t\t\tvar val = this.value;\n\t\t\t\n\t\t\tjQuery( 'select' ).not(this).find( 'option' ).filter(function() {\n\t\t\t\t\n\t\t\t\treturn this.value === val;\n\t\t\t\t\n\t\t\t}).prop( 'disabled', true);\n\t\t\t\n\t\t});\n\t\t\n\t}).change();\n\t\t\n    </script>\n   \n<?php\n}\n   \nadd_action( 'wpforms_wp_footer_end', 'wpf_dev_conditional_dropdown_options', 30 );\n"
                },
                {
                    "text": "This code snippet will scan for Dropdown fields within the form identified by the ID 2552 . Once an option is chosen from one of the fields, that particular option will become unavailable for selection in the remaining fields."
                },
                {
                    "text": "Please ensure to update the field ID 2552 to match your form's ID. If you require assistance in locating your ID, please refer to this tutorial on finding these specific IDs ."
                },
                {
                    "url": "https://wpforms.com/developers/how-to-locate-form-id-and-field-id/"
                },
                {
                    "text": "Now, as options are selected, you'll observe them becoming disabled in the other fields."
                },
                {
                    "image_link": "https://wpforms.com/wp-content/uploads/2023/02/conditional-rating-after.jpg"
                },
                {
                    "text": "And that's it! You've successfully created a conditional rating form using WPForms Dropdown fields. Would you like to conditionally hide your submit button based on the answers provided in your form? Check out our tutorial on How to Conditionally Show the Submit Button ."
                },
                {
                    "url": "https://wpforms.com/developers/how-to-conditionally-show-the-submit-button/"
                }
            ]
        },
        {
            "subtitle": "Reference Action",
            "content": [
                {
                    "text": "wpforms_wp_footer_end"
                },
                {
                    "url": "https://wpforms.com/developers/wpforms_wp_footer_end/"
                }
            ]
        },
        {
            "subtitle": "FAQ",
            "content": []
        },
        {
            "subtitle": "Q: How can I reset the options?",
            "content": [
                {
                    "text": "A: If a user changes their mind on any options, they would just go back and make new selections which would reset those pre-selected values."
                }
            ]
        },
        {
            "subtitle": "Q: Can Conditional Logic be used to show and hide the dropdown?",
            "content": [
                {
                    "text": "A: Absolutely! You can use the WPForms Conditional Logic to hide any and all dropdown until a selection has been made. You'll need to make sure that when you add this logic, verify and test the logic needed to apply for example Feature 2 is hidden as long as Feature 1 is not -Select One - ."
                },
                {
                    "url": "https://wpforms.com/docs/how-to-use-conditional-logic-with-wpforms/"
                },
                {
                    "image_link": "https://wpforms.com/wp-content/uploads/2023/02/wpforms-conditional-rating-smart-logic.jpg"
                }
            ]
        }
    ],
    "section": "Developers",
    "category": "Tutorials"
}