{
    "product_name": "WPForms",
    "document_id": 608,
    "document_name": "How to Password Protect a Submit Button",
    "document_url": "https://wpforms.com/developers/how-to-password-protect-a-submit-button/",
    "author": "Editorial Team",
    "reviewer": "Molly Tyler",
    "date": "Published: Dec 6, 2023, 15:21 PM",
    "version": "1.0",
    "title": "How to Password Protect a Submit Button",
    "content": [
        {
            "subtitle": "Introduction",
            "content": [
                {
                    "text": "Would you like to password-protect a Submit button? Did you know that you can already password-protect an entire form by following the detailed guide in this documentation ? However, there may be times when you just want to place the password on the Submit button only and in this tutorial, we'll show you how! Let's get started!"
                },
                {
                    "url": "https://wpforms.com/how-to-password-protect-wordpress-forms-step-by-step/"
                }
            ]
        },
        {
            "subtitle": "Creating the form",
            "content": [
                {
                    "text": "To begin, create a new form and add your fields. If you need any help in creating a form, please check out this useful guide ."
                },
                {
                    "url": "https://wpforms.com/docs/creating-first-form/"
                },
                {
                    "image_link": "https://wpforms.com/wp-content/uploads/2023/12/wpforms-create-form-password-submit.jpg"
                },
                {
                    "text": "The last field for our form is a Single Line Text field that we'll use to allow visitors to enter a password."
                },
                {
                    "image_link": "https://wpforms.com/wp-content/uploads/2023/12/wpforms-password-text-field.jpg"
                }
            ]
        },
        {
            "subtitle": "Adding the snippet",
            "content": [
                {
                    "text": "Now it's time to add the snippet to your site. If you're not sure where or how to add snippets to your site, please review this detailed step-by-step guide ."
                },
                {
                    "url": "https://wpforms.com/developers/how-to-add-custom-php-or-javascript-for-wpforms/"
                },
                {
                    "code": "\n/**\n * Password-protect a submit button\n *\n * @link https://wpforms.com/developers/how-to-password-protect-a-submit-button/\n */\n \nadd_action( 'wp_head', function () { ?>\n  \n    <style>\n \n    /* CSS hide submit button on page load */\n    #wpforms-form-137 .wpforms-submit-container .wpforms-submit {\n            visibility:hidden;\n        }\n \n    #wpforms-form-137 .wpforms-submit-container .wpforms-submit.show-submit {\n            visibility:visible;\n        }\n  \n    </style>\n  \n<?php } );\n  \n  \n// Password logic for Submit button\nfunction wpf_dev_password_submit() {\n    ?>\n    <script>\n        jQuery(function($){\n\n            // Look only at form ID 137 and field ID 10\n            $( \"#wpforms-137-field_10\" ).change(function(){\n\n                var selectedval = $( \"#wpforms-137-field_10\" ).val();\n\n                if(selectedval === \"employee referral code 896\"){\n\t\t\t\t\t$( \".wpforms-submit\" ).addClass( \"show-submit\" );\n                } else {\n\t\t\t\t\twindow.location = \"https://myexamplesite.com/thank-you\";\n\t\t\t\t}\n\n            });\n\n        });\n    </script>\n    <?php\n}\nadd_action( 'wpforms_wp_footer_end', 'wpf_dev_password_submit', 10 );\n"
                },
                {
                    "text": "This snippet will automatically hide the Submit button when the form loads by default. As the fields are filled in, it will remain hidden until they reach the field ID 10 , if the password entered does not match employee referral code 896 exactly, which include case-sensitive as well as spaces , the form will not submit but the user will be redirected to a thank you page instead. If the password is entered correctly, the button will show and the form can then be submitted. Please remember to update this snippet to reflect the password you wish to use."
                },
                {
                    "text": "Please remember that you will need to update the snippet above from #wpforms-137-field_10 to match your own form and field ID. If you need help finding these IDs, please see this tutorial ."
                },
                {
                    "url": "https://wpforms.com/developers/how-to-locate-form-id-and-field-id/"
                },
                {
                    "text": "And that's all you need to password-protect a Submit button. Would you like to automatically have a form submit based off a choice from the form? Take a look at our article on How to Automatically Submit a Form with a Field Choice ."
                },
                {
                    "url": "https://wpforms.com/developers/how-to-automatically-submit-a-form-with-a-field-choice/"
                }
            ]
        },
        {
            "subtitle": "Related",
            "content": [
                {
                    "text": "Action Reference: wpforms_wp_footer_end"
                },
                {
                    "url": "https://wpforms.com/developers/wpforms_wp_footer_end/"
                }
            ]
        }
    ],
    "section": "Developers",
    "category": "Tutorials"
}