{
    "product_name": "WPForms",
    "document_id": 243,
    "document_name": "wpforms_display_submit_spinner_src",
    "document_url": "https://wpforms.com/developers/wpforms_display_submit_spinner_src/",
    "author": null,
    "reviewer": null,
    "date": null,
    "version": "1.0",
    "title": "wpforms_display_submit_spinner_src",
    "content": [
        {
            "subtitle": "Description",
            "content": [
                {
                    "text": "The wpforms_display_submit_spinner_src filter is fired only if Enable AJAX form submission is enabled in the form settings and the form submits."
                }
            ]
        },
        {
            "subtitle": "Parameters",
            "content": [
                {
                    "text": "$src: (string)The source (URL) of the image used for the spinner"
                },
                {
                    "text": "$form_data: (array)Processed form settings/data, prepared to be used later."
                }
            ]
        },
        {
            "subtitle": "Source",
            "content": [
                {
                    "text": "wpforms/src/Frontend/Frontend.php"
                }
            ]
        },
        {
            "subtitle": "More Information",
            "content": [
                {
                    "text": "The wpforms_display_submit_spinner_src filter can be used to change the icon/image that is shown as the form is submitting when AJAX is enabled on the form settings."
                },
                {
                    "image_link": "https://wpforms.com/wp-content/uploads/2021/03/wpforms-disable-ajax.jpg"
                }
            ]
        },
        {
            "subtitle": "Example",
            "content": [
                {
                    "text": "This example would change the spinner source for all forms."
                },
                {
                    "code": "\n/**\n * Filter for changing the spinning loader icon shown as the form is submitted.\n *\n * @link    https://wpforms.com/developers/wpforms_display_submit_spinner_src/\n *\n * @param   string  $src        Source of the image used for the spinner.\n * @param   array   $form_data  Processed form settings/data, prepared to be used later.\n *\n * @return  string\n */\n\nfunction custom_wpforms_display_submit_spinner_src(  $src ) {\n  \n    return 'https://yoursite.com/your-image.svg';\n}\n\nadd_filter( 'wpforms_display_submit_spinner_src', 'custom_wpforms_display_submit_spinner_src', 10, 2 );\n\n"
                },
                {
                    "text": "In this example, we're targeting a specific form. The form ID 42"
                },
                {
                    "code": "\n/**\n * Filter for changing the spinning loader icon shown as the form is submitted for a specific form.\n *\n * @link    https://wpforms.com/developers/wpforms_display_submit_spinner_src/\n *\n * @param   string  $src        Source of the image used for the spinner.\n * @param   array   $form_data  Processed form settings/data, prepared to be used later.\n *\n * @return  string\n */\n\nfunction custom_wpforms_display_submit_spinner_src( $src, $form_data ) {\n\n    if ( $form_data[ 'id' ] === '42' ) {\n\n        $src = 'https://yoursite.com/your-image.svg';\n\n    }\n\n    return $src;\n}\nadd_filter( 'wpforms_display_submit_spinner_src', 'custom_wpforms_display_submit_spinner_src', 10, 2 );\n"
                },
                {
                    "text": "Recommended image size is 26\u00d726. You can alternatively use CSS to define the size targeting the .wpforms-submit-spinner CSS class, but any CSS added would need the use of !important to overwrite default inline styling."
                }
            ]
        },
        {
            "subtitle": "Related",
            "content": [
                {
                    "text": "Article Reference: How to Change the Pre-Loader Icon on Submit"
                },
                {
                    "url": "https://wpforms.com/developers/how-to-change-the-pre-loader-icon-on-submit/"
                }
            ]
        }
    ],
    "section": "Developers",
    "category": "Filters Hooks"
}