{
    "product_name": "WPForms",
    "document_id": 625,
    "document_name": "How to Process Smart Tags in Checkbox Labels",
    "document_url": "https://wpforms.com/developers/process-smart-tags-in-checkbox-labels/",
    "author": "Editorial Team",
    "reviewer": "Molly Tyler",
    "date": "Updated: May 9, 2023, 12:00 PM",
    "version": "1.0",
    "title": "How to Process Smart Tags in Checkbox Labels",
    "content": [
        {
            "subtitle": "Introduction",
            "content": [
                {
                    "text": "Would you like to process Smart Tags in the Checkbox field labels? By default, Smart Tags will not be processed if placed within the label field. However, using a small PHP code snippet you can easily allow this. In this tutorial, we'll walk you through each step of the way."
                },
                {
                    "text": "Smart Tags is a great way to dynamically pull and display data within your form."
                },
                {
                    "url": "https://wpforms.com/docs/how-to-use-smart-tags-in-wpforms/"
                },
                {
                    "text": "Alternatively, custom Smart Tags can be created to extend this functionality even further."
                },
                {
                    "url": "https://wpforms.com/developers/how-to-create-a-custom-smart-tag/"
                }
            ]
        },
        {
            "subtitle": "Creating the form",
            "content": [
                {
                    "text": "For the purpose of this tutorial, we're going to add some fields to our membership form that will confirm the full name or display name of the person completing the form, which will be pulled from the WordPress profile as well as a form field for How did you hear about this offer? which will also be pulled from a Smart tag."
                },
                {
                    "text": "If you need help with creating a form, please check out this helpful guide ."
                },
                {
                    "url": "https://wpforms.com/docs/creating-first-form/"
                },
                {
                    "image_link": "https://wpforms.com/wp-content/uploads/2021/01/wpforms-checkbox-smart-tags.jpg"
                }
            ]
        },
        {
            "subtitle": "Using Smart Tags in checkbox labels",
            "content": [
                {
                    "text": "We can use the Smart Tags so we'll enter {user_full_name} in the label for the first option and {user_display} for the second option."
                },
                {
                    "image_link": "https://wpforms.com/wp-content/uploads/2021/01/wpforms-checkbox-smart-tag-name.jpg"
                },
                {
                    "text": "We're also going to add a third option that when selected will conditionally show a Single Text Line form field for the visitor to enter the correct name if the profile records are incorrect."
                },
                {
                    "text": "Next, we're going to add another Checkbox field to ask the visitor to complete the How did you hear about this offer? which will include the {url_referer} Smart Tag to try and pull the URL the visitor was just referred from."
                },
                {
                    "image_link": "https://wpforms.com/wp-content/uploads/2021/01/wpforms-checkbox-smart-tag-url-referer.jpg"
                }
            ]
        },
        {
            "subtitle": "Adding the code snippet",
            "content": [
                {
                    "text": "To process any Smart Tags included for the Checkbox labels, you'll need to copy this code snippet to your site."
                },
                {
                    "text": "If you need help adding codes snippets, please review this tutorial ."
                },
                {
                    "url": "https://wpforms.com/developers/how-to-add-custom-php-or-javascript-for-wpforms/"
                },
                {
                    "text": "This snippet won't pull user input values (for example, {field_id=\"3\u2033} ) to populate other form fields on the form."
                },
                {
                    "code": "\n/**\n * Using Smart Tags in Checkboxes.\n *\n * @link   https://wpforms.com/developers/process-smart-tags-in-checkbox-labels/\n */\n\nfunction wpf_dev_checkbox_choices_process_smarttags( $field, $deprecated, $form_data ) {\n\n\tforeach ( $field[ 'choices' ] as $key => $choice ) {\n\n\t\tif ( ! empty( $choice[ 'label' ] ) ) {\n\n\t\t\t$field[ 'choices' ][ $key ][ 'label' ] = apply_filters( 'wpforms_process_smart_tags', $choice[ 'label' ], $form_data );\n\n\t\t}\n\n\t}\n\n\treturn $field;\n}\nadd_filter( 'wpforms_checkbox_field_display', 'wpf_dev_checkbox_choices_process_smarttags', 10, 3 );\n"
                },
                {
                    "text": "The code above tells the checkbox options to process the filter for Smart Tags with apply_filters( 'wpforms_process_smart_tags', . This is what allows you to use Smart Tags as labels."
                },
                {
                    "image_link": "https://wpforms.com/wp-content/uploads/2021/01/wpforms-checkbox-label-smart-tags.jpg"
                },
                {
                    "text": "And that's all you need in order to use Smart Tags in the Checkbox field labels. Would you like to also use Smart Tags in the HTML / Code form field? Take a look at our tutorial on How to Process Smart Tags in HTML Fields ."
                },
                {
                    "url": "https://wpforms.com/developers/how-to-process-smart-tags-in-html-fields/"
                }
            ]
        },
        {
            "subtitle": "Related",
            "content": [
                {
                    "text": "Filter References:"
                },
                {
                    "text": "wpforms_process_smart_tags"
                },
                {
                    "text": "wpforms_checkbox_field_display"
                },
                {
                    "url": "https://wpforms.com/developers/wpforms_process_smart_tags/"
                },
                {
                    "url": "https://wpforms.com/developers/wpforms_checkbox_field_display/"
                }
            ]
        },
        {
            "subtitle": "FAQ",
            "content": []
        },
        {
            "subtitle": "Q: Can I use this for Dropdown and Multiple Choice fields too?",
            "content": [
                {
                    "text": "A: Absolutely! Use this snippet to process Smart Tags inside the field labels of the Dropdown and Multiple Choice form fields."
                },
                {
                    "code": "\n/**\n * Using Smart Tags in Multiple Choice and Dropdown choices.\n *\n * @link   https://wpforms.com/developers/process-smart-tags-in-checkbox-labels/\n */\n\nfunction wpf_dev_select_radio_choices_process_smarttags( $field, $deprecated, $form_data ) {\n\t\n    foreach ( $field[ 'choices' ] as $key => $choice ) {\n\t\t\n        if ( ! empty( $choice[ 'label' ] ) ) {\n\t\t\t\n            $label = apply_filters( 'wpforms_process_smart_tags', $choice[ 'label' ], $form_data );\n\t\t\t\n            if ( ! empty( $label ) ) {\n\t\t\t\t\n                $field['choices'][ $key ][ 'label' ] = $label;\n            \n\t\t\t} else {\n               \n                // Remove empty option.\n                unset( $field['choices'][ $key ] );\n            }\n        }\n    }\n \n    return $field;\n}\n \nadd_filter( 'wpforms_radio_field_display', 'wpf_dev_select_radio_choices_process_smarttags', 10, 3 );\nadd_filter( 'wpforms_select_field_display', 'wpf_dev_select_radio_choices_process_smarttags', 10, 3 );\n\n\n"
                }
            ]
        }
    ],
    "section": "Developers",
    "category": "Tutorials"
}