{
    "product_name": "WPForms",
    "document_id": 191,
    "document_name": "How to Change the Timeout for ActiveCampaign",
    "document_url": "https://wpforms.com/developers/how-to-change-the-timeout-for-activecampaign/",
    "author": "Editorial Team",
    "reviewer": "Molly Tyler",
    "date": "Updated: Aug 1, 2023, 13:46 PM",
    "version": "1.0",
    "title": "How to Change the Timeout for ActiveCampaign",
    "content": [
        {
            "subtitle": "Overview",
            "content": [
                {
                    "text": "Do you need to change the timeout for ActiveCampaign when processing WPForms entries? When processing WPForms entries to ActiveCampaign will need to use your server resources to do so. If the entries are not appearing, it could be that the server is timing out in the process. If you would like to change the timeout time that your server uses, you'll need to use a PHP snippet and we're going to show you how!"
                }
            ]
        },
        {
            "subtitle": "Setup",
            "content": [
                {
                    "text": "Once you've created your form and connected your form to ActiveCampaign, simply copy and paste this snippet to your site."
                },
                {
                    "text": "For assistance in connecting your ActiveCampaign to WPForms, please check out this documentation ."
                },
                {
                    "url": "https://wpforms.com/docs/how-to-install-and-use-the-activecampaign-addon-with-wpforms/"
                },
                {
                    "text": "If you need help in adding snippets to your site, please review this tutorial ."
                },
                {
                    "url": "https://wpforms.com/developers/how-to-add-custom-php-or-javascript-for-wpforms/"
                },
                {
                    "code": "\n/**\n * Change the timeout for ActiveCampaign when processing WPForms entries \n *\n * @link    https://wpforms.com/developers/how-to-change-the-timeout-for-activecampaign/\n */\n \nfunction wpf_dev_ac_timeout( $args, $instance ) {\n  \n    // Set the timeout in seconds\n    $args[ 'timeout' ] = 60;\n\t\n\treturn $args;\n        \n}\nadd_filter( 'wpformsactivecampaign_api_v3_http_request_get_default_parameters', 'wpf_dev_ac_timeout', 10, 2 );\n"
                },
                {
                    "text": "With the above snippet, we've changed the default timeout to 60 seconds."
                },
                {
                    "text": "And that's all you need to change the timeout argument with ActiveCampaign. Would you like to also change the timeout with the Modern File Upload form field? Check out our article How to Change the Timeout on the Modern File Upload ."
                },
                {
                    "url": "https://wpforms.com/developers/how-to-change-the-timeout-on-the-modern-file-upload/"
                }
            ]
        }
    ],
    "section": "Developers",
    "category": "Snippets"
}