{
    "product_name": "WPForms",
    "document_id": 58,
    "document_name": "How to Customize the Page Break Buttons",
    "document_url": "https://wpforms.com/developers/how-to-customize-the-page-break-buttons/",
    "author": "Dimitris Mitsis",
    "reviewer": "Molly Tyler",
    "date": "Updated: Jul 31, 2024, 08:43 AM",
    "version": "1.0",
    "title": "How to Customize the Page Break Buttons",
    "content": [
        {
            "subtitle": "Introduction",
            "content": [
                {
                    "text": "Are you eager to give your WPForms a unique touch by customizing the Page Break buttons? Look no further! In this tutorial, we'll guide you through the process of using CSS to personalize the appearance of your buttons. With a range of CSS snippets, you can easily achieve the look you desire for a more tailored and visually appealing form."
                }
            ]
        },
        {
            "subtitle": "Creating your multi-page form",
            "content": [
                {
                    "text": "Let's kick off by crafting a multi-page form. If you're unsure about the process and could use some guidance, feel free to refer to this handy documentation on Creating Multi-Page Forms ."
                },
                {
                    "url": "https://wpforms.com/docs/how-to-create-multi-page-forms-in-wpforms/"
                },
                {
                    "text": "In today's tutorial, we're focusing on building a form designed to gather blog post ideas."
                },
                {
                    "image_link": "https://wpforms.com/wp-content/uploads/2024/01/wpforms-pagebreak-create-form.jpg"
                }
            ]
        },
        {
            "subtitle": "Enabling Display Previous",
            "content": [
                {
                    "text": "After incorporating your Page Break buttons, don't forget to activate the Display Previous option on each of these breaks. This ensures that your visitors can navigate back to review and make edits before finalizing the form."
                },
                {
                    "text": "Note that the first Page Break field doesn't showcase this option. However, it's available for every subsequent page break, including the last one."
                },
                {
                    "image_link": "https://wpforms.com/wp-content/uploads/2024/01/wpforms-pagebreak-enable-previous.jpg"
                },
                {
                    "text": "When using the Next and Previous buttons for your form, by default, these buttons will already appear on the same line."
                },
                {
                    "image_link": "https://wpforms.com/wp-content/uploads/2024/01/wpforms-pagebreak-default.jpg"
                },
                {
                    "text": "But what if we wanted to center them, or make them larger buttons? This is where CSS comes into play!"
                }
            ]
        },
        {
            "subtitle": "Centering the buttons",
            "content": [
                {
                    "text": "Let us now add some CSS to center the Next and Previous buttons on our form."
                },
                {
                    "text": "If you're not sure where or how to add CSS to your site, please review this tutorial ."
                },
                {
                    "url": "https://wpforms.com/developers/how-to-add-custom-css-styles-for-wpforms/"
                },
                {
                    "code": "\nform#wpforms-form-605 .wpforms-pagebreak-left {\ntext-align: center;\n}\n"
                },
                {
                    "text": "This CSS will only be applied to the form ID 605 . You will need to update this form ID to match your own ID. If you're not sure where to find your form ID, please review this guide ."
                },
                {
                    "url": "https://wpforms.com/developers/how-to-locate-form-id-and-field-id/"
                },
                {
                    "text": "If you wanted to use CSS such as this to be applied to all forms, you would use this CSS instead."
                },
                {
                    "code": "\n.wpforms-pagebreak-left {\ntext-align: center !important;\n}\n"
                },
                {
                    "image_link": "https://wpforms.com/wp-content/uploads/2024/01/new-wpforms-center-pagebreak-copy.jpg"
                }
            ]
        },
        {
            "subtitle": "Creating larger buttons",
            "content": [
                {
                    "text": "For this section, we're going to make our buttons larger while also using the CSS above to keep the buttons centered."
                },
                {
                    "code": "\nform#wpforms-form-605 .wpforms-pagebreak-left {\ntext-align: center;\n}\n\nform#wpforms-form-605 .wpforms-page-next {\nwidth: 48% ;\nfloat: right ;\nmargin: 0px ;\n}\n\nform#wpforms-form-605 .wpforms-page-prev {\nmargin-right: 0px ;\nwidth: 48% ;\nfloat: left ;\nmargin: 0 ;\npadding: 0 ;\n}\n"
                },
                {
                    "text": "To make this change for all forms, use this CSS instead."
                },
                {
                    "code": "\n.wpforms-pagebreak-left {\ntext-align: center !important;\n}\n\n.wpforms-page-next {\nwidth: 48% !important;\nfloat: right !important;\nmargin: 0px !important;\n}\n\n.wpforms-page-prev {\nmargin-right: 0px !important;\nwidth: 48% !important;\nfloat: left !important;\nmargin: 0 !important;\npadding: 0 !important;\n}\n"
                },
                {
                    "image_link": "https://wpforms.com/wp-content/uploads/2024/01/wpforms-larger-centered-pagebreak-buttons.jpg"
                }
            ]
        },
        {
            "subtitle": "Aligning the last buttons",
            "content": [
                {
                    "text": "With the multi-page form and using the Previous buttons, the final page of the form will show the final Previous button is above the Submit button. For our tutorial, we want to align these buttons to be on the same line."
                },
                {
                    "text": "So using all of the CSS we've used so far, let's pull this all together."
                },
                {
                    "code": "\nform#wpforms-form-605 .wpforms-page-next {\nwidth: 48% ;\nfloat: right ;\nmargin: 0px ;\n}\n\nform#wpforms-form-605 .wpforms-page-prev {\nmargin-right: 0px ;\nwidth: 48% ;\nfloat: left ;\nmargin: 0 ;\npadding: 0 ;\n}\n\nform#wpforms-form-605 .wpforms-submit-container {\nfloat: right ;\nwidth: 48% ;\nmargin: 0 ;\npadding: 0 ;\nclear: none ;\n}\n\nform#wpforms-form-605 .wpforms-submit-container button {\nwidth: 100%;\n}\n\nform#wpforms-form-605 .wpforms-page.last .wpforms-field-pagebreak {\nfloat: left;\ndisplay: block;\nwidth: 48%;\npadding: 0;\n}\n\nform#wpforms-form-605 .wpforms-page.last .wpforms-pagebreak-left {\nwidth: 100%;\n}\n\nform#wpforms-form-605 .wpforms-page.last .wpforms-page-prev {\nwidth: 100%;\n}\n"
                },
                {
                    "text": "And as with the other CSS above, if you want this for all forms, you would use this CSS."
                },
                {
                    "code": "\n.wpforms-page-next {\nwidth: 48% !important;\nfloat: right !important;\nmargin: 0px !important;\n}\n\n.wpforms-page-prev {\nmargin-right: 0px !important;\nwidth: 48% !important;\nfloat: left !important;\nmargin: 0 !important;\npadding: 0 !important;\n}\n\n.wpforms-submit-container {\nfloat: right !important;\nwidth: 48% !important;\nmargin: 0 !important;\npadding: 0 !important;\nclear: none !important;\n}\n\n.wpforms-submit-container button {\nwidth: 100% !important;\n}\n\n.wpforms-page.last .wpforms-field-pagebreak {\nfloat: left !important;\ndisplay: block !important;\nwidth: 48% !important;\npadding: 0 !important;\n}\n\n.wpforms-page.last .wpforms-pagebreak-left {\nwidth: 100% !important;\n}\n\n.wpforms-page.last .wpforms-page-prev {\nwidth: 100% !important;\n}\n"
                },
                {
                    "image_link": "https://wpforms.com/wp-content/uploads/2024/01/wpforms-pagebreak-buttons-submit.jpg"
                },
                {
                    "text": "And that's all you need to customize the look and feel of the multi-page buttons. Would you like to also move to the next page automatically based on a question for your form? Take a look at our tutorial on How to Move to the Next Page Automatically ."
                },
                {
                    "url": "https://wpforms.com/developers/how-to-move-to-the-next-page-automatically/"
                }
            ]
        }
    ],
    "section": "Developers",
    "category": "Tutorials"
}