{
    "product_name": "WPForms",
    "document_id": 542,
    "document_name": "How to Change Sub-labels for the Stripe Credit Card Field",
    "document_url": "https://wpforms.com/developers/how-to-change-sublabels-for-the-credit-card-field/",
    "author": "Editorial Team",
    "reviewer": "Molly Tyler",
    "date": "Updated: Oct 10, 2023, 12:04 PM",
    "version": "1.0",
    "title": "How to Change Sub-labels for the Stripe Credit Card Field",
    "content": [
        {
            "subtitle": "Introduction",
            "content": [
                {
                    "text": "Would you like to change sub-labels on your form Stripe Credit Card fields? You can change the sub-labels that appear below the fields on your form. In this tutorial, we'll show you the basics of how you can change the sub-labels on the Stripe Credit Card field using a PHP code snippet."
                },
                {
                    "text": "In WPForms, the Stripe Credit Card field displays two different fields:"
                },
                {
                    "text": "Card Number"
                },
                {
                    "text": "Name on Card"
                }
            ]
        },
        {
            "subtitle": "Saving the Stripe Settings",
            "content": [
                {
                    "text": "Before we create our form, we'll need to enable a setting under the Payments tab of WPForms settings. You can find this setting by navigating to WPForms Settings \" Payments . Under the Stripe heading, select Card Element for the Credit Card Field Mode ."
                },
                {
                    "text": "This tutorial will only work if you use the Card Element . If you have selected the Payment Element , this snippet will not work for you. Payment Elements are loaded on the page through an iFrame and these sub-labels cannot be changed from an iframe."
                },
                {
                    "image_link": "https://wpforms.com/wp-content/uploads/2020/02/wpforms-stripe-card-element.jpg"
                }
            ]
        },
        {
            "subtitle": "Creating the form",
            "content": [
                {
                    "text": "Next, you'll need to set up a form that has a Stripe Credit Card field. If you need any help in creating a form that would accept Stripe payments, please see this documentation ."
                },
                {
                    "url": "https://wpforms.com/docs/how-to-install-and-use-the-stripe-addon-with-wpforms/"
                },
                {
                    "image_link": "https://wpforms.com/wp-content/uploads/2020/02/stripe-credit-card-form.jpg"
                }
            ]
        },
        {
            "subtitle": "Adding the snippet to change the sub-labels",
            "content": [
                {
                    "text": "To change the sub-labels you'll need to add this snippet to your site. If you need any help in adding snippets to your site, please see this tutorial ."
                },
                {
                    "url": "https://wpforms.com/developers/how-to-add-custom-php-or-javascript-for-wpforms/"
                },
                {
                    "code": "\n/**\n * Customize Stripe credit card field properties.\n *\n * @link https://wpforms.com/developers/how-to-change-sublabels-for-the-credit-card-field\n */\n \nfunction wpf_dev_creditcard_field_properties( $properties, $field, $form_data ) {\n      \n    // Change sub-label text on the Card Number field\n    $properties[ 'inputs' ][ 'number' ][ 'sublabel' ][ 'value' ] = __( 'Enter your card number', 'text-domain' );\n  \n    // Change sub-label text on the Card Name field\n    $properties[ 'inputs' ][ 'name' ][ 'sublabel' ][ 'value' ] = __( 'Name as it appears on the card', 'text-domain' );\n      \n    return $properties;\n}\n  \nadd_filter( 'wpforms_field_properties_stripe-credit-card' , 'wpf_dev_creditcard_field_properties', 10, 3 );\n\n\n"
                },
                {
                    "text": "Please note that the below code snippet will only change the sub-labels on the Stripe Credit Card field."
                },
                {
                    "image_link": "https://wpforms.com/wp-content/uploads/2020/02/wpforms-change-credit-card-sublabels.jpg"
                },
                {
                    "text": "And that's it! You've now successfully changed the sub-labels. Would you like to change the sub-labels of the Name field? Take a look at our article on How to Change Sub-labels for the Name Field ."
                },
                {
                    "url": "https://wpforms.com/developers/how-to-change-sublabels-for-the-name-field/"
                }
            ]
        },
        {
            "subtitle": "Related",
            "content": [
                {
                    "text": "Filter Reference: wpforms_field_properties"
                },
                {
                    "url": "https://wpforms.com/developers/wpforms_field_properties/"
                }
            ]
        }
    ],
    "section": "Developers",
    "category": "Tutorials"
}