{
    "product_name": "WPForms",
    "document_id": 636,
    "document_name": "How to Change the Captcha Theme on Google Checkbox v2 reCAPTCHA",
    "document_url": "https://wpforms.com/developers/how-to-change-the-captcha-theme-on-google-checkbox-v2-recaptcha/",
    "author": "Editorial Team",
    "reviewer": "Molly Tyler",
    "date": "Updated: Apr 19, 2024, 13:12 PM",
    "version": "1.0",
    "title": "How to Change the Captcha Theme on Google Checkbox v2 reCAPTCHA",
    "content": [
        {
            "subtitle": "Creating the form",
            "content": [
                {
                    "text": "First, we'll begin with creating our form and adding our fields. If you need any help in how to create a form, please review this documentation ."
                },
                {
                    "url": "https://wpforms.com/docs/creating-first-form/"
                }
            ]
        },
        {
            "subtitle": "Enabling reCAPTCHA on your form",
            "content": [
                {
                    "text": "Next, you'll need to set up reCAPTCHA to your form. If you need assistance setting this up you can review our full documentation on How to Set Up reCAPTCHA in WPForms ."
                },
                {
                    "url": "https://wpforms.com/docs/setup-captcha-wpforms/"
                },
                {
                    "text": "The code shown below is specifically for the Google Checkbox v2 reCAPTCHA setting that you'll enable on your form's Settings \" Spam Protection and Security tab."
                },
                {
                    "image_link": "https://wpforms.com/wp-content/uploads/2019/10/wpforms-change-captcha-theme-settings.jpg"
                }
            ]
        },
        {
            "subtitle": "Changing the CAPTCHA theme",
            "content": [
                {
                    "text": "In the code snippet below we'll be adding a tag attribute to the .g-recaptcha div and set a data-theme tag to have a value of dark . This is what will change the captcha theme on the form. Now that reCAPTCHA has been added to your form, you can see what it looks like by default."
                },
                {
                    "text": "You can take a look at the reCAPTCHA Developers Guide from Google if you'd like to change any of the other default attributes."
                },
                {
                    "url": "https://developers.google.com/recaptcha/docs/display"
                },
                {
                    "text": "Finally, you'll need to add the following code snippet to your site. If you need any help in how to add snippets to your site, please review this tutorial."
                },
                {
                    "url": "https://wpforms.com/developers/how-to-add-custom-php-or-javascript-for-wpforms/"
                },
                {
                    "code": "\n/**\n * Change the captcha theme for the Google Checkbox v2 reCAPTCHA\n *\n * @link https://wpforms.com/developers/how-to-change-the-captcha-theme-on-google-checkbox-v2-recaptcha/\n */\n\nfunction wpf_dev_change_captcha_theme() {\n    ?>\n    <script type=\"text/javascript\">\n        jQuery(function($) {\n\n            $( '.g-recaptcha' ).attr( 'data-theme', 'dark' );\n        });\n\n    </script>\n    <?php\n}\nadd_action('wpforms_wp_footer_end', 'wpf_dev_change_captcha_theme', 30);\n"
                },
                {
                    "text": "Once the code has been added to your site, your captcha theme will now be set to Dark ."
                },
                {
                    "image_link": "https://wpforms.com/wp-content/uploads/2019/10/wpforms-dark-theme-google-captcha.jpg"
                },
                {
                    "text": "This snippet will also change the theme of the Invisible reCAPTCHA v2 as well as hCAPTCHA ."
                },
                {
                    "text": "And that's it! You've successfully changed the captcha theme from Light to Dark . Would you like to change the styling on the form's placeholder text? Take a look at our article on How to Style Placeholder Text for Form Fields ."
                },
                {
                    "url": "https://wpforms.com/developers/style-placeholder-text-for-form-fields/"
                }
            ]
        },
        {
            "subtitle": "Reference Action",
            "content": [
                {
                    "text": "wpforms_wp_footer_end"
                },
                {
                    "url": "https://wpforms.com/developers/wpforms_wp_footer_end/"
                }
            ]
        },
        {
            "subtitle": "FAQ",
            "content": []
        },
        {
            "subtitle": "Q: Can I also change the theme for hCAPTCHA?",
            "content": [
                {
                    "text": "A: Absolutely, you don't even need another script for this! You can use the same snippet to change the theme to dark for both reCAPTCHA v2 , Invisible reCAPTCHA v2 , and hCAPTCHA ."
                }
            ]
        }
    ],
    "section": "Developers",
    "category": "Extending"
}