{
    "product_name": "WPForms",
    "document_id": 582,
    "document_name": "Customizing the Style of Payment Fields",
    "document_url": "https://wpforms.com/docs/customizing-the-style-of-payment-fields/",
    "author": "David Ozokoye",
    "reviewer": "Molly Tyler",
    "date": "Published: Jun 4, 2024",
    "version": "1.0",
    "title": "Customizing the Style of Payment Fields",
    "content": [
        {
            "subtitle": "Using the Code Snippets Below",
            "content": [
                {
                    "text": "Below is a list of the CSS selectors you'll need to target specific fancy fields with your CSS code."
                },
                {
                    "text": "We've also included the default styles that WPForms automatically applies to those selectors. To customize any part of your form, you can copy a CSS snippet from this tutorial into your site, and then edit it as needed."
                },
                {
                    "text": "Note: Not sure how to add CSS to your site? Check out WPBeginner's tutorial on adding custom CSS to your WordPress site ."
                },
                {
                    "url": "http://www.wpbeginner.com/plugins/how-to-easily-add-custom-css-to-your-wordpress-site/"
                },
                {
                    "text": "Payment Fields Single Item Multiple Items Checkbox Items Dropdown Items Stripe Credit Card Square Authorize.Net Coupon Total"
                },
                {
                    "text": "Single Item"
                },
                {
                    "text": "Multiple Items"
                },
                {
                    "text": "Checkbox Items"
                },
                {
                    "text": "Dropdown Items"
                },
                {
                    "text": "Stripe Credit Card"
                },
                {
                    "text": "Square"
                },
                {
                    "text": "Authorize.Net"
                },
                {
                    "text": "Coupon"
                },
                {
                    "text": "Total"
                },
                {
                    "url": "#payment-fields"
                },
                {
                    "text": "Single Item"
                },
                {
                    "text": "Multiple Items"
                },
                {
                    "text": "Checkbox Items"
                },
                {
                    "text": "Dropdown Items"
                },
                {
                    "text": "Stripe Credit Card"
                },
                {
                    "text": "Square"
                },
                {
                    "text": "Authorize.Net"
                },
                {
                    "text": "Coupon"
                },
                {
                    "text": "Total"
                },
                {
                    "url": "#single-item"
                },
                {
                    "url": "#multiple-items"
                },
                {
                    "url": "#checkbox-items"
                },
                {
                    "url": "#dropdown-items"
                },
                {
                    "url": "#stripe-credit-card"
                },
                {
                    "url": "#square"
                },
                {
                    "url": "#authorize-net"
                },
                {
                    "url": "#coupon"
                },
                {
                    "url": "#total"
                },
                {
                    "text": "Note: To learn more about using the code below, be sure to check our tutorial on customizing the style of standard fields and other form elements ."
                },
                {
                    "url": "https://wpforms.com/docs/how-to-customize-the-style-of-individual-form-fields/"
                }
            ]
        },
        {
            "subtitle": "Payment Fields",
            "content": []
        },
        {
            "subtitle": "Single Item",
            "content": [
                {
                    "image_link": "https://wpforms.com/wp-content/uploads/2021/10/Single-Item-field.png"
                }
            ]
        },
        {
            "subtitle": "Single Item Padding",
            "content": [
                {
                    "code": ".wpforms-form .wpforms-field.wpforms-field-payment-single {\n    padding: 10px 0;\n    clear: both;\n}"
                }
            ]
        },
        {
            "subtitle": "Single Item Label",
            "content": [
                {
                    "code": ".wpforms-form .wpforms-field.wpforms-field-payment-single .wpforms-field-label {\n    display: block;\n    font-weight: 700;\n    font-size: 16px;\n    float: none;\n    line-height: 1.3;\n    margin: 0 0 4px 0;\n    padding: 0;\n}"
                }
            ]
        },
        {
            "subtitle": "Multiple Items",
            "content": [
                {
                    "image_link": "https://wpforms.com/wp-content/uploads/2021/10/Multiple-Items-field.png"
                }
            ]
        },
        {
            "subtitle": "Multiple Items Padding",
            "content": [
                {
                    "code": ".wpforms-form .wpforms-field.wpforms-field-payment-multiple {\n    padding: 10px 0;\n    clear: both;\n}"
                }
            ]
        },
        {
            "subtitle": "Multiple Items Label",
            "content": [
                {
                    "code": ".wpforms-form .wpforms-field.wpforms-field-payment-multiple .wpforms-field-label {\n    display: block;\n    font-weight: 700;\n    font-size: 16px;\n    float: none;\n    line-height: 1.3;\n    margin: 0 0 4px 0;\n    padding: 0;\n}"
                }
            ]
        },
        {
            "subtitle": "Checkbox Items",
            "content": [
                {
                    "image_link": "https://wpforms.com/wp-content/uploads/2021/10/Checkbox-items.png"
                }
            ]
        },
        {
            "subtitle": "Checkbox Items Padding",
            "content": [
                {
                    "code": ".wpforms-form .wpforms-field.wpforms-field-payment-checkbox {\n    padding: 10px 0;\n    clear: both;\n}"
                }
            ]
        },
        {
            "subtitle": "Checkbox Items Label",
            "content": [
                {
                    "code": ".wpforms-form .wpforms-field.wpforms-field-payment-checkbox .wpforms-field-label {\n    display: block;\n    font-weight: 700;\n    font-size: 16px;\n    float: none;\n    line-height: 1.3;\n    margin: 0 0 4px 0;\n    padding: 0;\n}"
                }
            ]
        },
        {
            "subtitle": "Checkbox Item Labels",
            "content": [
                {
                    "code": ".wpforms-form .wpforms-field.wpforms-field-payment-checkbox ul li .wpforms-field-label-inline {\n    display: inline;\n    vertical-align: baseline;\n    font-size: 16px;\n    font-weight: 400;\n    line-height: 1.3;\n}"
                }
            ]
        },
        {
            "subtitle": "Dropdown Items",
            "content": [
                {
                    "image_link": "https://wpforms.com/wp-content/uploads/2021/10/Dropdown-items-field.png"
                }
            ]
        },
        {
            "subtitle": "Dropdown Items Padding",
            "content": [
                {
                    "code": ".wpforms-form .wpforms-field.wpforms-field-payment-select {\n    padding: 10px 0;\n    clear: both;\n}"
                }
            ]
        },
        {
            "subtitle": "Dropdown Items Label",
            "content": [
                {
                    "code": ".wpforms-form .wpforms-field.wpforms-field-payment-select .wpforms-field-label {\n    display: block;\n    font-weight: 700;\n    font-size: 16px;\n    float: none;\n    line-height: 1.3;\n    margin: 0 0 4px 0;\n    padding: 0;\n}"
                }
            ]
        },
        {
            "subtitle": "Stripe Credit Card",
            "content": [
                {
                    "image_link": "https://wpforms.com/wp-content/uploads/2021/10/stripe-credit-card-field.png"
                }
            ]
        },
        {
            "subtitle": "Stripe Credit Card Padding",
            "content": [
                {
                    "code": ".wpforms-form .wpforms-field.wpforms-field-stripe-credit-card {\n    padding: 10px 0;\n    clear: both;\n}"
                }
            ]
        },
        {
            "subtitle": "Stripe Credit Card Label",
            "content": [
                {
                    "code": ".wpforms-form .wpforms-field.wpforms-field-stripe-credit-card .wpforms-field-label {\n    display: block;\n    font-weight: 700;\n    font-size: 16px;\n    float: none;\n    line-height: 1.3;\n    margin: 0 0 4px 0;\n    padding: 0;\n}"
                }
            ]
        },
        {
            "subtitle": "Stripe Credit Card Sublabels",
            "content": [
                {
                    "code": ".wpforms-form .wpforms-field.wpforms-field-stripe-credit-card .wpforms-field-sublabel {\n    display: block;\n    font-size: 13px;\n    float: none;\n    font-weight: 400;\n    line-height: 1.3;\n    margin: 0 0 4px 0;\n    padding: 0;\n}"
                }
            ]
        },
        {
            "subtitle": "Stripe Card Number Input Box",
            "content": [
                {
                    "code": ".wpforms-form .wpforms-field.wpforms-field-stripe-credit-card .wpforms-field-stripe-credit-card-cardnumber {\n    background-color: #fff;\n    box-sizing: border-box;\n    border-radius: 2px;\n    color: #333;\n    -webkit-box-sizing: border-box;\n    -moz-box-sizing: border-box;\n    display: block;\n    float: none;\n    font-size: 16px;\n    border: 1px solid #ccc;\n    padding: 8px 10px;\n    height: 38px;\n    width: 100%;\n    line-height: 1.3;\n}"
                }
            ]
        },
        {
            "subtitle": "Stripe Name on Card Input Box",
            "content": [
                {
                    "code": ".wpforms-form .wpforms-field.wpforms-field-stripe-credit-card input[type=text] {\n    background-color: #fff;\n    box-sizing: border-box;\n    border-radius: 2px;\n    color: #333;\n    -webkit-box-sizing: border-box;\n    -moz-box-sizing: border-box;\n    display: block;\n    float: none;\n    font-size: 16px;\n    border: 1px solid #ccc;\n    padding: 6px 10px;\n    height: 38px;\n    width: 100%;\n    line-height: 1.3;\n}"
                }
            ]
        },
        {
            "subtitle": "Square",
            "content": [
                {
                    "image_link": "https://wpforms.com/wp-content/uploads/2021/10/square-field.png"
                }
            ]
        },
        {
            "subtitle": "Square Padding",
            "content": [
                {
                    "code": ".wpforms-form .wpforms-field.wpforms-field-square {\n    padding: 10px 0;\n    clear: both;\n}"
                }
            ]
        },
        {
            "subtitle": "Square Label",
            "content": [
                {
                    "code": ".wpforms-form .wpforms-field.wpforms-field-square .wpforms-field-label {\n    display: block;\n    font-weight: 700;\n    font-size: 16px;\n    float: none;\n    line-height: 1.3;\n    margin: 0 0 4px 0;\n    padding: 0;\n}"
                }
            ]
        },
        {
            "subtitle": "Square Sublabels",
            "content": [
                {
                    "code": ".wpforms-form .wpforms-field.wpforms-field-square .wpforms-field-sublabel {\n    display: block;\n    font-size: 13px;\n    float: none;\n    font-weight: 400;\n    line-height: 1.3;\n    margin: 4px 0 0;\n    padding: 0;\n}"
                }
            ]
        },
        {
            "subtitle": "Square Card Details Input Box",
            "content": [
                {
                    "code": ".wpforms-form .wpforms-field.wpforms-field-square .sq-card-component {\n    position: relative;\n    height: inherit;\n    width: 100%;\n    border: 1px solid #ccc;\n    background-color: #fff;\n    border-radius: 2px;\n}"
                }
            ]
        },
        {
            "subtitle": "Square Name on Card Input Box",
            "content": [
                {
                    "code": ".wpforms-form .wpforms-field.wpforms-field-square .wpforms-field-square-cardname {\n    background-color: #fff;\n    box-sizing: border-box;\n    border-radius: 2px;\n    color: #333;\n    -webkit-box-sizing: border-box;\n    -moz-box-sizing: border-box;\n    display: block;\n    float: none;\n    font-size: 16px;\n    border: 1px solid #ccc;\n    padding: 6px 10px;\n    height: 38px;\n    width: 100%;\n    line-height: 1.3;\n}"
                }
            ]
        },
        {
            "subtitle": "Authorize.Net",
            "content": [
                {
                    "image_link": "https://wpforms.com/wp-content/uploads/2021/10/Authorize.net-field.png"
                }
            ]
        },
        {
            "subtitle": "Authorize.Net Padding",
            "content": [
                {
                    "code": ".wpforms-form .wpforms-field.wpforms-field-authorize_net {\n    padding: 10px 0;\n    clear: both;\n}"
                }
            ]
        },
        {
            "subtitle": "Authorize.Net Label",
            "content": [
                {
                    "code": ".wpforms-form .wpforms-field.wpforms-field-authorize_net .wpforms-field-label {\n    display: block;\n    font-weight: 700;\n    font-size: 16px;\n    float: none;\n    line-height: 1.3;\n    margin: 0 0 4px 0;\n    padding: 0;\n}"
                }
            ]
        },
        {
            "subtitle": "Authorize.Net Sublabels",
            "content": [
                {
                    "code": ".wpforms-form .wpforms-field.wpforms-field-authorize_net .wpforms-field-sublabel {\n    display: block;\n    font-size: 13px;\n    float: none;\n    font-weight: 400;\n    line-height: 1.3;\n    margin: 4px 0 0;\n    padding: 0;\n}"
                }
            ]
        },
        {
            "subtitle": "Authorize.Net Card Number Input Box",
            "content": [
                {
                    "code": ".wpforms-form .wpforms-field.wpforms-field-authorize_net .wpforms-field-authorize_net-cardnumber {\n    background-color: #fff;\n    box-sizing: border-box;\n    border-radius: 2px;\n    color: #333;\n    -webkit-box-sizing: border-box;\n    -moz-box-sizing: border-box;\n    display: block;\n    float: none;\n    font-size: 16px;\n    border: 1px solid #ccc;\n    padding: 6px 10px;\n    height: 38px;\n    width: 100%;\n    line-height: 1.3;\n}"
                }
            ]
        },
        {
            "subtitle": "Authorize.Net Card Month and Year",
            "content": [
                {
                    "code": ".wpforms-form .wpforms-field.wpforms-field-authorize_net select {\n    max-width: 100%;\n    text-transform: none;\n    white-space: nowrap;\n}"
                }
            ]
        },
        {
            "subtitle": "Authorize.Net Security Code Input Box",
            "content": [
                {
                    "code": ".wpforms-form .wpforms-field.wpforms-field-authorize_net .wpforms-field-authorize_net-code .wpforms-field-authorize_net-cardcvc {\n    background-color: #fff;\n    box-sizing: border-box;\n    border-radius: 2px;\n    color: #333;\n    -webkit-box-sizing: border-box;\n    -moz-box-sizing: border-box;\n    display: block;\n    float: none;\n    font-size: 16px;\n    border: 1px solid #ccc;\n    padding: 6px 10px;\n    height: 38px;\n    width: 100%;\n    line-height: 1.3;\n}"
                }
            ]
        },
        {
            "subtitle": "Coupon",
            "content": [
                {
                    "image_link": "https://wpforms.com/wp-content/uploads/2020/09/coupon-field.png"
                }
            ]
        },
        {
            "subtitle": "Coupon Padding",
            "content": [
                {
                    "code": ".wpforms-form .wpforms-field.wpforms-field-payment-coupon {\n    padding: 10px 0;\n    clear: both;\n}"
                }
            ]
        },
        {
            "subtitle": "Coupon Label",
            "content": [
                {
                    "code": ".wpforms-form .wpforms-field.wpforms-field-payment-coupon .wpforms-field-label {\n    display: block;\n    font-weight: 700;\n    font-size: 16px;\n    float: none;\n    line-height: 1.3;\n    margin: 0 0 4px 0;\n    padding: 0;\n}"
                }
            ]
        },
        {
            "subtitle": "Coupon Input Box",
            "content": [
                {
                    "code": ".wpforms-form .wpforms-field.wpforms-field-payment-coupon input {\n    background-color: #fff;\n    box-sizing: border-box;\n    border-radius: 2px;\n    color: #333;\n    -webkit-box-sizing: border-box;\n    -moz-box-sizing: border-box;\n    display: block;\n    float: none;\n    font-size: 16px;\n    border: 1px solid #ccc;\n    padding: 6px 10px;\n    height: 120px;\n    width: 100%;\n    line-height: 1.3;\n}"
                }
            ]
        },
        {
            "subtitle": "Coupon Apply Button",
            "content": [
                {
                    "code": ".wpforms-form .wpforms-field-payment-coupon-button {\n    font-size: var(--wpforms-label-size-sublabel-font-size, 14px);\n    font-weight: 500;\n    line-height: 100%;\n    background-color: var(--wpforms-label-sublabel-color, rgba(0,0,0,0.5));\n    box-shadow: none;\n    color: var(--wpforms-button-text-color, #fff);\n    border: none;\n    border-radius: var(--wpforms-button-border-radius, 3px);\n    padding: 0 var(--wpforms-button-size-padding-h, 15px);\n    white-space: nowrap;\n    margin-left: 15px;\n    height: var(--wpforms-field-size-input-height);\n    cursor: pointer;\n    position: relative;\n    transition: all 0.15s ease-in-out;\n    text-decoration: none\n}\n/* Apply button focus and hover styles */\n.wpforms-form .wpforms-field-payment-coupon-button:hover,\n.wpforms.form .wpforms-field-payment-coupon-button:active,\n.wpforms.form .wpforms-field-payment-coupon-button:focus {\n    background-color: var(--wpforms-field-text-color, rgba(0,0,0,0.7));\n    border: none;\n    box-shadow: none;\n    color: var(--wpforms-button-text-color, #fff)\n}\n"
                }
            ]
        },
        {
            "subtitle": "Total",
            "content": [
                {
                    "image_link": "https://wpforms.com/wp-content/uploads/2021/10/Total-field.png"
                }
            ]
        },
        {
            "subtitle": "Total Padding",
            "content": [
                {
                    "code": ".wpforms-form .wpforms-field.wpforms-field-payment-total {\n    padding: 10px 0;\n    clear: both;\n}"
                }
            ]
        },
        {
            "subtitle": "Total Label",
            "content": [
                {
                    "code": ".wpforms-form .wpforms-field.wpforms-field-payment-total .wpforms-field-label {\n    display: block;\n    font-weight: 700;\n    font-size: 16px;\n    float: none;\n    line-height: 1.3;\n    margin: 0 0 4px 0;\n    padding: 0;\n}"
                },
                {
                    "text": "That's it! Now you know how to use these selectors to apply custom CSS to payment fields on your forms."
                },
                {
                    "text": "Next, would you like even more customization options? Be sure to check out our tutorial on customizing the submit button ."
                },
                {
                    "url": "https://wpforms.com/docs/how-to-customize-the-submit-button/"
                }
            ]
        }
    ],
    "section": "Documentation",
    "category": "Styling and Customization"
}