{
    "product_name": "WPForms",
    "document_id": 397,
    "document_name": "How to Customize the Rich Text Field TinyMCE Icons",
    "document_url": "https://wpforms.com/developers/how-to-customize-the-rich-text-field-tinymce-icons/",
    "author": "Editorial Team",
    "reviewer": "Molly Tyler",
    "date": "Updated: May 8, 2024, 13:05 PM",
    "version": "1.0",
    "title": "How to Customize the Rich Text Field TinyMCE Icons",
    "content": [
        {
            "subtitle": "Creating the form",
            "content": [
                {
                    "text": "To begin, we'll create a guest post submission form and add a Rich Text field to the form for the content of the post. If you need assistance creating your form, please review this documentation ."
                },
                {
                    "url": "https://wpforms.com/docs/creating-first-form/"
                },
                {
                    "image_link": "https://wpforms.com/wp-content/uploads/2022/09/wpforms-customize-tinymce-icons.jpg"
                }
            ]
        },
        {
            "subtitle": "Customizing the icons",
            "content": [
                {
                    "text": "Now it's time to add the snippet to your site. For this tutorial, we're going to add some new icons but also shuffle some of the other icons around between the top and bottom toolbars."
                },
                {
                    "text": "For assistance in how and where to add snippets to your site, please check out this tutorial ."
                },
                {
                    "url": "https://wpforms.com/developers/how-to-add-custom-php-or-javascript-for-wpforms/"
                },
                {
                    "text": "For any changes to either toolbar, you'll need to remember to include the default ones you want to show as well. Customizations are taken literally so if you only include three icons on the top toolbar, only those three would show."
                },
                {
                    "code": "\n/**\n * Customize Rich Text Field TinyMCE buttons for top toolbar.\n *\n * @link https://wpforms.com/developers/how-to-customize-the-rich-text-field-tinymce-icons/\n */\n  \n// Function to change the top toolbar\nfunction wpf_dev_customize_tinymce_buttons_toolbar1( $toolbar, $field_id, $field_data ) {\n \n\t$toolbar = [\n\t\t'fontselect',\n\t\t'fontsizeselect',\n\t\t'forecolor',\n\t\t'indent',\n\t\t'outdent',\n\t\t'italic',\n\t\t'styleselect',\n\t\t'strikethrough',\n\t\t'subscript',\n\t\t'superscript',\n\t\t'underline',\n\t\t'charmap',\n\t\t'hr',\n\t\t'link',\n\t\t'wp_more',\n\t\t'wp_adv',\n\t];\n\t\n\treturn $toolbar;\n}\nadd_filter( 'wpforms_richtext_get_toolbar1', 'wpf_dev_customize_tinymce_buttons_toolbar1', 10, 3 );\n\n/**\n * Customize Rich Text Field TinyMCE buttons for bottom toolbar.\n *\n * @link https://wpforms.com/developers/how-to-customize-the-rich-text-field-tinymce-icons/\n */\n  \n// Function to change the top toolbar\nfunction wpf_dev_customize_tinymce_buttons_toolbar2( $toolbar, $field_id, $field_data ) {\n \n\t$toolbar = [\n\t\t'wp_help',\n\t\t'aligncenter',\n\t\t'alignjustify',\n\t\t'alignleft',\n\t\t'alignnone',\n\t\t'alignright',\n\t\t'blockquote',\n\t\t'backcolor',\n\t\t'bold',\n\t\t'copy',\n\t\t'cut',\n\t\t'paste',\n\t\t'bullist',\n\t\t'numlist',\n\t\t'undo',\n\t\t'redo',\n\t\t'remove',\n\t\t'removeformat',\n\t\t'selectall',\n\t];\n\t\n\treturn $toolbar;\n}\nadd_filter( 'wpforms_richtext_get_toolbar2', 'wpf_dev_customize_tinymce_buttons_toolbar2', 10, 3 );\n\n"
                },
                {
                    "text": "Now when your form displays, you'll see the top and bottom toolbars have changed from the default icons to the icons you add through this custom snippet."
                },
                {
                    "image_link": "https://wpforms.com/wp-content/uploads/2022/09/wpforms-customize-tnymce-icons.jpg"
                }
            ]
        },
        {
            "subtitle": "Removing the icons",
            "content": [
                {
                    "text": "If you would like to remove the icons altogether, you could use custom CSS to achieve. If you're not sure where or how to add custom CSS, please review this tutorial ."
                },
                {
                    "url": "https://wpforms.com/developers/how-to-add-custom-css-styles-for-wpforms/"
                }
            ]
        },
        {
            "subtitle": "For all forms",
            "content": [
                {
                    "text": "To remove the icons and the Visual and Text tabs for all forms, use this CSS."
                },
                {
                    "code": "\n.wpforms-field .wp-editor-tabs, .wpforms-field .quicktags-toolbar {\n    display: none !important;\n}\n"
                }
            ]
        },
        {
            "subtitle": "For specific forms",
            "content": [
                {
                    "text": "To remove these icons and the Visual and Text tabs for a specific form, please use this CSS."
                },
                {
                    "code": "\ndiv#qt_wpforms-1481-field_3_toolbar, #wp-wpforms-1481-field_3-editor-tools .wp-editor-tabs {\n    display: none;\n}\n"
                },
                {
                    "text": "Please remember to update the form and field ID in the above CSS snippet. For this example, our form ID is 1481 and the field ID for our Rich Text field is 3 . You'll need to update these to match your own form and field IDs. If you're not sure where to find these IDs, please review this guide ."
                },
                {
                    "url": "https://wpforms.com/developers/how-to-locate-form-id-and-field-id/"
                },
                {
                    "text": "And that's all you need to customize the Rich Text form field! Would you like to customize the icons when using the Rating form field? Check out our guide on How to Customize the Look of the Rating Icons ."
                },
                {
                    "url": "https://wpforms.com/developers/how-to-customize-the-look-of-the-rating-icons/"
                }
            ]
        }
    ],
    "section": "Developers",
    "category": "Tutorials"
}