{
    "product_name": "WPForms",
    "document_id": 557,
    "document_name": "How to Add Transitions to Checkbox and Multiple Choice Selections",
    "document_url": "https://wpforms.com/developers/how-to-add-transitions-to-checkbox-and-multiple-choice-selections/",
    "author": "Editorial Team",
    "reviewer": "Molly Tyler",
    "date": "Updated: May 1, 2024, 14:00 PM",
    "version": "1.0",
    "title": "How to Add Transitions to Checkbox and Multiple Choice Selections",
    "content": [
        {
            "subtitle": "Creating the form",
            "content": [
                {
                    "text": "First, you'll need to create your form and set up your Checkbox and/or Multiple Choice form fields as well as any other fields needed."
                },
                {
                    "text": "If you need any help with this step, please review this documentation ."
                },
                {
                    "url": "https://wpforms.com/docs/creating-first-form/"
                },
                {
                    "image_link": "https://wpforms.com/wp-content/uploads/2020/06/wpforms-create-new-form-with-checkbox.jpg"
                }
            ]
        },
        {
            "subtitle": "Adding the transitions",
            "content": [
                {
                    "text": "Now it's time to add the CSS to your site. If you're not sure how or where to add CSS to your site, please review this tutorial ."
                },
                {
                    "url": "https://wpforms.com/developers/how-to-add-custom-css-styles-for-wpforms/"
                },
                {
                    "code": "\nul#wpforms-999-field_3 li label, \nul#wpforms-999-field_27 li label {\n    padding: 10px;\n    transition: all ease 0.3s;\n    background: linear-gradient(to right, #e27730 50%, #cd631d 50%);\n    background-size: 200% 100%;\n    background-position: left bottom;\n    color: white;\n}\nul#wpforms-999-field_3 li.wpforms-selected label, \nul#wpforms-999-field_3 li label:hover, \nul#wpforms-999-field_27 li.wpforms-selected label, \nul#wpforms-999-field_27 li label:hover {\n    cursor: pointer;\n    border-radius: 2px;\n    background-position: right top;\n}\nul#wpforms-999-field_3 li input, ul#wpforms-999-field_27 li input {\n    display: none;\n}\nul#wpforms-999-field_3 li, \nul#wpforms-999-field_27 li {\n    float: left;\n    width: auto;\n    display: inline-block;\n    padding: 10px !important;\n}\n"
                },
                {
                    "image_link": "https://wpforms.com/wp-content/uploads/2020/06/css-transitions-checkbox.gif"
                },
                {
                    "text": "The above CSS will be applied only to the form ID 999 . This will need to be changed to match your own form ID. The field IDs of field_27 and field_3 will also need updated to match the field IDs for your Checkbox and Multiple Choice fields in your form."
                },
                {
                    "text": "Each Checkbox and Multiple Choice field has it's own ID so if you have more than two in your form, you would just duplicate the CSS, change the field ID number and separate each one with a comma."
                },
                {
                    "text": "If you need to find your form or field IDs, please see this tutorial ."
                },
                {
                    "url": "https://wpforms.com/developers/how-to-locate-form-id-and-field-id/"
                },
                {
                    "text": "To learn more about CSS transitions, you can take a look at this documentation ."
                },
                {
                    "url": "https://developer.mozilla.org/en-US/docs/Web/CSS/CSS_Transitions/Using_CSS_transitions"
                },
                {
                    "text": "And that's it, you've successfully added the CSS to create a transition for Checkbox and Multiple Choice to your form."
                },
                {
                    "text": "Would you like to add some CSS that will make the text form fields pop off the page when the visitor is typing inside them? Check out our tutorial on How to Add CSS to the Form Field Focus ."
                },
                {
                    "url": "https://wpforms.com/developers/how-to-add-css-to-the-form-field-focus/"
                }
            ]
        }
    ],
    "section": "Developers",
    "category": "Styling"
}