{
    "product_name": "WPForms",
    "document_id": 129,
    "document_name": "wpforms_frontend_recaptcha",
    "document_url": "https://wpforms.com/developers/wpforms_frontend_recaptcha/",
    "author": null,
    "reviewer": null,
    "date": null,
    "version": "1.0",
    "title": "wpforms_frontend_recaptcha",
    "content": [
        {
            "subtitle": "Description",
            "content": [
                {
                    "text": "The wpforms_frontend_recaptcha filter is used to alter the default data attributes with Google's reCAPTCHA."
                }
            ]
        },
        {
            "subtitle": "Parameters",
            "content": [
                {
                    "text": "$data: (array)Array of data attributes for reCAPTCHA."
                },
                {
                    "text": "$form_data: (array)Processed form settings/data, prepared to be used later."
                }
            ]
        },
        {
            "subtitle": "Source",
            "content": [
                {
                    "text": "wpforms/src/Frontend/Captcha.php"
                }
            ]
        },
        {
            "subtitle": "More Information",
            "content": [
                {
                    "text": "The filter can be used to alter the default data attributes set when using Google's reCAPTCHA."
                }
            ]
        },
        {
            "subtitle": "Example",
            "content": [
                {
                    "code": "\n/**\n * Alter default reCAPTCHA data attributes.\n *\n * @link    https://wpforms.com/developers/wpforms_frontend_recaptcha/\n *\n * @param   array  $data       Array of data attributes from Google's reCAPTCHA.\n * @param   array  $form_data  Form data.\n *\n * @return  array\n */\n\nfunction wpf_dev_invisible_recaptcha_position( $data, $form_data ) {\n     \n    $type = wpforms_setting( 'recaptcha-type', 'v2' );\n    if ( 'invisible' === $type ) {\n        $data[ 'badge' ] = 'inline';\n    }\n\n    return $data;\n\n}\nadd_filter( 'wpforms_frontend_recaptcha', 'wpf_dev_invisible_recaptcha_position', 10, 2 );\n\n"
                }
            ]
        },
        {
            "subtitle": "Reference Articles",
            "content": [
                {
                    "text": "How to Change the Position of the v2 Invisible reCAPTCHA Badge"
                },
                {
                    "url": "https://wpforms.com/developers/how-to-change-the-position-of-the-v2-invisible-recaptcha-badge/"
                }
            ]
        }
    ],
    "section": "Developers",
    "category": "Filters Hooks"
}