{
    "product_name": "WPForms",
    "document_id": 380,
    "document_name": "Upgrading from WPForms Lite to a Paid License",
    "document_url": "https://wpforms.com/docs/upgrade-wpforms-lite-paid-license/",
    "author": "Umair Majeed",
    "reviewer": "Molly Tyler",
    "date": "Updated: Jan 30, 2024",
    "version": "1.0",
    "title": "Upgrading from WPForms Lite to a Paid License",
    "content": [
        {
            "subtitle": "Purchasing a WPForms License",
            "content": [
                {
                    "text": "To get started, you'll need to visit our Upgrade page . This page will show you all of the features available with our paid license levels, so check out any options you're interested in for more details."
                },
                {
                    "url": "https://wpforms.com/lite-upgrade/"
                },
                {
                    "text": "When you're ready, click the Upgrade Now button."
                },
                {
                    "image_link": "https://wpforms.com/wp-content/uploads/2019/09/lite-upgrade-now.png"
                },
                {
                    "text": "This will open the WPForms Pricing page. Here you can see all the features available with each license level so that you can decide which is the best fit for your site."
                },
                {
                    "url": "https://wpforms.com/pricing-lite/"
                },
                {
                    "text": "When you've determined which license has the features you need, click the Get Started button for that option to begin the checkout process."
                },
                {
                    "image_link": "https://wpforms.com/wp-content/uploads/2023/11/choose-license-get-started-1-1.png"
                },
                {
                    "text": "Currently, we automatically apply a 50% discount for the first year for all new licenses. On the checkout screen, the discount code should already be in place for you."
                },
                {
                    "image_link": "https://wpforms.com/wp-content/uploads/2019/09/checkout-upgrade-discount.png"
                },
                {
                    "text": "The last step is to enter your payment details and create a WPForms account. Your account will provide access to your paid plugin downloads, so you'll need the login credentials you create here a little later in this tutorial."
                },
                {
                    "text": "After you fill out all of the fields, click the Complete Checkout button to finalize your order."
                },
                {
                    "image_link": "https://wpforms.com/wp-content/uploads/2019/09/lite-upgrade-complete-checkout.png"
                },
                {
                    "text": "You'll receive an email receipt of your purchase, delivered to the email address you just used to create your WPForms account."
                }
            ]
        },
        {
            "subtitle": "Installing the Paid WPForms Plugin",
            "content": [
                {
                    "text": "Note: The steps below only apply to self-hosted WordPress sites. If you're using a site created with a WordPress.com business account, please see our instructions for installing WPForms on a WordPress.com site ."
                },
                {
                    "url": "https://wpforms.com/docs/how-to-use-wpforms-with-a-wordpress-com-business-account/#installation"
                },
                {
                    "text": "Once you've purchased a license, you can complete the upgrade process by adding your license key to your WPForms settings. This will install the paid version of the plugin for you."
                },
                {
                    "text": "To start this process, you'll need to log in to your WordPress site. Then go to WPForms \" Settings . On this page, you should see a field named License Key ."
                },
                {
                    "image_link": "https://wpforms.com/wp-content/uploads/2023/11/WPForms-Lite-settings-license-key-field.png 1116w, https://wpforms.com/wp-content/uploads/2023/11/WPForms-Lite-settings-license-key-field-300x188.png 300w, https://wpforms.com/wp-content/uploads/2023/11/WPForms-Lite-settings-license-key-field-1024x642.png 1024w, https://wpforms.com/wp-content/uploads/2023/11/WPForms-Lite-settings-license-key-field-768x482.png 768w"
                },
                {
                    "text": "To find your license key, log in to your WPForms account in another browser tab or window and click on the Downloads tab ."
                },
                {
                    "url": "https://wpforms.com/account/licenses/"
                },
                {
                    "image_link": "https://wpforms.com/wp-content/uploads/2019/09/WPForms-account-downloads.png 1116w, https://wpforms.com/wp-content/uploads/2019/09/WPForms-account-downloads-300x120.png 300w, https://wpforms.com/wp-content/uploads/2019/09/WPForms-account-downloads-1024x409.png 1024w, https://wpforms.com/wp-content/uploads/2019/09/WPForms-account-downloads-768x307.png 768w"
                },
                {
                    "text": "On this page, you'll see your license key directly under the license type. Click on the clipboard icon to copy it."
                },
                {
                    "image_link": "https://wpforms.com/wp-content/uploads/2019/09/copy-license-key.png"
                },
                {
                    "text": "Then paste your license key into your WPForms settings and click the Verify Key button."
                },
                {
                    "image_link": "https://wpforms.com/wp-content/uploads/2023/11/enter-license-key-verify.png"
                },
                {
                    "text": "The automatic verification process will then run. As soon as your license key has been verified, you should be taken to a new screen to confirm that you'd like to proceed."
                },
                {
                    "text": "To begin the installation process, you'll need to click the Connect and Install WPForms Pro button."
                },
                {
                    "image_link": "https://wpforms.com/wp-content/uploads/2019/09/connect-install-WPForms-Pro.png"
                },
                {
                    "text": "Next, the paid plugin will be automatically installed for you (this may take a few moments). Once it's all done, you'll see a success message."
                },
                {
                    "image_link": "https://wpforms.com/wp-content/uploads/2019/07/WPForms-paid-plugin-has-been-installed-successfully.jpg"
                },
                {
                    "text": "Note: If the automatic installation fails, your host may have restrictions that prevent it from running. You'll need to manually install the paid version of the plugin instead. See our tutorial on installing WPForms for guidance."
                },
                {
                    "url": "https://wpforms.com/docs/install-wpforms-plugin/"
                },
                {
                    "text": "After you click the OK button, you should be redirected back to the WPForms settings for your WordPress site. The paid version of WPForms is all set and ready for you to use!"
                },
                {
                    "text": "You should see that your license key has already been verified, and your license type will be displayed."
                },
                {
                    "image_link": "https://wpforms.com/wp-content/uploads/2019/09/view-license-WPForms-settings.png"
                }
            ]
        },
        {
            "subtitle": "Deleting WPForms Lite",
            "content": [
                {
                    "text": "Once you've completed the installation of our paid version, you can delete WPForms Lite from your Plugins page. All forms and settings will now be managed by the paid plugin, so no data will be lost by deleting the free version."
                },
                {
                    "text": "Just go to Plugins \" Installed Plugins , hover over WPForms Lite, and click on Delete ."
                },
                {
                    "image_link": "https://wpforms.com/wp-content/uploads/2019/07/Delete-WPForms-Lite-from-WordPress-plugins.jpg"
                }
            ]
        },
        {
            "subtitle": "Frequently Asked Questions",
            "content": [
                {
                    "text": "These are some of the top questions we receive about upgrading from WPForms Lite to a paid license."
                }
            ]
        },
        {
            "subtitle": "Will all of my Lite forms still be available after I upgrade?",
            "content": [
                {
                    "text": "Yes! After you install your paid version of WPForms and delete WPForms Lite, you'll still have access to all of the forms you created while using our free version."
                }
            ]
        },
        {
            "subtitle": "Once I upgrade to a paid license, will my Lite entries become available?",
            "content": [
                {
                    "text": "For your Lite entries to become available, you first have to enable form entry backups with Lite Connect . All form entries collected after enabling this feature will become available once you upgrade."
                },
                {
                    "url": "https://wpforms.com/docs/how-to-use-lite-connect-for-wpforms/#backup-with-lite-connect"
                },
                {
                    "text": "Note : Only the entries collected after enabling entry backups in Lite Connect will become available after the upgrade. All entries submitted before enabling entry backups will not be available when you upgrade."
                },
                {
                    "text": "That's it! You can now install the paid version of WPForms and access tons of additional features."
                },
                {
                    "text": "Next, explore your new options such as conditional logic and our WPForms addons ."
                },
                {
                    "url": "https://wpforms.com/docs/how-to-use-conditional-logic-with-wpforms/"
                },
                {
                    "url": "https://wpforms.com/docs/install-activate-wpforms-addons/"
                }
            ]
        }
    ],
    "section": "Documentation",
    "category": "Account Management"
}