{
    "product_name": "WPForms",
    "document_id": 150,
    "document_name": "Creating a Custom Login Form",
    "document_url": "https://wpforms.com/docs/creating-a-custom-login-form/",
    "author": "David Ozokoye",
    "reviewer": "Claire Broadley",
    "date": "Published: May 24, 2024",
    "version": "1.0",
    "title": "Creating a Custom Login Form",
    "content": [
        {
            "subtitle": "Accessing the Login Form Template",
            "content": [
                {
                    "text": "After activating and setting up the User Registration addon, go to WPForms \" Add New . On the Setup page, search for \"User Login.\" Then hover over the User Login Form template and click Use Template ."
                },
                {
                    "image_link": "https://wpforms.com/wp-content/uploads/2024/05/select-user-login-form.png"
                },
                {
                    "text": "The template is ready to go as is, so you don't need to customize the form. However, we'll show you how to customize the login form below."
                }
            ]
        },
        {
            "subtitle": "Customizing the Login Form",
            "content": [
                {
                    "text": "For this, go to Settings \" User Registration in the form builder. Here, you'll see the Hide form if user is logged in option."
                },
                {
                    "image_link": "https://wpforms.com/wp-content/uploads/2024/05/login-form-settings.png"
                },
                {
                    "text": "Hiding the login form for logged-in users is a great way to improve user experience as it helps reduce confusion."
                },
                {
                    "text": "In the Logged In Message field, you'll be able to customize the message logged-in users will see if they try to access your login form."
                },
                {
                    "image_link": "https://wpforms.com/wp-content/uploads/2021/03/login-form-user-registration-settings.png"
                },
                {
                    "text": "Here's an example of what this message looks like on the frontend."
                },
                {
                    "image_link": "https://wpforms.com/wp-content/uploads/2024/02/logged-in-confirmation.png"
                },
                {
                    "text": "When you're happy with your login form, remember to save it before exiting the form builder and embedding it on a page ."
                },
                {
                    "url": "https://wpforms.com/docs/displaying-forms-on-your-site/"
                },
                {
                    "text": "Note: For more ideas and details on how to customize your login form, check out our blog post on creating a custom Login Page ."
                },
                {
                    "url": "https://wpforms.com/how-to-create-custom-wordpress-login-form/"
                },
                {
                    "text": "That's it! Now you know how to create a custom login form in WPForms."
                },
                {
                    "text": "Next, would you like to allow users to reset their passwords if they forget it? Be sure to check our tutorial on creating a password reset form to learn how."
                },
                {
                    "url": "https://wpforms.com/docs/creating-a-custom-password-reset-form/"
                }
            ]
        }
    ],
    "section": "Documentation",
    "category": "Advanced Form Features"
}