{
    "product_name": "WPForms",
    "document_id": 261,
    "document_name": "How to Change Validation Messages for User Registration Addon",
    "document_url": "https://wpforms.com/developers/change-validation-messages-for-user-registration-addon/",
    "author": "Editorial Team",
    "reviewer": "Molly Tyler",
    "date": "Updated: Jun 17, 2024, 14:03 PM",
    "version": "1.0",
    "title": "How to Change Validation Messages for User Registration Addon",
    "content": [
        {
            "subtitle": "Creating the form",
            "content": [
                {
                    "text": "After installing the User Registration addon for WPForms , you will have access to some pre-made templates: User Login Form and User Registration Form ."
                },
                {
                    "url": "https://wpforms.com/docs/how-to-install-and-use-user-registration-addon-with-wpforms/"
                },
                {
                    "text": "This tutorial focuses on the messages that might appear during the registration process, so we'll create a new user registration form. If you need help creating this form, refer to the provided documentation ."
                },
                {
                    "url": "https://wpforms.com/docs/how-to-install-and-use-user-registration-addon-with-wpforms/"
                },
                {
                    "text": "Along with the standard validation messages , these forms can display specific error messages as needed."
                },
                {
                    "url": "https://wpforms.com/docs/customize-wpforms-validation-messages/"
                },
                {
                    "image_link": "https://wpforms.com/wp-content/uploads/2020/03/create-user-registration-form-wpforms.jpg"
                }
            ]
        },
        {
            "subtitle": "Changing the validation messages",
            "content": [
                {
                    "text": "In order to change the validation messages, you'll need to add one of the snippets below to your site."
                },
                {
                    "text": "If you need help with how to add snippets to your site, please see this tutorial."
                },
                {
                    "url": "https://wpforms.com/developers/how-to-add-custom-php-or-javascript-for-wpforms/"
                }
            ]
        },
        {
            "subtitle": "Username already exists error",
            "content": [
                {
                    "text": "By default, this error will display: \" A user with that username already exists. \" In the code example below, we modify this text and add a link to the login."
                },
                {
                    "code": "\n/**\n * Change the User Registration Form error message for the already existing username.\n * \n * @link https://wpforms.com/developers/change-validation-messages-for-user-registration-addon/\n */\n\nfunction wpf_dev_user_registration_username_exists( $msg ) {\n \n    // This is the message that would appear\n    $msg =  __( 'A user with that username already exists. Please <a href=\"http://yourdomain/wp-admin/\">log in here</a> to your account.', 'text-domain' );\n \n    return $msg;\n}\n \nadd_filter( 'wpforms_user_registration_process_registration_process_username_exists_error_message', 'wpf_dev_user_registration_username_exists', 10, 1 );\n"
                }
            ]
        },
        {
            "subtitle": "Email already exists error",
            "content": [
                {
                    "text": "By default, this error will display: \" A user with that email already exists. \" In the code example below, we modify this text and add a link to the login."
                },
                {
                    "code": "\n/**\n * Change the User Registration Form error message for already existing email address.\n * \n * @link https://wpforms.com/developers/change-validation-messages-for-user-registration-addon/\n */\n\nfunction wpf_dev_user_registration_email_exists( $msg ) {\n  \n    // This is the message that would appear\n    $msg =  __( 'A user with that username already exists. Please <a href=\"http://yourdomain/wp-admin/\">log in here</a> to your account.', 'text-domain' );\n  \n    return $msg;\n}\n  \nadd_filter( 'wpforms_user_registration_process_registration_process_user_email_exists_error_message', 'wpf_dev_user_registration_email_exists', 10, 1 );\n"
                }
            ]
        },
        {
            "subtitle": "Incorrect password error",
            "content": [
                {
                    "text": "By default, this error will display: \" Error: The password you entered for the username is incorrect. Lost your password? \" In the code example below, we modify this text and add a the password reset link to a physical URL."
                },
                {
                    "code": "\n/**\n * Password is incorrect.\n *\n * @link    https://wpforms.com/developers/change-validation-messages-for-user-registration-addon/\n */\n \nfunction wpf_dev_user_registration_login_error( $msg ) {\n  \n        // This is the message that would appear in the email\n    $msg = __('Sorry something went wrong! ', 'text-domain');\n    $msg .= '<a href=\\\\\"http://www.website.com\\\\\">';\n    $msg .= __('Would you like to reset your password?', 'text-domain');\n    $msg .= '</a>';\n  \n    return $msg;\n}\n  \nadd_filter( 'wpforms_user_registration_process_login_process_wp_error_message', 'wpf_dev_user_registration_login_error', 10, 1 );\n"
                },
                {
                    "text": "When adding a URL in PHP, you need to escape the URL which is why there are 2 slashes before the URL and after."
                },
                {
                    "text": "Please keep in mind if you change the password reset URL, the user wouldn't be able to automatically reset their own password through WordPress."
                },
                {
                    "text": "And that's all you need to add additional validation messages for the User Registration addon . Would you like to automatically log your users in once they've completed registration? Please review our tutorial on How to Automatically Log in Users After Registration ."
                },
                {
                    "url": "https://wpforms.com/developers/automatically-log-in-users-after-registration/"
                }
            ]
        },
        {
            "subtitle": "Reference Filters",
            "content": [
                {
                    "text": "wpforms_user_registration_process_registration_process_user_email_exists_error_message"
                },
                {
                    "text": "wpforms_user_registration_process_login_process_wp_error_message"
                },
                {
                    "text": "wpforms_user_registration_process_registration_process_username_exists_error_message"
                },
                {
                    "url": "https://wpforms.com/developers/wpforms_user_registration_process_registration_process_user_email_exists_error_message/"
                },
                {
                    "url": "https://wpforms.com/developers/wpforms_user_registration_process_login_process_wp_error_message/"
                },
                {
                    "url": "https://wpforms.com/developers/wpforms_user_registration_process_registration_process_username_exists_error_message/"
                }
            ]
        },
        {
            "subtitle": "FAQ",
            "content": []
        },
        {
            "subtitle": "Q: Can I show all of the error messages at once?",
            "content": [
                {
                    "text": "A: No, PHP is executed in the order the snippets are added or in order of the priority set on the function. If you added the wpforms_user_registration_username_exists snippet first on your site, once the form is submitted, it will execute your snippets in the order they were added and display the message for the first snippet it fails."
                }
            ]
        },
        {
            "subtitle": "Q: Can you change messages for the user login form?",
            "content": [
                {
                    "text": "A: Absolutely! By default, the user login form will display hints much like the traditional WordPress login form . By using the code snippet below, you can create a more generic message without a hint for all forms."
                },
                {
                    "url": "http://www.wpbeginner.com/wp-tutorials/how-to-disable-login-hints-in-wordpress-login-error-messages/"
                },
                {
                    "code": "\n/**\n * Change the User Login Form error message.\n * \n * @link https://wpforms.com/developers/change-validation-messages-for-user-registration-addon/\n */\n\n\nfunction wpf_dev_user_registration_login_error($msg) {\n \n        // This is the message that would appear in the email\n    $msg = __( 'Sorry something went wrong! ', 'text-domain' );\n\t$msg .= '<a href=\"'.esc_url( wp_lostpassword_url() ).'\">';\n\t$msg .= __( 'Would you like to reset your password?', 'text-domain' );\n\t$msg .= '</a>';\n \n    return $msg;\n}\n \nadd_filter( 'wpforms_user_registration_process_login_process_wp_error_message', 'wpf_dev_user_registration_login_error', 10, 2 );\n"
                },
                {
                    "text": "You can even set a specific error message for all login errors by form ID. To achieve this use this snippet and change the form IDs and messages to your liking. If you need assistance in locating your form ID numbers, please review this tutorial ."
                },
                {
                    "url": "https://wpforms.com/developers/how-to-locate-form-id-and-field-id/"
                },
                {
                    "code": "\n/**\n * Change the User Login Form error message specific per form.\n * \n * @link https://wpforms.com/developers/change-validation-messages-for-user-registration-addon/\n */\n\nfunction wpf_dev_form_login_errors( $fields, $entry, $form_data ) {\n   $form_id = (int) $form_data[ 'id' ];\n     \n   add_filter(\n      'wpforms_user_registration_login_error',\n \n      function ( $message, $code ) use ( $form_id ) {\n \n         // This if for form ID 525\n         if ( $form_id === 525) {\n \n            // This is the specific message for form ID 525\n            return __( 'The error message here for form #525', 'text-domain' );\n         }\n           \n     // This is for form ID 526 \n         if ( $form_id === 526) {\n  \n            // This is the specific message for form ID 526\n            return __( 'The error message here for form #526', 'text-domain' );\n         }\n           \n         return $message;\n      },\n \n      10,\n      2\n   );\n \n}\nadd_action( 'wpforms_process', 'wpf_dev_form_login_errors', 9, 3 );\n"
                }
            ]
        }
    ],
    "section": "Developers",
    "category": "Addons"
}