{
    "product_name": "WPForms",
    "document_id": 503,
    "document_name": "Locating Your License",
    "document_url": "https://wpforms.com/docs/how-to-find-your-wpforms-license-details/",
    "author": "Umair Majeed",
    "reviewer": "Molly Tyler",
    "date": "Updated: May 21, 2024",
    "version": "1.0",
    "title": "Locating Your License",
    "content": [
        {
            "subtitle": "Accessing Your License Details in Your WPForms Account",
            "content": [
                {
                    "text": "For a complete look at all your license details, you'll need to log in to your WPForms account."
                },
                {
                    "text": "First, visit the WPForms login page . Here, you'll need to enter your email address and password and click Log In ."
                },
                {
                    "url": "https://wpforms.com/login/"
                },
                {
                    "image_link": "https://wpforms.com/wp-content/uploads/2021/08/WPForms-account-login.png"
                },
                {
                    "text": "This will bring you to your account overview. Below your name and contact information, you'll see your license type and renewal date."
                },
                {
                    "image_link": "https://wpforms.com/wp-content/uploads/2021/08/WPForms-account-overview-license-type-renewal.png"
                },
                {
                    "text": "To see even more details, click on View License Keys, Details, and Downloads ."
                },
                {
                    "image_link": "https://wpforms.com/wp-content/uploads/2021/08/WPForms-view-license-keys-details-downloads.png"
                },
                {
                    "text": "You can also access this screen by clicking on the Downloads tab at the top of your account page. On the Downloads page, you'll see your license type at the top, followed by your license key and renewal date."
                },
                {
                    "image_link": "https://wpforms.com/wp-content/uploads/2021/08/WPForms-account-downloads-page.png"
                },
                {
                    "text": "Here, you can copy your license key by clicking on the clipboard icon."
                },
                {
                    "image_link": "https://wpforms.com/wp-content/uploads/2021/08/copy-license-key.png"
                },
                {
                    "text": "You'll also see how many sites this license is activated on, and how many active installations are allowed by your license type."
                },
                {
                    "image_link": "https://wpforms.com/wp-content/uploads/2021/08/WPForms-site-activations.png"
                },
                {
                    "text": "To see which specific domains your license is activated on, click on View Sites . This will open a popup window that lists each of the sites with an active license."
                },
                {
                    "image_link": "https://wpforms.com/wp-content/uploads/2021/08/WPForms-account-view-sites.png"
                },
                {
                    "text": "If you need to remove this license from one of these sites, click on Deactivate Site next to its domain."
                }
            ]
        },
        {
            "subtitle": "Viewing Your License Level in Your WordPress Admin Area",
            "content": [
                {
                    "text": "Most of your license details are not visible on the backend of your WordPress site. However, you can view your license level by going to WPForms \" Settings and looking under the License Key field."
                },
                {
                    "image_link": "https://wpforms.com/wp-content/uploads/2021/08/WordPress-admin-view-WPForms-license-level.png"
                },
                {
                    "text": "Note: Your license must be verified to view your license level in the WordPress admin area. See our tutorial on verifying your WPForms license for step-by-step instructions."
                },
                {
                    "url": "https://wpforms.com/docs/verify-wpforms-license/"
                },
                {
                    "text": "That's it! Now you know how to find your WPForms license details."
                },
                {
                    "text": "Ready to create your first form with WPForms? Check out our complete guide for details on how to customize your fields, configure your settings, and more."
                },
                {
                    "url": "https://wpforms.com/docs/creating-first-form/"
                }
            ]
        }
    ],
    "section": "Documentation",
    "category": "Account Management"
}