{
    "product_name": "WPForms",
    "document_id": 433,
    "document_name": "Adding a Custom Header Image to Notification Emails",
    "document_url": "https://wpforms.com/docs/how-to-add-custom-header-image-in-your-wpforms-email-template/",
    "author": "Umair Majeed",
    "reviewer": "David Ozokoye",
    "date": "Updated: May 21, 2024",
    "version": "1.0",
    "title": "Adding a Custom Header Image to Notification Emails",
    "content": [
        {
            "subtitle": "Selecting the HTML Email Template",
            "content": [
                {
                    "text": "First, we'll make sure we are using the correct email template in our WPForms settings. To get started, go to WPForms \" Settings and select the Email tab."
                },
                {
                    "image_link": "https://wpforms.com/wp-content/uploads/2021/10/Email-tab-WPForms-settings.png"
                },
                {
                    "text": "Next, scroll down to the Template section. Here you'll see various template choices: Classic, Compact, Modern, Elegant, Tech, and Plain Text."
                },
                {
                    "text": "To use a custom header image in the notification emails, choose any of the templates except Plain Text."
                },
                {
                    "image_link": "https://wpforms.com/wp-content/uploads/2017/12/email-template-options-1.png"
                }
            ]
        },
        {
            "subtitle": "Selecting a Custom Header Image",
            "content": [
                {
                    "text": "Next, we'll add a header image to our email template. To do this, scroll down to the Header Image section and click on the Upload Image button."
                },
                {
                    "image_link": "https://wpforms.com/wp-content/uploads/2021/10/Upload-image-button.png"
                },
                {
                    "text": "An overlay will appear where you can upload a new file, or select an existing file from the WordPress Media Library."
                },
                {
                    "text": "Note: For the best support on all devices, the recommended image size is 300\u00d7100 pixels."
                },
                {
                    "image_link": "https://wpforms.com/wp-content/uploads/2021/10/WordPress-Media-Library-Upload.png"
                },
                {
                    "text": "Once you've uploaded a new image, or selected an existing image, click on the Use Image button."
                },
                {
                    "image_link": "https://wpforms.com/wp-content/uploads/2021/10/Use-image-button.png"
                },
                {
                    "text": "After selecting an image, you'll see a dropdown where you can update the size of the image. Available size options include Small, Medium, and Large."
                },
                {
                    "image_link": "https://wpforms.com/wp-content/uploads/2023/11/select-image-size.png"
                },
                {
                    "text": "The email template has other customization settings, such as setting a color scheme. To learn more, be sure to check our tutorial on customizing form notification emails ."
                },
                {
                    "url": "https://wpforms.com/docs/customizing-form-notification-emails/"
                },
                {
                    "text": "Now, to save your settings, click the Save Settings button located at the bottom of the page."
                },
                {
                    "image_link": "https://wpforms.com/wp-content/uploads/2021/10/Save-settings-button.png"
                },
                {
                    "text": "To test this template, send a notification email to yourself by submitting a form entry."
                },
                {
                    "text": "Here's an example of what the email notification might look like with our custom header:"
                },
                {
                    "image_link": "https://wpforms.com/wp-content/uploads/2023/11/email-template-preview.png"
                },
                {
                    "text": "That's it! You can now add a custom header image to your WPForms email template."
                },
                {
                    "text": "Next, do you want to send notification emails based on the user's form selections? Be sure to check out our tutorial on how to set up conditional form notifications !"
                },
                {
                    "url": "https://wpforms.com/docs/how-to-create-conditional-form-notifications-in-wpforms/"
                }
            ]
        }
    ],
    "section": "Documentation",
    "category": "Form Notifications"
}