{
    "product_name": "WPForms",
    "document_id": 331,
    "document_name": "wpforms_emails_summaries_cron_to_email",
    "document_url": "https://wpforms.com/developers/wpforms_emails_summaries_cron_to_email/",
    "author": null,
    "reviewer": null,
    "date": null,
    "version": "1.0",
    "title": "wpforms_emails_summaries_cron_to_email",
    "content": [
        {
            "subtitle": "Description",
            "content": [
                {
                    "text": "The wpforms_emails_summaries_cron_to_email filter is used to determine what email address is used for the delivery of the weekly email summary report."
                }
            ]
        },
        {
            "subtitle": "Parameters",
            "content": [
                {
                    "text": "$email_address: (string) (Required)Email address used for weekly summary report."
                }
            ]
        },
        {
            "subtitle": "Source",
            "content": [
                {
                    "text": "wpforms/src/Emails/Summaries.php"
                }
            ]
        },
        {
            "subtitle": "More Information",
            "content": [
                {
                    "text": "The wpforms_emails_summaries_cron_to_email filter is used to determine what email address is used for the delivery of the weekly email summary."
                }
            ]
        },
        {
            "subtitle": "Example",
            "content": [
                {
                    "code": "\n/*\n * Email address for a weekly email summary\n *\n * @link https://wpforms.com/developers/wpforms_emails_summaries_cron_to_email/\n * \n * @param $email_address Email address.\n *\n * return string\n */\n\nfunction wpf_dev_emails_mailer_to_email_summary( $email_address ) {\n \n    return '[email\u00a0protected]';\n}\nadd_filter( 'wpforms_emails_summaries_cron_to_email', 'wpf_dev_emails_mailer_to_email_summary', 1 );\n\n"
                },
                {
                    "url": "/cdn-cgi/l/email-protection"
                }
            ]
        },
        {
            "subtitle": "Referece Articles",
            "content": [
                {
                    "text": "Change the Default Email for Weekly Email Summaries"
                },
                {
                    "url": "https://wpforms.com/developers/change-the-default-email-for-weekly-email-summaries/"
                }
            ]
        }
    ],
    "section": "Developers",
    "category": "Filters Hooks"
}