{
    "product_name": "WPForms",
    "document_id": 465,
    "document_name": "Google Sheets 2.0 Update Requirements",
    "document_url": "https://wpforms.com/docs/google-sheets-2-0-update-requirements/",
    "author": "David Ozokoye",
    "reviewer": "Molly Tyler",
    "date": "Updated: May 21, 2024",
    "version": "1.0",
    "title": "Google Sheets 2.0 Update Requirements",
    "content": [
        {
            "subtitle": "Why This Update Matters",
            "content": [
                {
                    "text": "Google updated its privacy policy, impacting how applications like ours interact with Google Sheets. We're transitioning to a non-restricted scope in our Google Sheets addon to comply with these changes and avoid service interruptions."
                }
            ]
        },
        {
            "subtitle": "What's Changing?",
            "content": [
                {
                    "text": "Below are some of the changes you can expect for the update:"
                },
                {
                    "text": "New Authorization Process: You'll need to reauthorize your Google Sheets integration with WPForms."
                },
                {
                    "text": "User Interface Adjustments: Instead of a dropdown for selecting spreadsheets, you'll now find a button that opens a media library with your spreadsheets."
                },
                {
                    "text": "Enhanced Security and Compliance: Aligning with Google's new policies to ensure your data remains secure."
                }
            ]
        },
        {
            "subtitle": "Required Actions",
            "content": [
                {
                    "text": "Below are the key steps you need to take for a smooth transition:"
                },
                {
                    "text": "Update to Google Sheets Addon 2.0: This is essential for maintaining compatibility with Google's new privacy policy."
                },
                {
                    "text": "Reauthorize Your Account: After updating, you'll need to reauthorize your account from the WordPress dashboard in WPForms \" Settings \" Integrations to ensure continued functionality with Google Sheets in WPForms."
                }
            ]
        },
        {
            "subtitle": "Updating the Addon",
            "content": [
                {
                    "text": "To update to Google Sheets 2.0 or higher, go to Plugins \" Installed Plugins from your WordPress dashboard. Then locate the WPForms Google Sheets addon and select update now to install the latest version."
                },
                {
                    "image_link": "https://wpforms.com/wp-content/uploads/2024/01/update-google-sheets-addon.png"
                },
                {
                    "text": "Once the process completes, go to WPForms \" Settings \" Integrations. Under the Google Sheets section, you'll see a notice that your connection has expired. To reauthorize your account, click Continue with Google ."
                },
                {
                    "image_link": "https://wpforms.com/wp-content/uploads/2024/01/re-connect-google-account.png"
                },
                {
                    "text": "You'll then be taken to the Google authentication page. Here, select the Google account you wish to connect with WPForms. Please see our Google Sheets addon tutorial for details on connecting your Google account."
                },
                {
                    "url": "https://wpforms.com/docs/google-sheets-addon/#connecting-to-google-sheets"
                },
                {
                    "text": "Note: If you don't see an update notice in your WordPress dashboard, or if you're unable to update through the dashboard, you can manually install the addon through your WPForms account. Please visit our detailed guide on manually installing WPForms addons for step-by-step instructions to ensure you can update to the Google Sheets addon 2.0."
                },
                {
                    "url": "https://wpforms.com/docs/how-to-manually-install-addons-in-wpforms/"
                }
            ]
        },
        {
            "subtitle": "Timeline and Urgency",
            "content": [
                {
                    "text": "This update is time-sensitive. The 90-day window provided by Google ends on February 12, 2024 . After this date, existing authorizations will be invalid, and data transfer to Google Sheets will be interrupted."
                }
            ]
        },
        {
            "subtitle": "Staying Informed",
            "content": [
                {
                    "text": "Now that the Google Sheets addon 2.0 is available, we're here to support you through this transition. Refer to this document for any new information and guidance post-update. If you have questions or need assistance, feel free to reach out to our support team ."
                },
                {
                    "url": "https://wpforms.com/account/support/"
                }
            ]
        }
    ],
    "section": "Documentation",
    "category": "Advanced Form Features"
}