{
    "product_name": "WPForms",
    "document_id": 110,
    "document_name": "How to Increment a Count on Each Form Submission",
    "document_url": "https://wpforms.com/developers/how-to-increment-a-count-on-each-form-submission/",
    "author": "Umair Majeed",
    "reviewer": "Dimitris Mitsis",
    "date": "Updated: Aug 11, 2024, 22:15 PM",
    "version": "1.0",
    "title": "How to Increment a Count on Each Form Submission",
    "content": [
        {
            "subtitle": "Creating the form",
            "content": [
                {
                    "text": "To begin, we'll create a new form. Add all the relevant fields to your form and then before you save the form, be sure to add a Hidden Field . This field will store the number as each entry is submitted."
                },
                {
                    "image_link": "https://wpforms.com/wp-content/uploads/2021/02/wpforms-increment-count-hidden-field-1024x640.jpg 1024w, https://wpforms.com/wp-content/uploads/2021/02/wpforms-increment-count-hidden-field-300x188.jpg 300w, https://wpforms.com/wp-content/uploads/2021/02/wpforms-increment-count-hidden-field-768x480.jpg 768w, https://wpforms.com/wp-content/uploads/2021/02/wpforms-increment-count-hidden-field.jpg 1116w"
                },
                {
                    "text": "For any assistance in creating your form, please review this documentation ."
                },
                {
                    "url": "https://wpforms.com/docs/creating-first-form/"
                }
            ]
        },
        {
            "subtitle": "Incrementing a count",
            "content": [
                {
                    "text": "Next, you'll need to add the code snippet that will assign the count to each form submission."
                },
                {
                    "text": "If you need help in adding code snippets to your site, please review this tutorial ."
                },
                {
                    "url": "https://wpforms.com/developers/how-to-add-custom-php-or-javascript-for-wpforms/"
                },
                {
                    "code": "\n/**\n * Increment total entry number on each submission\n *\n * @link https://wpforms.com/developers/how-to-increment-a-count-on-each-form-submission\n */\n\nfunction wpf_dev_update_total_field( $fields, $entry, $form_data ) {\n \t\n\t$my_form_id = 1104;\n    // Only run on form ID 1104 \n    if( $form_data[ 'id' ] != $my_form_id ) {\n        return $fields;\n    }\n \t\n\t// since we're in the correct form, this the counter field ID\n\t$my_field_id = 17;\n\n\t// minimum number of digits required\n\t$min_digits = 6;\n\t\n    // Count the entries so far and increment the hidden field count by 1 on each submit\n    $total_entries = wpforms()->entry->get_entries( array( 'form_id' => $my_form_id ), true );\n\t$new_total_entries = $total_entries + 1;\n\t\n\t// use the WP zeroise function to create the necessary 0s to match the minimum digits required\n\t$fields[ $my_field_id ][ 'value' ] = zeroise($new_total_entries, $min_digits);\n \n    return $fields;\n \n}\nadd_filter( 'wpforms_process_filter', 'wpf_dev_update_total_field', 10, 3 );\n\n"
                },
                {
                    "text": "This snippet counts the total entries for a specific form and updates a hidden field with an incremented, zero-padded value on each submission. The count starts at 1 for new forms or continues from the existing entry count. Users can customize the functionality by modifying certain variables within the code."
                },
                {
                    "text": "The $my_form_id variable should be set to the specific form ID where this functionality is needed ( 1104 in the snippet above). The $my_field_id should be adjusted to match the ID of the hidden field that will store the count ( 17 in the snippet above)."
                },
                {
                    "text": "Additionally, the $min_digits variable can be changed to set the desired minimum number of digits for zero-padding the counter value ( 6 in the snippet above). By adjusting these variables, you can tailor the entry counting and display to your specific form requirements."
                },
                {
                    "text": "If you need any assistance finding your form ID and field ID, please check out this tutorial ."
                },
                {
                    "url": "https://wpforms.com/developers/how-to-locate-form-id-and-field-id/"
                },
                {
                    "image_link": "https://wpforms.com/wp-content/uploads/2021/02/wpforms-incremented-the-count-1024x593.jpg"
                },
                {
                    "text": "Note: You don't need to add this just to a Hidden Field , you can easily use this inside an email notification or in a confirmation message. To use the field, just place {field_id=\"9\u2033} inside the message on the Confirmations tab and/or the Notifications tab."
                },
                {
                    "text": "And that's all you need to increment a count on each form entry. Would you like to find out other ways in which you can use the Hidden Field ? Such as assigning a unique ID number on each submission? Take a look at our article on How to Create a Unique ID for Each Form Entry ."
                },
                {
                    "url": "https://wpforms.com/developers/how-to-create-a-unique-id-for-each-form-entry/"
                }
            ]
        },
        {
            "subtitle": "Reference Filter",
            "content": [
                {
                    "text": "wpforms_process_filter"
                },
                {
                    "url": "https://wpforms.com/developers/wpforms_process_filter/"
                }
            ]
        },
        {
            "subtitle": "FAQ",
            "content": []
        },
        {
            "subtitle": "Q: Can I create more than just a number for the count?",
            "content": [
                {
                    "text": "A: Absolutely! Here's an example of adding some letters in front of the count. We're going to add abc- in front of our count."
                },
                {
                    "code": "\n/**\n * Increment total entry number on each submission with formatted letters\n *\n * @link https://wpforms.com/developers/how-to-increment-a-count-on-each-form-submission\n */\n\nfunction wpf_dev_update_total_field( $fields, $entry, $form_data ) {\n\n    // Only run on my form with ID = 817\n    if( $form_data[ 'id' ] != 817 ) {\n        return $fields;\n    }\n\n    // Count the entries so far and increment the hidden field count by 1 on each submit\n    $entry_count = wpforms()->entry->get_entries( array( 'form_id' => 917 ), true ) + 1;\n    $formatted_count = sprintf('%03d', $entry_count);\n    $fields[ 9 ][ 'value' ] = 'abc-' . $formatted_count;\n\n    return $fields;\n}\nadd_filter( 'wpforms_process_filter', 'wpf_dev_update_total_field', 10, 3 );\n"
                }
            ]
        },
        {
            "subtitle": "Q: Can I assign a prefix to this number?",
            "content": [
                {
                    "text": "A: Absolutely! To add a prefix to your incremental number, you can easily use this snippet."
                },
                {
                    "code": "\n/**\n * Increment total entry number with a prefix on each submission\n *\n * @link https://wpforms.com/developers/how-to-increment-a-count-on-each-form-submission\n */\n\nfunction wpf_dev_update_total_field( $fields, $entry, $form_data ) {\n\n    // Only run on my form with ID = 817\n    if( $form_data[ 'id' ] != 817 ) {\n        return $fields;\n    }\n\n    // Count the entries so far and increment the hidden field count by 1 on each submit\n    $fields[ 3 ][ 'value' ] = 'WPF-' . wpforms()->entry->get_entries( array( 'form_id' => 817 ), true ) + 1;\n\n    return $fields;\n\n}\nadd_filter( 'wpforms_process_filter', 'wpf_dev_update_total_field', 10, 3 );\n"
                },
                {
                    "text": "On a brand new form, the number assigned to the Hidden Field would be WPF-1 . However, on a form that already had 3 entries previously, the number assigned would be WPF-4 ."
                }
            ]
        }
    ],
    "section": "Developers",
    "category": "Entries"
}