{
    "product_name": "WPForms",
    "document_id": 202,
    "document_name": "How to Enable Debugging in WordPress",
    "document_url": "https://wpforms.com/developers/how-to-enable-debugging-in-wordpress/",
    "author": "Editorial Team",
    "reviewer": "Dimitris Mitsis",
    "date": "Updated: Aug 3, 2024, 01:27 AM",
    "version": "1.0",
    "title": "How to Enable Debugging in WordPress",
    "content": [
        {
            "subtitle": "Enabling debug in WordPress",
            "content": [
                {
                    "text": "To enable debugging on your site, please follow the steps below."
                }
            ]
        },
        {
            "subtitle": "1) Locating the wp-config.php file",
            "content": [
                {
                    "text": "By default, WordPress debug will be disabled. To enable it, you'll need to access your site files through either an FTP (File Transfer Protocol) or your server's cPanel."
                },
                {
                    "text": "To learn more about FTP, please check out this article from WPBeginner . Alternatively, our friends at WPBeginner also have an article on cPanel information, which you can view here ."
                },
                {
                    "url": "http://www.wpbeginner.com/glossary/ftp/"
                },
                {
                    "url": "http://www.wpbeginner.com/glossary/cpanel"
                },
                {
                    "text": "Alternatively, you can also just install a plugin like WP File Manager to easily gain access to your server files through the WordPress admin area. To learn more about that plugin please check out their plugin on WordPress.org ."
                },
                {
                    "url": "https://www.wpbeginner.com/plugins/how-to-add-a-ftp-like-file-manager-in-wordpress-with-wp-file-manager/"
                }
            ]
        },
        {
            "subtitle": "2) Editing the wp-config.php file",
            "content": [
                {
                    "text": "Once your site files are open, you'll need to open wp-config.php for editing."
                },
                {
                    "text": "This file will be located in the root folder on your server. To learn more about the location and directory instruction, please review this article ."
                },
                {
                    "url": "http://www.wpbeginner.com/beginners-guide/beginners-guide-to-wordpress-file-and-directory-structure/"
                },
                {
                    "image_link": "https://wpforms.com/wp-content/uploads/2019/08/ftp-edit-wp-config-file.jpg 1276w, https://wpforms.com/wp-content/uploads/2019/08/ftp-edit-wp-config-file-300x205.jpg 300w, https://wpforms.com/wp-content/uploads/2019/08/ftp-edit-wp-config-file-768x524.jpg 768w, https://wpforms.com/wp-content/uploads/2019/08/ftp-edit-wp-config-file-1024x698.jpg 1024w"
                },
                {
                    "text": "For more examples on how to edit the wp-config.php file, our friends at WPBeginner have an excellent article that you can review on this ."
                },
                {
                    "url": "http://www.wpbeginner.com/beginners-guide/how-to-edit-wp-config-php-file-in-wordpress/"
                },
                {
                    "text": "This file contains site-specific configuration settings, such as database information and, potentially, settings added by your hosting provider. For debugging, you'll need to find this line of code (which will generally be near the bottom of the file):"
                },
                {
                    "code": "\n('WP_DEBUG', false);\n"
                }
            ]
        },
        {
            "subtitle": "3) Enabling debug",
            "content": [
                {
                    "text": "Copy and paste this code snippet over the line of code mentioned in Step 2 ."
                },
                {
                    "code": "\n// Enable WP_DEBUG mode\ndefine( 'WP_DEBUG', true );\n\n// Enable Debug logging to the /wp-content/debug.log file\ndefine( 'WP_DEBUG_LOG', true );\n\n// Disable display of errors and warnings\ndefine( 'WP_DEBUG_DISPLAY', false );\n@ini_set( 'display_errors', 0 );\n\n// Use dev versions of core JS and CSS files (only needed if you are modifying these core files)\ndefine( 'SCRIPT_DEBUG', true );\n"
                },
                {
                    "text": "This code will need be to inserted before the comment [php]/* That's all, stop editing! Happy blogging. */[/php] in the wp-config,php file."
                },
                {
                    "image_link": "https://wpforms.com/wp-content/uploads/2021/01/wpforms-debug-code.jpg"
                },
                {
                    "text": "This will enable debugging and, importantly, prevent any logged data from displaying on your site. Instead, a debug log will be saved to your site files."
                }
            ]
        },
        {
            "subtitle": "4) Replicating the issue",
            "content": [
                {
                    "text": "After saving these changes to wp-config.php , you'll need to return to your site and replicate the issue you saw earlier. This will ensure that it gets recorded in the new error log."
                }
            ]
        },
        {
            "subtitle": "5) Viewing the debug log",
            "content": [
                {
                    "text": "Then, you can return to your site files and open https://yoursitename.com/wp-content/debug.log"
                },
                {
                    "text": "Please know that the URL to the debug.log will depend on exactly how your site is set up. For example, if your site is installed in a subdirectory, the main URL may look like something like this: https://yoursitename.com/your-subdirectory-name/wp-content/debug.log . Check with your hosting company if you're unsure how to access this file."
                },
                {
                    "text": "The contents of an error log can vary a lot depending on the cause and number of issues, but now you should be able to see extra details, such as a file path to the source of a code error, to help you better track down the issue."
                },
                {
                    "text": "To learn more about debug from WordPress, you can check out their documentation ."
                },
                {
                    "url": "https://wordpress.org/documentation/article/debugging-in-wordpress/"
                }
            ]
        }
    ],
    "section": "Developers",
    "category": "Getting Started"
}