{
    "product_name": "WPForms",
    "document_id": 440,
    "document_name": "Deleting Forms",
    "document_url": "https://wpforms.com/docs/deleting-forms/",
    "author": "Molly Tyler",
    "reviewer": "Claire Broadley",
    "date": "Updated: May 21, 2024",
    "version": "1.0",
    "title": "Deleting Forms",
    "content": [
        {
            "subtitle": "Adding Forms to the Trash",
            "content": [
                {
                    "text": "First, you'll need to access the Forms Overview page. In your admin dashboard, go to WPForms \" All Forms ."
                },
                {
                    "image_link": "https://wpforms.com/wp-content/uploads/2023/12/forms-overview-page.png"
                },
                {
                    "text": "From the Forms Overview page, you can remove forms from your site by adding them to the trash."
                },
                {
                    "text": "Note: You won't be able to use the form on your site or access the form's entries when it's in the trash. To use the form and access the entries again, you'll need to restore your form ."
                },
                {
                    "url": "#restoring-forms"
                },
                {
                    "text": "Forms are not automatically deleted and will remain in the trash until you permanently delete them."
                },
                {
                    "url": "#delete-permanently"
                },
                {
                    "text": "To add an individual form to the trash, hover over the form and click the Trash option."
                },
                {
                    "image_link": "https://wpforms.com/wp-content/uploads/2022/02/click-trash-option.png"
                },
                {
                    "text": "When the form has been successfully added to the trash, you'll see a confirmation notice at the top of the page."
                },
                {
                    "image_link": "https://wpforms.com/wp-content/uploads/2022/02/form-trash-success-notice-1.png"
                },
                {
                    "text": "If you'd like to add multiple forms to the trash at once, check the box next to each form you'd like to add."
                },
                {
                    "image_link": "https://wpforms.com/wp-content/uploads/2022/02/select-multiple-forms-1.gif"
                },
                {
                    "text": "Alternatively, you can select all your forms by checking the box next to Name ."
                },
                {
                    "image_link": "https://wpforms.com/wp-content/uploads/2022/02/select-all-forms-checkbox.png"
                },
                {
                    "text": "Once you've chosen the forms you'd like to add to the trash, select the Trash option from the Bulk actions dropdown."
                },
                {
                    "image_link": "https://wpforms.com/wp-content/uploads/2022/02/select-trash-bulk-action-1.png"
                },
                {
                    "text": "When you're ready to add the forms to the Trash, click the Apply button."
                },
                {
                    "image_link": "https://wpforms.com/wp-content/uploads/2022/02/click-apply-button-1.png"
                },
                {
                    "text": "Next, we'll cover how to view and manage the forms in the trash."
                }
            ]
        },
        {
            "subtitle": "Viewing Your Forms on the Trash Screen",
            "content": [
                {
                    "text": "Once you've added forms to the trash, you can view them by clicking on the Trash link."
                },
                {
                    "image_link": "https://wpforms.com/wp-content/uploads/2022/02/click-trash-link.png"
                },
                {
                    "text": "This will take you to the trash screen where you can view the forms that are currently in the trash."
                },
                {
                    "image_link": "https://wpforms.com/wp-content/uploads/2022/02/trash-screen-view.png"
                },
                {
                    "text": "From here, you'll have the option to restore or permanently delete your forms. We'll cover both of these options below."
                }
            ]
        },
        {
            "subtitle": "Restoring Your Forms",
            "content": [
                {
                    "text": "Restoring a form removes it from the trash and adds it back to the Forms Overview page. This lets you use the form on your site again, and also gives you access to the form's entries."
                },
                {
                    "text": "To restore a form, hover over the form name and click the Restore option."
                },
                {
                    "image_link": "https://wpforms.com/wp-content/uploads/2022/02/restore-form-1.png"
                },
                {
                    "text": "After you click the Restore option, you'll see a confirmation notice letting you know that the form has been successfully restored."
                },
                {
                    "image_link": "https://wpforms.com/wp-content/uploads/2022/02/restored-form-confirmation-notice-1.png"
                },
                {
                    "text": "Now you'll be able to use the form on your site again, and you'll also have access to the form's entries."
                }
            ]
        },
        {
            "subtitle": "Permanently Deleting Your Forms",
            "content": [
                {
                    "text": "Note: Permanently deleting a form will remove the form and its entries entirely from your site's database. Before proceeding, we recommended creating a backup of your site's database ."
                },
                {
                    "url": "https://www.wpbeginner.com/plugins/7-best-wordpress-backup-plugins-compared-pros-and-cons/"
                },
                {
                    "text": "To permanently delete a form, hover over the form name and click the Delete Permanently option."
                },
                {
                    "image_link": "https://wpforms.com/wp-content/uploads/2022/02/delete-permanently-1.png"
                },
                {
                    "text": "When you select the Delete Permanently option, an overlay will appear asking you to confirm the deletion. To confirm, click the OK button."
                },
                {
                    "image_link": "https://wpforms.com/wp-content/uploads/2022/03/click-ok-button-to-delete-form.png"
                },
                {
                    "text": "You'll now see a confirmation notice at the top of the page letting you know the form has been permanently deleted."
                },
                {
                    "image_link": "https://wpforms.com/wp-content/uploads/2022/02/deleted-permanenly-confirmation-notice.png"
                }
            ]
        },
        {
            "subtitle": "Emptying Your Trash",
            "content": [
                {
                    "text": "You can permanently delete all the forms in the trash by clicking the Empty Trash button."
                },
                {
                    "image_link": "https://wpforms.com/wp-content/uploads/2022/02/click-empty-trash-button.png"
                },
                {
                    "text": "Then, you'll see an overlay asking you to confirm the deletion of all the forms that are in the trash. To confirm, click the OK button."
                },
                {
                    "image_link": "https://wpforms.com/wp-content/uploads/2022/03/click-ok-button-to-delete-all-forms.png"
                },
                {
                    "text": "After all the forms have been successfully deleted, you'll see a confirmation notice at the top of the page."
                },
                {
                    "image_link": "https://wpforms.com/wp-content/uploads/2022/02/multiple-forms-deleted-successfully.png"
                },
                {
                    "text": "That's it! Now you know how to delete and restore forms in WPForms."
                },
                {
                    "text": "Next, want more tips on managing your website's forms? See our complete guide to form management to learn more options for organizing and maintaining your forms."
                },
                {
                    "url": "https://wpforms.com/docs/a-complete-guide-to-form-management/"
                }
            ]
        }
    ],
    "section": "Documentation",
    "category": "Form Management"
}