{
    "product_name": "WPForms",
    "document_id": 234,
    "document_name": "How to Disable the Emoji Icons in Form Notifications",
    "document_url": "https://wpforms.com/developers/how-to-disable-the-emoji-icons-in-form-notifications/",
    "author": "Editorial Team",
    "reviewer": "Molly Tyler",
    "date": "Updated: Feb 28, 2024, 13:07 PM",
    "version": "1.0",
    "title": "How to Disable the Emoji Icons in Form Notifications",
    "content": [
        {
            "subtitle": "Creating your form",
            "content": [
                {
                    "text": "First, you'll need to create your form and set up your Rating field."
                },
                {
                    "image_link": "https://wpforms.com/wp-content/uploads/2019/11/wpforms-add-rating-field.jpg"
                },
                {
                    "text": "If you need assistance with this, please check out this documentation."
                },
                {
                    "url": "https://wpforms.com/docs/how-to-add-a-rating-field-to-wpforms/"
                }
            ]
        },
        {
            "subtitle": "Disabling the rating icons",
            "content": [
                {
                    "text": "To disable these icons in the form notifications, you'll need to add this snippet to your site."
                },
                {
                    "text": "If you need help in how to add snippets to your site, please review this article."
                },
                {
                    "url": "https://wpforms.com/developers/how-to-add-custom-php-or-javascript-for-wpforms/"
                },
                {
                    "code": "\n/**\n * Filters the disable the emoji icons in notification emails.\n *\n * @link   https://wpforms.com/developers/how-to-disable-the-emoji-rating-icons-in-form-notifications/\n */\n\nadd_filter( 'wpforms_rating_field_emoji', '__return_false' );\n"
                },
                {
                    "text": "By using this snippet, this would be applied to all email notifications."
                },
                {
                    "text": "And that's it! You've now successfully added a snippet to disable the emoji icons from all form notifications."
                },
                {
                    "image_link": "https://wpforms.com/wp-content/uploads/2019/11/wpforms-disable-emojis-after.jpg"
                },
                {
                    "text": "Would you like to change the style of these icons on your form? Take a look at our article on How to Customize the Look of the Rating Icons ."
                },
                {
                    "url": "https://wpforms.com/developers/how-to-customize-the-look-of-the-rating-icons/"
                }
            ]
        },
        {
            "subtitle": "Reference Filter",
            "content": [
                {
                    "text": "wpforms_rating_field_emoji"
                },
                {
                    "url": "https://wpforms.com/developers/wpforms_rating_field_emoji/"
                }
            ]
        }
    ],
    "section": "Developers",
    "category": "Notifications"
}