{
    "product_name": "WPForms",
    "document_id": 123,
    "document_name": "Installing WPForms Addons",
    "document_url": "https://wpforms.com/docs/install-activate-wpforms-addons/",
    "author": "Umair Majeed",
    "reviewer": "David Ozokoye",
    "date": "Updated: Aug 27, 2024",
    "version": "1.0",
    "title": "Installing WPForms Addons",
    "content": [
        {
            "subtitle": "Accessing the WPForms Addons Page",
            "content": [
                {
                    "text": "In your WordPress admin area, navigate to WPForms \" Addons to view the addons available with your license level."
                },
                {
                    "image_link": "https://wpforms.com/wp-content/uploads/2023/11/wpforms-addons-page-3.png 1116w, https://wpforms.com/wp-content/uploads/2023/11/wpforms-addons-page-3-300x178.png 300w, https://wpforms.com/wp-content/uploads/2023/11/wpforms-addons-page-3-1024x607.png 1024w, https://wpforms.com/wp-content/uploads/2023/11/wpforms-addons-page-3-768x456.png 768w"
                },
                {
                    "text": "If you don't see any addons for your license level, click on the Refresh Addons button to force a refresh."
                },
                {
                    "image_link": "https://wpforms.com/wp-content/uploads/2023/11/refresh-addons.png"
                },
                {
                    "text": "To search for a specific addon, you can type its name into the Search Addons field located in the top-right corner of the page."
                },
                {
                    "image_link": "https://wpforms.com/wp-content/uploads/2023/11/search-addons.png"
                }
            ]
        },
        {
            "subtitle": "Installing and Activating Addons",
            "content": [
                {
                    "text": "To install a specific addon to your site, simply click on the Install Addon button."
                },
                {
                    "image_link": "https://wpforms.com/wp-content/uploads/2021/01/install-addon-3.png"
                },
                {
                    "text": "This will automatically install and activate the addon for you, setting the toggle button to the Activated position."
                },
                {
                    "image_link": "https://wpforms.com/wp-content/uploads/2023/11/activated-addon.png"
                },
                {
                    "text": "Note: If the addon is not automatically updated, toggle on the button to the Activated position."
                },
                {
                    "text": "Once installed and ready to use, a Settings button on the left will provide convenient access to the addon's settings."
                },
                {
                    "image_link": "https://wpforms.com/wp-content/uploads/2023/11/activated-addon-settings.png"
                },
                {
                    "text": "For an activated addon, the toggle button will display Activated . To deactivate, simply click the toggle button, and the button will change to show Deactivated ."
                },
                {
                    "image_link": "https://wpforms.com/wp-content/uploads/2023/11/deactivated-addon.png"
                }
            ]
        },
        {
            "subtitle": "Frequently Asked Questions",
            "content": [
                {
                    "text": "These are some of the most common questions we see regarding installing and activating addons in WPForms."
                }
            ]
        },
        {
            "subtitle": "How do I install addons manually?",
            "content": [
                {
                    "text": "In some cases, you may see an error in WPForms that says, \"Could not install addon. Please download from wpforms.com and install manually.\""
                },
                {
                    "image_link": "https://wpforms.com/wp-content/uploads/2023/11/addon-installation-error.png"
                },
                {
                    "text": "To do so, log in to your WPForms account and go to the Downloads tab."
                },
                {
                    "url": "https://wpforms.com/account/"
                },
                {
                    "image_link": "https://wpforms.com/wp-content/uploads/2024/08/downloads-1024x506.png"
                },
                {
                    "text": "On this page, scroll down to see the list of all available addons."
                },
                {
                    "image_link": "https://wpforms.com/wp-content/uploads/2024/08/wpforms-addons.png"
                },
                {
                    "text": "Then click the Download link below the addon you want to install."
                },
                {
                    "image_link": "https://wpforms.com/wp-content/uploads/2024/08/click-download.png"
                },
                {
                    "text": "After that, you'll need to upload the downloaded .zip file to WordPress and activate it like you would a normal plugin. For more information on installing WordPress plugins, check out this WPBeginner tutorial on installing WordPress plugins ."
                },
                {
                    "url": "https://www.wpbeginner.com/beginners-guide/step-by-step-guide-to-install-a-wordpress-plugin-for-beginners/"
                },
                {
                    "text": "Note: For more detailed guidance on downloading, uploading, and activating addons, see our full tutorial on how to manually install addons ."
                },
                {
                    "url": "https://wpforms.com/docs/how-to-manually-install-addons-in-wpforms/"
                },
                {
                    "text": "That's it! You can now install and activate your addons."
                },
                {
                    "text": "Next, would you like to explore various ways to use WPForms with third-party addons? Be sure to check our detailed guides on integrating WPForms with payment gateways , conversion , and marketing tools ."
                },
                {
                    "url": "https://wpforms.com/categories/docs/payment-processing/"
                },
                {
                    "url": "https://wpforms.com/categories/docs/conversion-tools/"
                },
                {
                    "url": "https://wpforms.com/categories/docs/marketing-integrations/"
                }
            ]
        }
    ],
    "section": "Documentation",
    "category": "Advanced (Pro) Addons"
}