{
    "product_name": "WPForms",
    "document_id": 447,
    "document_name": "How to Add Animation Effects to Page Break Transitions",
    "document_url": "https://wpforms.com/developers/how-to-add-animation-effects-to-page-break-transitions/",
    "author": "Editorial Team",
    "reviewer": "Molly Tyler",
    "date": "Updated: Jun 27, 2023, 08:39 AM",
    "version": "1.0",
    "title": "How to Add Animation Effects to Page Break Transitions",
    "content": [
        {
            "subtitle": "Introduction",
            "content": [
                {
                    "text": "Would you like to add some animation effects to your page breaks inside your forms? By default, there is no animation when you go from one page to another on a multi page form. However, using JavaScript and some CSS you can add a little animation as you go from the next page to the previous page and back again."
                }
            ]
        },
        {
            "subtitle": "Creating your form",
            "content": [
                {
                    "text": "First, you'll need to create your multi page form. If you need help in creating this type of form, please review this documentation ."
                },
                {
                    "url": "https://wpforms.com/how-to-create-a-multi-part-form-in-wordpress/"
                },
                {
                    "image_link": "https://wpforms.com/wp-content/uploads/2022/06/annimation-page-break-create-form.jpg"
                }
            ]
        },
        {
            "subtitle": "Adding the JavaScript snippet",
            "content": [
                {
                    "text": "Now it's time to add the snippet."
                },
                {
                    "text": "If you need help in how and where to add snippets to your site, please check out this tutorial ."
                },
                {
                    "url": "https://wpforms.com/developers/how-to-add-custom-php-or-javascript-for-wpforms/"
                },
                {
                    "code": "\n/**\n * Add CSS class to trigger CSS animation on Next and Previous button clicks\n *\n * @link https://wpforms.com/developers/how-to-add-animation-effects-to-page-break-transitions/\n */\n  \nfunction wpf_dev_animation_page_break( ) {\n?>\n<script type=\"text/javascript\">\n\t\n        \n\tjQuery( \"button.wpforms-page-button\" ).click(function() {\n\n\t    //Add the CSS class anim-trans to the form with the ID of 406\n            jQuery( \"#wpforms-form-406\" ).addClass( \"anim-trans\" );\n\n\tsetTimeout(function()\n    {\n        //Remove the class after 2 seconds (2000 miliseconds)\n        jQuery( \"#wpforms-form-406\" ).removeClass( \"anim-trans\" );\n\n    }, 2000);\n});\n\t\n</script>\n<?php\n}\nadd_action( 'wpforms_wp_footer_end', 'wpf_dev_animation_page_break', 30 );\n\n"
                },
                {
                    "text": "This snippet will only run on the form ID 406 , when the Next or Previous page button is clicked, the script will add a CSS class name of anim-trans to the form container that will allow the CSS transitions to happen. After 2 seconds or 2000 milisecons, the class name is removed so the animation will happen on each click."
                },
                {
                    "text": "You'll need to update the -406 to match your own form ID. If you need assistance in where to find your form ID, please review this tutorial ."
                },
                {
                    "url": "https://wpforms.com/developers/how-to-locate-form-id-and-field-id/"
                }
            ]
        },
        {
            "subtitle": "Adding the animation effects",
            "content": [
                {
                    "text": "Now that the script has been added that will add the CSS class, we can add the CSS that will create the animation."
                },
                {
                    "text": "If you need help in adding CSS to your site, please take a look at this tutorial ."
                },
                {
                    "url": "https://wpforms.com/developers/how-to-add-custom-css-styles-for-wpforms/"
                },
                {
                    "code": "\n.transition {\n  position:absolute;\n  height:100%;\n  width:30%;\n  background:#d6d6d6;\n  transform: skewX(-5deg) translateX(-50px);\n  transition:2s all ease-in-out;\n  -webkit-transition:2s all ease-in-out;\n}\n\n#wpforms-form-406 {\n  position:relative;\n  z-index:10;\n  overflow: hidden;\n}\n\nbutton.wpforms-page-button {\n  outline:none;\n  border:none;\n  text-decoration:none;\n  text-transform:uppercase;\n  background:#202020;\n  color:#eaeaea;\n  box-sizing:border-box;\n  margin-top:20px;\n  padding:10px 40px;\n}\n\n.anim-trans {\n  animation: anim 2s ease-in-out;\n  }\n\n@keyframes anim{\n   0% { }\n  20%  { z-index:11;\\transform: skewX(5deg) translateX(-100%); }\n}\n"
                },
                {
                    "text": "For a complete list of information concerning CSS keyframes, please see this documentation ."
                },
                {
                    "url": "https://developer.mozilla.org/en-US/docs/Web/CSS/@keyframes"
                },
                {
                    "text": "Remember to update the CSS above in reference to the form ID #wpforms-form-406 to match your own form ID."
                },
                {
                    "image_link": "https://wpforms.com/wp-content/uploads/2021/05/anim-transition-wpforms.gif"
                },
                {
                    "text": "And that's it! You've successfully added animation effects to your multi page form. Would you like to also add some CSS styling to the form field focus? Take a look at our article on How to Add CSS to the Form Field Focus ."
                },
                {
                    "url": "https://wpforms.com/developers/how-to-add-css-to-the-form-field-focus/"
                }
            ]
        },
        {
            "subtitle": "Related",
            "content": [
                {
                    "text": "Action Reference: wpforms_wp_footer_end"
                },
                {
                    "url": "https://wpforms.com/developers/wpforms_wp_footer_end/"
                }
            ]
        }
    ],
    "section": "Developers",
    "category": "Tutorials"
}