{
    "product_name": "WPForms",
    "document_id": 277,
    "document_name": "How to Display the Total Number of Entries",
    "document_url": "https://wpforms.com/developers/how-to-display-the-total-number-of-entries/",
    "author": "Editorial Team",
    "reviewer": "Molly Tyler",
    "date": "Published: Oct 29, 2020, 13:09 PM",
    "version": "1.0",
    "title": "How to Display the Total Number of Entries",
    "content": [
        {
            "subtitle": "Introduction",
            "content": [
                {
                    "text": "Do you want to showcase the total number of entries for your forms? You can easily achieve this by creating a custom shortcode with a small PHP snippet. In this tutorial, we'll guide you on how to set it up."
                },
                {
                    "text": "It's important to note that real-time updates for the counts may experience delays due to any caching configurations on your site or server."
                }
            ]
        },
        {
            "subtitle": "Creating the form",
            "content": [
                {
                    "text": "Now, let's move on to the next step. In our example, we aim to display the newsletter form along with the count of users who have signed up right underneath it."
                },
                {
                    "text": "If you're unfamiliar with the form creation process, you can find detailed instructions in this article ."
                },
                {
                    "url": "https://wpforms.com/docs/creating-first-form/"
                },
                {
                    "image_link": "https://wpforms.com/wp-content/uploads/2022/10/wpforms-display-entry-total.jpg"
                }
            ]
        },
        {
            "subtitle": "Adding the code snippet to your site",
            "content": [
                {
                    "text": "After copying the provided code snippet, you can easily add it to your site to enable the shortcode. If you're unsure about adding snippets, you can find guidance in this tutorial ."
                },
                {
                    "url": "https://wpforms.com/developers/how-to-add-custom-php-or-javascript-for-wpforms/"
                },
                {
                    "code": "\n/**\n * Custom shortcode to display the total number of entries for a form.\n *\n * Basic usage: [wpf_entries_count id=\"FORMID\" type=\"TYPE\"]\n *\n * Realtime counts could be delayed due to any caching setup on the site\n *\n * @link https://wpforms.com/developers/how-to-display-the-total-number-of-entries/\n */\n\nfunction wpf_entries_count( $atts ) {\n\n\t// Pull ID shortcode attributes such as the type of entries to count\n\t$atts = shortcode_atts(\n\t\t[\n\t\t\t'id'   => '',\n\t\t\t'type' => 'all', // all, unread, read, or starred.\n\t\t],\n\t\t$atts\n\t);\n\n\tif ( empty( $atts[ 'id' ] ) ) {\n\t\treturn;\n\t}\n\n\t$args = [\n\t\t'form_id' => absint( $atts[ 'id' ] ),\n\t];\n\n        // What types of entries do you want to show? The read, unread, starred or all?\n\tif ( $atts[ 'type' ] === 'unread' ) {\n\t\t$args[ 'viewed' ] = '0';\n\t} elseif( $atts[ 'type' ] === 'read' ) {\n\t\t$args[ 'viewed' ] = '1';\n\t} elseif ( $atts[ 'type' ] === 'starred' ) {\n\t\t$args[ 'starred' ] = '1';\n\t}\n\n\treturn wpforms()->entry->get_entries( $args, true );\n\t\n}\nadd_shortcode( 'wpf_entries_count', 'wpf_entries_count' );\n"
                },
                {
                    "text": "Let's delve into the code explanation. The shortcode attributes are set using $atts = shortcode_atts(['id' => '','type' => 'all', ], ."
                },
                {
                    "text": "The id attribute is crucial as it expects the form ID. This is how the shortcode determines which form it should count the entries for. If you're unsure about your form ID, you can refer to this tutorial for guidance ."
                },
                {
                    "url": "https://wpforms.com/developers/how-to-locate-form-id-and-field-id/"
                },
                {
                    "text": "The second attribute, type , is optional. By default, the shortcode counts all entries and displays the total number. If you don't include this attribute, it automatically includes every entry for the form. However, if you want to specify which type of entry to count and display the total for, you can use one of the following attributes:"
                },
                {
                    "text": "all : Displays all entries for the form."
                },
                {
                    "text": "unread : Counts and displays only the entries that haven't been viewed from your Entries screen."
                },
                {
                    "text": "read : Counts and displays only the entries that have been viewed from your Entries screen."
                },
                {
                    "text": "starred : Counts and displays only the entries that have been starred from your Entries screen."
                }
            ]
        },
        {
            "subtitle": "Using the shortcode",
            "content": [
                {
                    "text": "In our demonstration, we've already crafted a basic newsletter subscription form and integrated it into a WordPress page."
                },
                {
                    "image_link": "https://wpforms.com/wp-content/uploads/2020/10/wpforms-add-form.jpg"
                },
                {
                    "text": "Prior to incorporating the shortcode into our page, we aim to provide some context to our visitors regarding the significance of the number they'll encounter. Therefore, we'll include explanatory text before the shortcode."
                },
                {
                    "image_link": "https://wpforms.com/wp-content/uploads/2020/10/wpforms-add-some-text-above.jpg"
                },
                {
                    "text": "Now, let's integrate our shortcode into the page. Utilizing a Shortcode block, we've incorporated our custom shortcode to exhibit the total number of entries for our newsletter form (form ID 25 ). The shortcode is: [wpf_entries_count id=\"25\" type=\"all\"] ."
                },
                {
                    "image_link": "https://wpforms.com/wp-content/uploads/2020/10/wpforms-display-entry-count.jpg"
                },
                {
                    "text": "However, if we wanted to have only the total number of entries shown for only the starred entries, our shortcode would've looked like this. [wpf_entries_count id=\"25\" type=\"starred\"]"
                },
                {
                    "text": "And now when we visit the page, we can see the total number of entries below the form."
                },
                {
                    "image_link": "https://wpforms.com/wp-content/uploads/2020/10/wpforms-display-total-number-entries.jpg"
                },
                {
                    "text": "And that's it! You've successfully added a custom shortcode to your site that you can reuse as many times as you want to display the total number of entries for each form on your site!"
                },
                {
                    "text": "Would you like to also create a custom shortcode to display all of your forms on the frontend of your site? Take a look at our tutorial on How to Display a List of WPForms Using a Shortcode ."
                },
                {
                    "url": "https://wpforms.com/developers/how-to-display-a-list-of-wpforms-using-a-shortcode/"
                }
            ]
        }
    ],
    "section": "Developers",
    "category": "Tutorials"
}