{
    "product_name": "WPForms",
    "document_id": 605,
    "document_name": "wpforms_field_properties",
    "document_url": "https://wpforms.com/developers/wpforms_field_properties/",
    "author": null,
    "reviewer": null,
    "date": null,
    "version": "1.0",
    "title": "wpforms_field_properties",
    "content": [
        {
            "subtitle": "Description",
            "content": [
                {
                    "text": "The wpforms_field_properties filter fires on form load to display the field properties such as labels, sublabels, and descriptions."
                }
            ]
        },
        {
            "subtitle": "Parameters",
            "content": [
                {
                    "text": "$properties: (array)An array of field properties such as labels, sublabels and description."
                },
                {
                    "text": "$field: (array)Sanitized field data."
                },
                {
                    "text": "$form_data: (array)Processed form settings/data, prepared to be used later."
                }
            ]
        },
        {
            "subtitle": "Source",
            "content": [
                {
                    "text": "wpforms/includes/fields/class-base.php"
                }
            ]
        },
        {
            "subtitle": "More Information",
            "content": [
                {
                    "text": "The filter is applied to an array for specific form field properties. Using this filter will change every form field."
                },
                {
                    "text": "Each form field will have its own unique filter name, see the section below for a complete list of documented examples. For example, if you only wanted to change the Email form field, you would use wpforms_field_properties_email ."
                }
            ]
        },
        {
            "subtitle": "Examples",
            "content": [
                {
                    "text": "In this example shown below, the function will have the field Description displayed above the field itself but only for the form ID 225 ."
                },
                {
                    "code": "\n/**\n * Move the field description above the form field.\n *\n * @link   https://wpforms.com/developers/wpforms_field_properties/\n * \n * @param  array $properties Field properties.\n * @param  array $field      Field settings. \n * @param  array $form_data  Form data and settings.\n *\n * @return array\n */\n \nfunction wpf_dev_field_properties( $properties, $field, $form_data ) {\n\n    // Only process this snippet on the form ID 225\n    if ( absint( $form_data[ 'id' ] ) !== 225 ) {\n\n        return $properties;\n    } \n \n    // move the field description from under the form field to above the form field\n    $properties[ 'description' ][ 'position' ] = 'before';\n\n    return $properties;\n\n}\nadd_filter( 'wpforms_field_properties', 'wpf_dev_field_properties', 10, 3 );\n\n"
                }
            ]
        },
        {
            "subtitle": "Reference Articles",
            "content": [
                {
                    "text": "How to Position the Field Description Above the Form Field"
                },
                {
                    "text": "How to Change Sublabels for the Email Field"
                },
                {
                    "text": "How to Process Smart Tags in HTML Fields"
                },
                {
                    "text": "How to Change Sublabels for the Name Field"
                },
                {
                    "text": "How to Change the Address Field Sublabels"
                },
                {
                    "text": "How to Change the Password Field Sublabels"
                },
                {
                    "text": "How to Change the Name Attribute of a Hidden Field"
                },
                {
                    "url": "https://wpforms.com/developers/how-to-position-the-field-description-above-the-form-field/"
                },
                {
                    "url": "https://wpforms.com/developers/how-to-change-sublabels-for-the-email-field/"
                },
                {
                    "url": "https://wpforms.com/developers/how-to-process-smart-tags-in-html-fields/"
                },
                {
                    "url": "https://wpforms.com/developers/how-to-change-sublabels-for-the-name-field/"
                },
                {
                    "url": "https://wpforms.com/developers/how-to-change-the-address-field-sublabels/"
                },
                {
                    "url": "https://wpforms.com/developers/how-to-change-the-password-field-sublabels/"
                },
                {
                    "url": "https://wpforms.com/developers/how-to-change-sublabels-for-the-credit-card-field/"
                }
            ]
        }
    ],
    "section": "Developers",
    "category": "Filters Hooks"
}