{
    "product_name": "WPForms",
    "document_id": 314,
    "document_name": "AWeber Addon",
    "document_url": "https://wpforms.com/docs/install-use-aweber-addon-wpforms/",
    "author": "David Ozokoye",
    "reviewer": "Molly Tyler",
    "date": "Updated: May 21, 2024",
    "version": "1.0",
    "title": "AWeber Addon",
    "content": [
        {
            "subtitle": "Connecting Your AWeber Account to WPForms",
            "content": [
                {
                    "text": "Once you've installed the AWeber addon, you can connect your account to WPForms. To do so, go to WPForms \" Settings in your WordPress admin area and click on the Integrations tab."
                },
                {
                    "image_link": "https://wpforms.com/wp-content/uploads/2018/09/access-settings-integrations-2.png"
                },
                {
                    "text": "From here, click on the AW eber section to expand it. Then click the + Add New Account button."
                },
                {
                    "image_link": "https://wpforms.com/wp-content/uploads/2018/09/add-new-account-AWeber-2.png"
                },
                {
                    "text": "Note: As part of AWeber's upgrade from OAuth1 to OAuth2, the + Add New Account button for AWeber (Legacy) has been removed. You'll only be able to connect new accounts through AWeber's OAuth2 integration."
                },
                {
                    "text": "Next, you'll see some instructions with a link labeled Click here to authorize ."
                },
                {
                    "image_link": "https://wpforms.com/wp-content/uploads/2018/09/AWeber-click-authorize.png"
                },
                {
                    "text": "Click the link to open a new page and sign in to your AWeber account. Then click on the Allow Access button."
                },
                {
                    "image_link": "https://wpforms.com/wp-content/uploads/2018/09/AWeber-integration-login-5.png"
                },
                {
                    "text": "AWeber will then show you an authorization code."
                },
                {
                    "image_link": "https://wpforms.com/wp-content/uploads/2018/09/copy-AWeber-authorization-code-2.png"
                },
                {
                    "text": "You'll need to copy this code and paste it into the field in your WPForms integrations settings labeled AWeber Authorization Code ."
                },
                {
                    "text": "Then, enter anything you'd like into the AWeber Account Nickname field. This is for your internal reference only and can be helpful if you later decide to connect additional AWeber accounts."
                },
                {
                    "text": "When you're ready, click the Connect to AWeber button to continue."
                },
                {
                    "image_link": "https://wpforms.com/wp-content/uploads/2018/09/connect-AWeber-WPForms-2.png"
                },
                {
                    "text": "WPForms will then connect your site to your AWeber account. When it's done, it will show a green Connected status next to your AWeber integration."
                },
                {
                    "image_link": "https://wpforms.com/wp-content/uploads/2018/09/AWeber-connected-2.png"
                }
            ]
        },
        {
            "subtitle": "Adding AWeber Integration to Your Forms",
            "content": [
                {
                    "text": "Next, you'll need to connect Aweber to a specific form(s) on your site. First, create a new form or edit an existing one."
                },
                {
                    "url": "https://wpforms.com/docs/creating-first-form/"
                },
                {
                    "text": "Note: Forms configured prior to version 2.0.0 of the AWeber addon should be reconnected to take advantage of newer functionalities."
                },
                {
                    "text": "In the form builder, go to Marketing \" AWeber and click the Add New Connection button."
                },
                {
                    "image_link": "https://wpforms.com/wp-content/uploads/2018/09/marketing-AWeber-new-connection-2.png"
                },
                {
                    "text": "This will open an overlay where you can provide a nickname for this connection. You can use any nickname you like, as this is for your internal reference only and won't be visible to users."
                },
                {
                    "image_link": "https://wpforms.com/wp-content/uploads/2018/09/AWeber-account-nickname-3.png"
                },
                {
                    "text": "Once you've created the connection, choose an account you connected in the previous step from the Select Account dropdown and select the AWeber mailing list you'd like to use from the Select List dropdown."
                },
                {
                    "text": "Then decide how you want the form to interact with your AWeber mailing list upon submission from the Action To Perform dropdown."
                },
                {
                    "image_link": "https://wpforms.com/wp-content/uploads/2018/09/AWeber-select-list-4.png"
                },
                {
                    "text": "Next, you'll be able to match your form fields to your AWeber mailing list fields. This ensures that subscribers are correctly imported into your mailing list. The only field you're required to map is Subscriber Email ."
                },
                {
                    "text": "Click the dropdown next to Subscriber Email, then select the Email field from your form."
                },
                {
                    "image_link": "https://wpforms.com/wp-content/uploads/2018/09/aweber-email-field-2-1.png"
                }
            ]
        },
        {
            "subtitle": "Adding Tags",
            "content": [
                {
                    "text": "Next, select the tags you want to apply to new subscribers in AWeber from the Tags to Add dropdown. These tags are the ones that you've already added in your AWeber account."
                },
                {
                    "text": "If you'd like, you can also enter any new tags in the New Tags to Add field. To add multiple tags, just be sure to put a comma between each."
                },
                {
                    "image_link": "https://wpforms.com/wp-content/uploads/2018/09/AWeber-tags-1.png"
                },
                {
                    "text": "For more details, please check out AWeber's article on using subscriber tags ."
                },
                {
                    "url": "https://blog.aweber.com/new-features/updates-to-subscriber-management-and-tagging.htm"
                }
            ]
        },
        {
            "subtitle": "Connecting Additional Fields",
            "content": [
                {
                    "text": "To send additional subscriber information to AWeber, you'll need to map your form fields to available custom fields in your AWeber account."
                },
                {
                    "text": "For more details, please see AWeber's tutorial on how to add custom fields . Once you've added custom fields in AWeber, they will appear in the connection settings in the form builder."
                },
                {
                    "url": "https://help.aweber.com/hc/en-us/articles/204027516-How-do-I-create-custom-fields-"
                },
                {
                    "image_link": "https://wpforms.com/wp-content/uploads/2018/09/map-custom-fields-form-fields-2-2.png"
                }
            ]
        },
        {
            "subtitle": "Enabling Conditional Logic",
            "content": [
                {
                    "text": "Conditional logic allows you to set rules for events based on users' selections or input in your form. For example, you could use conditional logic to allow users to choose if they'd like to be added to your AWeber mailing list ."
                },
                {
                    "url": "https://wpforms.com/how-to-add-an-aweber-signup-checkbox-to-your-contact-form/"
                },
                {
                    "text": "To use conditional logic with your Aweber connection, go to Marketing \" AWeber in the form builder and toggle on the Enable Conditional Logic option."
                },
                {
                    "text": "Then create your conditional logic rule."
                },
                {
                    "image_link": "https://wpforms.com/wp-content/uploads/2018/09/AWeber-conditional-logic.png"
                },
                {
                    "text": "Note: Need help configuring your conditional logic rule? See our complete guide to conditional logic in WPForms for more details."
                },
                {
                    "url": "https://wpforms.com/docs/how-to-use-conditional-logic-with-wpforms/"
                }
            ]
        },
        {
            "subtitle": "Frequently Asked Questions",
            "content": [
                {
                    "text": "These are some of the most common questions we receive about using the AWeber addon."
                }
            ]
        },
        {
            "subtitle": "Why do I see a message that says \"Your forms are currently using an outdated AWeber integration that is no longer supported.\"?",
            "content": [
                {
                    "image_link": "https://wpforms.com/wp-content/uploads/2018/09/AWeber-update-integration-alert.png"
                },
                {
                    "text": "This message appears because AWeber has upgraded from OAuth1 to OAuth2. As a result, you'll need to reconnect your AWeber account with WPForms after disconnecting the AWeber (Legacy) account."
                },
                {
                    "text": "To do so, go to WPForms \" Settings in your WordPress admin area and click on the Integrations tab. Then, click the Disconnect link next to your AWeber (Legacy) connection."
                },
                {
                    "image_link": "https://wpforms.com/wp-content/uploads/2018/09/AWeber-disconnect-connection.png"
                },
                {
                    "text": "Once disconnected, reconnect your AWeber account with WPForms by following the steps in the connecting your AWeber account to WPForms section of this guide."
                },
                {
                    "url": "#connecting-account"
                },
                {
                    "text": "Note: The previous AWeber integration and connection in the form builder will now appear as 'AWeber (Legacy)'."
                },
                {
                    "text": "That's it! You can now grow your AWeber mailing list through your WPForms submissions."
                },
                {
                    "text": "Next, would you like to offer incentives to gain more subscribers? Be sure to check out our article on lead magnets to find out how to offer downloadable content in exchange for subscriptions to your mailing list."
                },
                {
                    "url": "https://wpforms.com/how-to-create-a-simple-lead-magnet-optin-form-in-wordpress/"
                }
            ]
        }
    ],
    "section": "Documentation",
    "category": "Marketing Integrations"
}