{
    "product_name": "WPForms",
    "document_id": 281,
    "document_name": "Error: Invalid Parameters Were Supplied to Stripe API",
    "document_url": "https://wpforms.com/docs/error-invalid-parameters-were-supplied-to-stripe-api/",
    "author": "Umair Majeed",
    "reviewer": "David Ozokoye",
    "date": "Updated: Sep 30, 2024",
    "version": "1.0",
    "title": "Error: Invalid Parameters Were Supplied to Stripe API",
    "content": [
        {
            "subtitle": "Summary",
            "content": [
                {
                    "text": "The 'Invalid parameters were supplied to Stripe API' error occurs when processing a Stripe payment through a WPForms form. This error indicates that there's an issue with the Stripe integration or configuration, preventing the transaction from being completed."
                }
            ]
        },
        {
            "subtitle": "Causes",
            "content": [
                {
                    "text": "This error typically occurs due to:"
                },
                {
                    "text": "Incomplete domain verification for Stripe payment elements"
                },
                {
                    "text": "Incorrect or outdated Stripe API keys"
                },
                {
                    "text": "Improper connection between your WordPress site and Stripe"
                }
            ]
        },
        {
            "subtitle": "Solution",
            "content": [
                {
                    "text": "To resolve this issue, follow these steps:"
                },
                {
                    "text": "1. Reconnect your Stripe account: Go to WPForms \" Settings and click on the Payments tab. From there, disconnect your current Stripe account and then reconnect by clicking the Connect with Stripe button."
                },
                {
                    "text": "2. Verify API keys: Ensure your API keys have the correct prefixes: Test Publishable Key: pk_test Test Secret Key: sk_test Live Publishable Key: pk_live Live Secret Key: sk_live"
                },
                {
                    "text": "3. Test Publishable Key: pk_test"
                },
                {
                    "text": "4. Test Secret Key: sk_test"
                },
                {
                    "text": "5. Live Publishable Key: pk_live"
                },
                {
                    "text": "6. Live Secret Key: sk_live"
                },
                {
                    "text": "7. Check domain verification: Go to WPForms \" Settings and look for any notifications about Stripe payment elements or domain verification. If you see such a notification, contact Stripe support for assistance with manually registering your domain."
                },
                {
                    "text": "Test Publishable Key: pk_test"
                },
                {
                    "text": "Test Secret Key: sk_test"
                },
                {
                    "text": "Live Publishable Key: pk_live"
                },
                {
                    "text": "Live Secret Key: sk_live"
                },
                {
                    "text": "After making any changes, thoroughly test your form to ensure that payments are being processed correctly."
                },
                {
                    "url": "https://wpforms.com/docs/how-to-properly-test-your-wordpress-forms-before-launching-checklist/"
                },
                {
                    "text": "For more information on setting up Stripe payments in WPForms, check out our guide on how to use the Stripe addon with WPForms ."
                },
                {
                    "url": "https://wpforms.com/docs/how-to-install-and-use-the-stripe-addon-with-wpforms/"
                },
                {
                    "text": "That's it! You now know how to troubleshoot and resolve the 'Invalid parameters were supplied to Stripe API' error."
                },
                {
                    "text": "Next, are you interested in tracking your Stripe transactions? Be sure to check out our tutorial on viewing and managing Stripe payments to learn how."
                },
                {
                    "url": "https://wpforms.com/docs/viewing-and-managing-stripe-payments/"
                }
            ]
        }
    ],
    "section": "Documentation",
    "category": "Error Library"
}