{
    "product_name": "WPForms",
    "document_id": 70,
    "document_name": "How to Compare Two Dates in the Same Form",
    "document_url": "https://wpforms.com/developers/how-to-compare-two-dates-in-the-same-form/",
    "author": "Editorial Team",
    "reviewer": "Molly Tyler",
    "date": "Updated: Dec 7, 2023, 12:06 PM",
    "version": "1.0",
    "title": "How to Compare Two Dates in the Same Form",
    "content": [
        {
            "subtitle": "Introduction",
            "content": [
                {
                    "text": "Would you like to compare two dates inside the same form? Using a small PHP snippet you can easily take two dates and compare them inside the same form. In this tutorial, we're going to a PHP snippet that will take two date pickers inside the same form."
                }
            ]
        },
        {
            "subtitle": "Creating the form",
            "content": [
                {
                    "text": "First, we'll need to set up our form. We're going to create a form and add our fields including the two Date form fields that are set to the Date format."
                },
                {
                    "image_link": "https://wpforms.com/wp-content/uploads/2021/08/wpforms-compare-dates-create-form.jpg"
                },
                {
                    "text": "Once you've added these fields, be sure to set them to Date Picker on the Advanced tab."
                },
                {
                    "image_link": "https://wpforms.com/wp-content/uploads/2021/08/wpforms-select-date-picker-compare-dates.jpg"
                },
                {
                    "text": "If you need any help in creating your form, please review this documentation ."
                },
                {
                    "url": "https://wpforms.com/docs/creating-first-form/"
                }
            ]
        },
        {
            "subtitle": "Adding the snippet to compare two dates",
            "content": [
                {
                    "text": "Before adding the snippet, you'll need to locate the form ID and both field IDs for the Date fields you've just added to your form."
                },
                {
                    "text": "If you need any help in finding these ID numbers, please see this tutorial ."
                },
                {
                    "url": "https://wpforms.com/developers/how-to-locate-form-id-and-field-id/"
                },
                {
                    "text": "When you've got these IDs you can add the following snippet to your site."
                },
                {
                    "code": "\n/**\n * Compare 2 dates inside the same form.\n *\n * @link  https://wpforms.com/developers/how-to-compare-two-dates-in-the-same-form/\n */\n\nfunction wpf_dev_compare_dates( $fields, $entry, $form_data ) {\n      \n    // Optional, you can limit to specific forms. Below, we restrict output to\n    // form #731.\n    if ( absint( $form_data[ 'id' ] ) !== 731 ) {\n        return $fields;\n    }\n      \n\t// 3 is the ID of date 1 field\n\t$date_1 = $fields[3][ 'unix' ]; \n\t\n\t// 4 is the ID of date 2 field\n\t$date_2 = $fields[4][ 'unix' ]; \n\t\n\t// If date 2 is earlier of the same as time 1\n\tif ( $date_2 <= $date_1 ) {\n\n\t\t\n                // [ 'header' ] will display the error message above the form\n                // [ 'footer' ] will display the error message under the form\n\t\twpforms()->process->errors[ $form_data[ 'id' ] ][ 'header' ] = esc_html__( 'The pickup date should not be earlier than the order date.', 'plugin-domain' );\n\t}\n\t\n}\nadd_action( 'wpforms_process', 'wpf_dev_compare_dates', 10, 3 );\n"
                },
                {
                    "text": "If you're not sure where or how to add custom snippets to your site, please check out this tutorial ."
                },
                {
                    "url": "https://wpforms.com/developers/how-to-add-custom-php-or-javascript-for-wpforms/"
                },
                {
                    "text": "The way the snippet works is it will only execute on the form ID 731 , then it will look for the Date field ID of 3 and the Date field ID of 4 and assign those to the variables $date_1 and $date_2 so that it can check if $date_2 is less than or equal to $date_1 , if it is it will display an error above the second Date field showing that this date can't be earlier than the other."
                },
                {
                    "image_link": "https://wpforms.com/wp-content/uploads/2021/08/wpforms-comparing-two-dates.jpg"
                },
                {
                    "text": "And that's all you need to compare two dates inside the same form! Would you like to provide some functionality for an age restriction to your form as well? Check out our tutorial on How to Provide an Age Restriction on the Datepicker Form Field ."
                },
                {
                    "url": "https://wpforms.com/developers/how-to-provide-an-age-restriction-on-the-datepicker-form-field/"
                }
            ]
        },
        {
            "subtitle": "Related",
            "content": [
                {
                    "text": "Action Reference: wpforms_process"
                },
                {
                    "url": "https://wpforms.com/developers/wpforms_process/"
                }
            ]
        }
    ],
    "section": "Developers",
    "category": "Tutorials"
}