{
    "product_name": "WPForms",
    "document_id": 324,
    "document_name": "How to Add Autofocus on Your Form",
    "document_url": "https://wpforms.com/developers/how-to-add-autofocus-on-your-form/",
    "author": "Editorial Team",
    "reviewer": "Molly Tyler",
    "date": "Updated: Feb 27, 2024, 16:53 PM",
    "version": "1.0",
    "title": "How to Add Autofocus on Your Form",
    "content": [
        {
            "subtitle": "Creating your form",
            "content": [
                {
                    "text": "First, you'll need to start by creating your form and adding your form fields. If you need any help in creating a form, please see this documentation ."
                },
                {
                    "url": "https://wpforms.com/docs/creating-first-form/"
                },
                {
                    "image_link": "https://wpforms.com/wp-content/uploads/2020/12/wpforms-autofocus-create-form.jpg"
                }
            ]
        },
        {
            "subtitle": "Creating the snippet to add autofocus",
            "content": [
                {
                    "text": "Next, you'll need to add this code snippet to your site."
                },
                {
                    "text": "If you need help in adding snippets to your site, please see this tutorial ."
                },
                {
                    "url": "https://wpforms.com/developers/how-to-add-custom-php-or-javascript-for-wpforms/"
                },
                {
                    "code": "\n/**\n * Add autofocus to the first form field of the form\n *\n * @link https://wpforms.com/developers/how-to-add-autofocus-on-your-form/\n */\n\nfunction wpf_dev_autofocus() {\n?>\n<script type=\"text/javascript\">\n    jQuery(document).ready(function() {\n        \n        var first_input = jQuery( 'form.wpforms-form input[type=text]:visible:enabled:first, textarea:visible:enabled:first' )[0];\n        \n        if (first_input != undefined) {\n            first_input.focus();\n        }\n        \n    });\n</script>\n<?php\n}\nadd_action( 'wpforms_wp_footer_end', 'wpf_dev_autofocus', 10 );\n"
                },
                {
                    "text": "This code snippet will only apply to WPForms because it's only looking for forms.wpforms-form and will look for the first form field on your form and immediately add the :focus element to this field."
                },
                {
                    "image_link": "https://wpforms.com/wp-content/uploads/2020/12/wpforms-auto-focus-1.jpg"
                },
                {
                    "text": "And that's it! You've successfully implemented the autofocus functionality on all of your forms powered by WPForms. Would you like to add some CSS that will make that focus stand out more? Check out our article on How to Add CSS to the Form Field Focus ."
                },
                {
                    "url": "https://wpforms.com/developers/how-to-add-css-to-the-form-field-focus/"
                }
            ]
        },
        {
            "subtitle": "Reference Action",
            "content": [
                {
                    "text": "wpforms_wp_footer_end"
                },
                {
                    "url": "https://wpforms.com/developers/wpforms_wp_footer_end/"
                }
            ]
        },
        {
            "subtitle": "FAQ",
            "content": []
        },
        {
            "subtitle": "Q: How can I keep the autofocus active on a multi page form?",
            "content": [
                {
                    "text": "A: If you have a multi page form, just use this code snippet."
                },
                {
                    "code": "\n/**\n * Add autofocus to first form field of form\n *\n * @link https://wpforms.com/developers/how-to-add-autofocus-on-your-form/\n */\n\nfunction wpf_dev_autofocus() {\n?>\n<script type=\"text/javascript\">\n    jQuery(document).ready(function() {\n        \n        var first_input = jQuery( 'form.wpforms-form input[type=text]:visible:enabled:first, textarea:visible:enabled:first' )[0];\n        \n        if (first_input != undefined) {\n            first_input.focus();\n        }\n        \n        jQuery( '.wpforms-page-next' ).on(\"click\", function() {\n            var page_first_input = jQuery(this).closest( '.wpforms-page' ).next().find( 'input, textarea' ).first();\n            \n            if (page_first_input != undefined) {\n                setTimeout(function() {\n                    page_first_input.focus();\n                }, 100);\n            }\n        });\n        \n    });\n</script>\n<?php\n}\nadd_action( 'wpforms_wp_footer_end', 'wpf_dev_autofocus', 10 );\n"
                }
            ]
        }
    ],
    "section": "Developers",
    "category": "Fields"
}