{
    "product_name": "WPForms",
    "document_id": 139,
    "document_name": "wpforms_paypal_standard_process_complete",
    "document_url": "https://wpforms.com/developers/wpforms_paypal_standard_process_complete/",
    "author": null,
    "reviewer": null,
    "date": null,
    "version": "1.0",
    "title": "wpforms_paypal_standard_process_complete",
    "content": [
        {
            "subtitle": "Description",
            "content": [
                {
                    "text": "The wpforms_paypal_standard_process_complete action fires when PayPal returns the status of the payment processed from the form."
                }
            ]
        },
        {
            "subtitle": "Parameters",
            "content": [
                {
                    "text": "$fields: (array)Sanitized entry field values/properties."
                },
                {
                    "text": "$form_data: (array)Processed form settings/data, prepared to be used later."
                },
                {
                    "text": "$payment_id: (int)PayPal Payment ID."
                },
                {
                    "text": "$data: (array)PayPal Web Accept Data."
                }
            ]
        },
        {
            "subtitle": "Source",
            "content": [
                {
                    "text": "wpforms-paypal-standard/class-paypal-standard.php"
                }
            ]
        },
        {
            "subtitle": "More Information",
            "content": [
                {
                    "text": "The action will process when PayPal notifies the site of the payment status."
                }
            ]
        },
        {
            "subtitle": "Examples",
            "content": [
                {
                    "code": "\n/**\n * Fires when PayPal payment status notifies the site.\n *\n * @link  https://wpforms.com/developers/wpforms_paypal_standard_process_complete/\n *\n * @param array  $fields     Sanitized entry field values/properties.\n * @param array  $form_data  Form data and settings.\n * @param int    $payment_id PayPal Payment ID.\n * @param array  $data       PayPal Web Accept Data.\n*/\n\nfunction wpf_paypal_standard_process_complete( $fields, $form_data, $payment_id, $data ) {\n\n\tif ( empty( $data[ 'payment_status' ] ) || strtolower( $data[ 'payment_status' ] ) !== 'completed' ) {\n\t\treturn;\n\t}\n\n\t// Run code...\n\n}\nadd_action( 'wpforms_paypal_standard_process_complete', 'wpf_paypal_standard_process_complete', 10, 4 );\n"
                }
            ]
        },
        {
            "subtitle": "Related",
            "content": [
                {
                    "text": "Tutorial Reference: How to Approve a User After a PayPal Payment"
                },
                {
                    "url": "https://wpforms.com/developers/how-to-approve-a-user-after-a-paypal-payment/"
                }
            ]
        }
    ],
    "section": "Developers",
    "category": "Actions Hooks"
}