{
    "product_name": "WPForms",
    "document_id": 351,
    "document_name": "How to Add a Filterable Field to a Form for Internal Use",
    "document_url": "https://wpforms.com/developers/how-to-add-a-filterable-field-to-a-form-for-internal-use/",
    "author": "Editorial Team",
    "reviewer": "Molly Tyler",
    "date": "Updated: Oct 5, 2023, 16:19 PM",
    "version": "1.0",
    "title": "How to Add a Filterable Field to a Form for Internal Use",
    "content": [
        {
            "subtitle": "Introduction",
            "content": [
                {
                    "text": "Would you like to add a filterable field to your form that is for internal use only? Being able to quickly and easily filter through your entires can save a lot of time but you may not want this field to display on your form. In this tutorial, we're going to show you exactly how easy it is to achieve this."
                },
                {
                    "text": "In our example, we're going to be creating a lead generation form. Once the phone number has been verified, we want to be able to add a flag on the entry so it can be filtered out of reports later on."
                }
            ]
        },
        {
            "subtitle": "Creating the lead generation form",
            "content": [
                {
                    "text": "Our first step will be to create our form and add our relevant fields to this form for our users to complete."
                },
                {
                    "text": "However, we also want to add a field that we'll be able to put our flag in later if the phone number has been verified. To do this, we're going to add a Single Line Text form field."
                },
                {
                    "image_link": "https://wpforms.com/wp-content/uploads/2020/11/wpforms-add-single-line-text-field.jpg"
                },
                {
                    "text": "If you need any help in creating your form, please review this documentation ."
                },
                {
                    "url": "https://wpforms.com/docs/creating-first-form/"
                }
            ]
        },
        {
            "subtitle": "Adding a CSS class to the filterable field",
            "content": [
                {
                    "text": "Since we want this field as an internal only field and we don't want it to display on the form for our visitors, we're going to add a CSS class to this field that we can use to hide this field with CSS in a later step."
                },
                {
                    "text": "To add a CSS class to the field, open the Advanced tab of the field from the form builder and add wpforms-field-hidden to the CSS Classes ."
                },
                {
                    "image_link": "https://wpforms.com/wp-content/uploads/2020/11/wpforms-add-css-class-to-hide-field.jpg"
                },
                {
                    "text": "This CSS class name is a default class in WPForms, the CSS is already in place. Once you add the class, the CSS to display:none; on the field will be automatically applied."
                },
                {
                    "text": "When our users visit the site, they won't be able to see the internal use filterable field."
                },
                {
                    "image_link": "https://wpforms.com/wp-content/uploads/2020/11/wpforms-frontend-form.jpg"
                }
            ]
        },
        {
            "subtitle": "Creating the column view",
            "content": [
                {
                    "text": "For this step, we're going to change the columns view for our entry screen. For more information on how to do this, please check out this documentation ."
                },
                {
                    "url": "https://wpforms.com/docs/how-to-customize-the-columns-for-form-entries/"
                },
                {
                    "text": "We want our internal field to show when you view the entry screen."
                },
                {
                    "image_link": "https://wpforms.com/wp-content/uploads/2020/11/wpforms-setup-entry-columns.jpg"
                },
                {
                    "text": "Now when you view the entries screen, you'll see all of your entries for this form including the internal field that was added above."
                },
                {
                    "image_link": "https://wpforms.com/wp-content/uploads/2020/11/display-internal-field.jpg"
                }
            ]
        },
        {
            "subtitle": "Filtering the entries",
            "content": [
                {
                    "text": "Now when you are on the Entries screen of your form, you can easily filter through these entries."
                },
                {
                    "image_link": "https://wpforms.com/wp-content/uploads/2020/11/wpforms-filter-results.jpg"
                },
                {
                    "text": "For more information on searching and filtering entries, you can check out this documentation ."
                },
                {
                    "url": "https://wpforms.com/docs/how-to-search-and-filter-form-entries/"
                },
                {
                    "text": "Would you like to also use CSS to change the color of your submit button? Head over to our tutorial on How to Change the Submit Button Color ."
                },
                {
                    "url": "https://wpforms.com/developers/how-to-change-the-submit-button-color/"
                }
            ]
        }
    ],
    "section": "Developers",
    "category": "Tutorials"
}