{
    "product_name": "WPForms",
    "document_id": 127,
    "document_name": "Error: Form Entries Cant Form Entries Can\u2019t Be Backed Up",
    "document_url": "https://wpforms.com/docs/error-form-entries-cant-form-entries-cant-be-backed-up/",
    "author": "Umair Majeed",
    "reviewer": "David Ozokoye",
    "date": "Updated: Sep 30, 2024",
    "version": "1.0",
    "title": "Error: Form Entries Cant Form Entries Can\u2019t Be Backed Up",
    "content": [
        {
            "subtitle": "Summary",
            "content": [
                {
                    "text": "The error message 'Your form entries can't be backed up because WPForms can't connect to the backup server' typically appears due to configuration issues within your site or server that prevent WPForms from receiving or processing callbacks."
                }
            ]
        },
        {
            "subtitle": "Causes",
            "content": [
                {
                    "text": "This error can occur due to:"
                },
                {
                    "text": "Server configuration issues blocking external calls"
                },
                {
                    "text": "Restrictions on REST API call processing"
                }
            ]
        },
        {
            "subtitle": "Solution",
            "content": [
                {
                    "text": "To resolve this issue, follow these steps:"
                },
                {
                    "text": "Contact your hosting provider: Ask them to check if they are blocking any requests from WPForms, particularly REST API calls."
                },
                {
                    "text": "Verify your WPForms license: If you're using a paid version of WPForms, ensure your license is properly verified on your site."
                },
                {
                    "text": "Check your entry storage: For paid WPForms users, entries are automatically stored in your website's database. You can access them by navigating to WPForms \" Entries from your WordPress dashboard."
                },
                {
                    "text": "Refer to our guide on form entries for more details about entry management."
                },
                {
                    "url": "https://wpforms.com/docs/complete-guide-to-form-entries/"
                },
                {
                    "text": "That's it! You now know how to troubleshoot and resolve the 'Your form entries can't be backed up because WPForms can't connect to the backup server' error."
                }
            ]
        }
    ],
    "section": "Documentation",
    "category": "Error Library"
}