{
    "product_name": "WPForms",
    "document_id": 490,
    "document_name": "How to Style Placeholder Text for Form Fields",
    "document_url": "https://wpforms.com/developers/style-placeholder-text-for-form-fields/",
    "author": "Editorial Team",
    "reviewer": "Molly Tyler",
    "date": "Updated: Mar 7, 2024, 15:29 PM",
    "version": "1.0",
    "title": "How to Style Placeholder Text for Form Fields",
    "content": [
        {
            "subtitle": "Styling the placeholder text",
            "content": [
                {
                    "text": "When styling placeholder text, it's essential to include several selectors, each with its own vendor prefix. This ensures that the styles are applied consistently across different browsers and versions. While the CSS may seem repetitive, including all selectors is crucial for comprehensive browser support."
                },
                {
                    "text": "To implement these styles on your site, simply add the following CSS. If you're unsure about where or how to add custom CSS, you can refer to our tutorial on the subject."
                },
                {
                    "text": "The CSS provided below will change all WPForms placeholder text to an orange color (#e27730):"
                },
                {
                    "code": "\n.wpforms-container ::-webkit-input-placeholder { /* Chrome and Safari */\n   color: #e27730 !important;\n}\n \n.wpforms-container :-moz-placeholder { /* Mozilla Firefox 4 to 18 */\n   color: #e27730 !important;\n   opacity: 1 !important;\n}\n \n.wpforms-container ::-moz-placeholder { /* Mozilla Firefox 19+ */\n   color: #e27730 !important;\n   opacity: 1 !important;\n}\n \n.wpforms-container :-ms-input-placeholder { /* Internet Explorer 10-11 */\n   color: #e27730 !important;\n}\n \n.wpforms-container ::-ms-input-placeholder { /* Microsoft Edge */\n   color: #e27730 !important;\n}\n \n.wpforms-container ::placeholder {\n   color: #e27730 !important;\n}\n"
                },
                {
                    "text": "Firefox will automatically apply a lower opacity to all form field placeholder's, making it more transparent than other browsers."
                },
                {
                    "url": "https://www.w3schools.com/cssref/css3_pr_opacity.asp"
                },
                {
                    "text": "That is already addressed in the above CSS by setting the opacity for Firefox-specific CSS to opacity: 1;"
                },
                {
                    "image_link": "https://wpforms.com/wp-content/uploads/2019/10/wpforms-styling-placeholder-after.jpg"
                },
                {
                    "text": "And that's all you need to style the placeholder text. Would you like to change the confirmation message styling using CSS? In our tutorial, How to Remove Confirmation Message Box Styling , we'll show you how to change this styling."
                },
                {
                    "url": "https://wpforms.com/developers/how-to-remove-confirmation-message-box-styling/"
                }
            ]
        },
        {
            "subtitle": "FAQ",
            "content": []
        },
        {
            "subtitle": "Q: Can I use this CSS to style a dropdown field?",
            "content": [
                {
                    "text": "A: If you'd like to style the Dropdown field, please take a look at this article instead ."
                },
                {
                    "url": "https://wpforms.com/developers/how-to-style-the-dropdown-field/"
                }
            ]
        }
    ],
    "section": "Developers",
    "category": "Styling"
}