{
    "product_name": "WPForms",
    "document_id": 193,
    "document_name": "Limiting Options for the Date / Time Field",
    "document_url": "https://wpforms.com/docs/how-to-limit-options-for-the-date-time-field/",
    "author": "Umair Majeed",
    "reviewer": "Molly Tyler",
    "date": "Updated: Sep 27, 2024",
    "version": "1.0",
    "title": "Limiting Options for the Date / Time Field",
    "content": [
        {
            "subtitle": "Try this Form Demo!",
            "content": [
                {
                    "text": "Before getting started, you'll first need to make sure WPForms is installed and activated on your WordPress site, and that you've verified your license . Then, you can create a new form or edit an existing one to access the form builder."
                },
                {
                    "url": "https://wpforms.com/docs/install-wpforms-plugin/"
                },
                {
                    "url": "https://wpforms.com/docs/verify-wpforms-license/"
                },
                {
                    "url": "https://wpforms.com/docs/creating-first-form/"
                }
            ]
        },
        {
            "subtitle": "Adding a Date / Time Field",
            "content": [
                {
                    "text": "Once the form builder is open, look under the Fancy Fields section to find the Date / Time field. Simply click on it or drag and drop it into the preview area to add it to your form."
                },
                {
                    "image_link": "https://wpforms.com/wp-content/uploads/2021/11/add-date-time-field.png"
                }
            ]
        },
        {
            "subtitle": "Limiting Available Dates and Times",
            "content": [
                {
                    "text": "To select certain dates and times that your site visitors can choose in your forms, click on the Date / Time field in the preview area to open its Field Options ."
                },
                {
                    "image_link": "https://wpforms.com/wp-content/uploads/2021/11/click-date-time-field-for-field-options.png"
                },
                {
                    "text": "Next, within the Field Options panel, click on the Advanced tab to open the field's advanced options."
                },
                {
                    "image_link": "https://wpforms.com/wp-content/uploads/2021/11/click-advanced-tab-2.png"
                },
                {
                    "text": "This will open up additional settings that you can customize, including options to Limit Days and Limit Hours . We'll go over both of these options in the following sections."
                }
            ]
        },
        {
            "subtitle": "Limiting the Date",
            "content": [
                {
                    "text": "In order to limit which days are available for your users to choose, you'll need to select the Limit Days option."
                },
                {
                    "image_link": "https://wpforms.com/wp-content/uploads/2021/11/enable-limit-days-option.png"
                },
                {
                    "text": "This will open up a list of days that you can enable or disable within your forms. Be sure to check the boxes for the days you'd like to allow your users to choose, and leave any boxes unchecked for days you'd like to block from your users."
                },
                {
                    "image_link": "https://wpforms.com/wp-content/uploads/2021/11/check-or-uncheck-days.png"
                }
            ]
        },
        {
            "subtitle": "Disabling Past Dates",
            "content": [
                {
                    "text": "In addition to selecting which days of the week are available for your users to choose, you can also prevent them from selecting past dates within your forms. To do this, you'll just need to select the Disable Past Dates option."
                },
                {
                    "image_link": "https://wpforms.com/wp-content/uploads/2021/11/disable-past-dates.png"
                },
                {
                    "text": "When dates are disabled, they will appear greyed out on the frontend of your site."
                },
                {
                    "image_link": "https://wpforms.com/wp-content/uploads/2023/06/disable-past-days-and-weekends.png"
                },
                {
                    "text": "If you'd like to further customize the date options, be sure to check out our developer documentation for more details. To help prevent code conflicts, be sure to disable any date limitations within the form builder before adding any custom code."
                },
                {
                    "url": "https://wpforms.com/developers/customize-the-date-time-field-date-options/"
                }
            ]
        },
        {
            "subtitle": "Limiting the Time",
            "content": [
                {
                    "text": "Similarly, you can limit which hours are available for your users to choose from within your forms. To do this, you'll first need to select the Limit Hours option."
                },
                {
                    "image_link": "https://wpforms.com/wp-content/uploads/2021/11/enable-limit-hours.png"
                },
                {
                    "text": "After this is enabled, you'll see additional options for configuring the Start Time and End Time of your hours. For each of these settings, you can click the dropdown and select the hours you'd like shown to your site visitors."
                },
                {
                    "text": "If you'd like to preview a customizable form template that showcases the Date / Time field limiting feature, check out our Movie Ticket Booking Form Template ."
                },
                {
                    "url": "https://wpforms.com/templates/movie-ticket-booking-form-template/'"
                },
                {
                    "image_link": "https://wpforms.com/wp-content/uploads/2021/11/click-hour-dropdown.png"
                },
                {
                    "text": "On the frontend of your site, all available times between the selected Start Time and End Time will be available for your users to choose from."
                },
                {
                    "text": "Need to disable past times on the Time Picker for more accurate appointment bookings? Be sure to check out our developer documentation for more information."
                },
                {
                    "url": "https://wpforms.com/developers/how-to-disable-past-times-on-the-time-picker/"
                }
            ]
        },
        {
            "subtitle": "Frequently Asked Questions",
            "content": [
                {
                    "text": "These are answers to some top questions we receive about limiting the options for the Date / Time field."
                }
            ]
        },
        {
            "subtitle": "How do I disable future dates when using the Date Picker option?",
            "content": [
                {
                    "text": "To disable future dates, you'll need to add a custom code snippet to your WordPress site. Below is the snippet to add to your site."
                },
                {
                    "text": "If you need help with adding code snippets to your site , be sure to check our guide to learn how."
                },
                {
                    "url": "https://wpforms.com/how-to-add-custom-code-snippets-in-wordpress/"
                },
                {
                    "text": "Note: The code snippet above will disable future dates on all forms on your website. See our tutorial to learn how to target specific forms using the form's ID ."
                },
                {
                    "url": "https://wpforms.com/developers/customize-the-date-time-field-date-options/#target-specific-form-id-and-field-id-inside-the-date-picker"
                }
            ]
        },
        {
            "subtitle": "Can I limit the Date / Time field based on the input of another field?",
            "content": [
                {
                    "text": "If you have 2 Date / Time fields on your form, you can compare both dates to prevent users from selecting a date older than the one on the first Date / Time field. This can be useful when creating a form that allows users to specify their order and pickup date."
                },
                {
                    "text": "For more details, be sure to check our guide to learn how to compare 2 Date / Time fields ."
                },
                {
                    "url": "https://wpforms.com/developers/how-to-compare-two-dates-in-the-same-form/"
                },
                {
                    "text": "That's it! We just showed you how to limit the options for the Date / Time field in WPForms."
                },
                {
                    "text": "Next, would you like to change the appearance of the Date / Time field in your WordPress forms? Be sure to check out our tutorial on customizing the Date / Time field for more details."
                },
                {
                    "url": "https://wpforms.com/docs/how-to-customize-the-date-time-field-in-wpforms/"
                }
            ]
        }
    ],
    "section": "Documentation",
    "category": "Field Customizations"
}