{
    "product_name": "WPForms",
    "document_id": 78,
    "document_name": "GetResponse Addon",
    "document_url": "https://wpforms.com/docs/how-to-install-and-use-getresponse-addon-with-wpforms/",
    "author": "David Ozokoye",
    "reviewer": "Claire Broadley",
    "date": "Updated: May 21, 2024",
    "version": "1.0",
    "title": "GetResponse Addon",
    "content": [
        {
            "subtitle": "Connecting Your GetResponse Account to WPForms",
            "content": [
                {
                    "text": "Before getting started, be sure to install and activate WPForms on your WordPress site. You should also verify your license . Then you can install and activate the GetResponse addon ."
                },
                {
                    "url": "https://wpforms.com/docs/install-wpforms-plugin/"
                },
                {
                    "url": "https://wpforms.com/docs/verify-wpforms-license/"
                },
                {
                    "url": "https://wpforms.com/docs/install-activate-wpforms-addons/"
                },
                {
                    "text": "Once the GetResponse addon is installed, go to WPForms \" Settings and click on the Integrations tab."
                },
                {
                    "image_link": "https://wpforms.com/wp-content/uploads/2023/04/wpforms-getresponse-integration.png"
                },
                {
                    "text": "Here, click on the GetResponse option to expand it. Then, go ahead and click the + Add New Account button."
                },
                {
                    "image_link": "https://wpforms.com/wp-content/uploads/2020/12/getresponse-add-new-account.png 1116w, https://wpforms.com/wp-content/uploads/2020/12/getresponse-add-new-account-300x131.png 300w, https://wpforms.com/wp-content/uploads/2020/12/getresponse-add-new-account-1024x446.png 1024w, https://wpforms.com/wp-content/uploads/2020/12/getresponse-add-new-account-768x334.png 768w"
                },
                {
                    "text": "Note: If you see both a Legacy option and non-Legacy option available for your GetResponse integration, make sure you choose the non-Legacy option for your connection. For more details, please see the FAQ section below."
                },
                {
                    "url": "#faq"
                },
                {
                    "text": "This will reveal two fields where you'll add your GetResponse account API key, as well as a nickname for the account."
                },
                {
                    "image_link": "https://wpforms.com/wp-content/uploads/2020/11/GetResponse-settings-in-WPForms.png"
                }
            ]
        },
        {
            "subtitle": "Locating Your GetResponse API Key",
            "content": [
                {
                    "text": "To find your API key, log in to your GetResponse account . Then click on Menu , which is located in the top left corner of the page, and select Integrations & API ."
                },
                {
                    "url": "https://app.getresponse.com/login.html"
                },
                {
                    "image_link": "https://wpforms.com/wp-content/uploads/2020/11/Integrations-and-API-in-GetResponse.png"
                },
                {
                    "text": "Next, click the API option to open up your API key settings. From here, click the Copy button to easily copy your API key."
                },
                {
                    "image_link": "https://wpforms.com/wp-content/uploads/2020/12/getresponse-copy-api-key.png"
                },
                {
                    "text": "Note: If you do not see an API key listed, click on the Generate API key button to create one."
                },
                {
                    "text": "Once you've copied your API key, head back to your WPForms settings and paste it into the field labeled GetResponse API Key ."
                },
                {
                    "text": "Then enter anything you'd like in the GetResponse Account Nickname field. This is for your internal reference only and can be helpful if you later decide to connect additional GetResponse accounts to your site."
                },
                {
                    "image_link": "https://wpforms.com/wp-content/uploads/2020/11/Add-API-Key-and-Nickname.png"
                },
                {
                    "text": "When you're ready, go ahead and click the Connect to GetResponse button."
                },
                {
                    "text": "WPForms will then connect your site to your GetResponse account. When it's done, it will show a green Connected status next to your GetResponse integration."
                },
                {
                    "image_link": "https://wpforms.com/wp-content/uploads/2020/11/Connected-GetResponse-Account.png"
                }
            ]
        },
        {
            "subtitle": "Adding GetResponse Integration to Your Forms",
            "content": [
                {
                    "text": "Once you've connected GetResponse with your site, you can integrate it with a specific form to collect email addresses. To get started, create a new form or edit an existing one to open the form builder."
                },
                {
                    "url": "https://wpforms.com/docs/creating-first-form/"
                },
                {
                    "text": "After you customize your form's fields however you'd like, go to Marketing \" GetResponse . Then click on the Add New Connection button."
                },
                {
                    "image_link": "https://wpforms.com/wp-content/uploads/2020/12/getresponse-add-new-form-connection.png"
                },
                {
                    "text": "Note: If you see both a Legacy option and non-Legacy option available for your GetResponse integration, make sure you choose the non-Legacy option for your connection. For more details on this, please see the FAQ section below."
                },
                {
                    "url": "#faq"
                },
                {
                    "text": "This will open an overlay where you can provide a nickname for this connection. You can enter any nickname you like, as this is for your internal reference only."
                },
                {
                    "image_link": "https://wpforms.com/wp-content/uploads/2020/12/getresponse-form-connection-nickname.png"
                },
                {
                    "text": "If you have more than one GetResponse account, you can select the account you'd like to use from the Select Account dropdown."
                },
                {
                    "image_link": "https://wpforms.com/wp-content/uploads/2020/12/getresponse-select-account.png"
                },
                {
                    "text": "Next, under Action to Perform , select the action you'd like to happen when users submit your form. We've covered each option in detail below."
                }
            ]
        },
        {
            "subtitle": "Subscriber: Create or Update",
            "content": [
                {
                    "text": "The Subscriber: Create or Update action will add new users to your GetResponse list."
                },
                {
                    "text": "When you select this action, the following additional settings will appear. Required fields are marked with an asterisk (*):"
                },
                {
                    "image_link": "https://wpforms.com/wp-content/uploads/2020/12/getresponse-create-update-subscriber.png"
                },
                {
                    "text": "Select List*: Select the GetResponse list that you'd like to add the subscriber to."
                },
                {
                    "text": "Subscriber Email*: Select the WPForms field where your users will enter their email addresses."
                },
                {
                    "text": "Subscriber Name: Select the WPForms field where your users will enter their names."
                },
                {
                    "text": "Tags To Add: Select any existing GetResponse tags that you'd like to add to the subscribers created through your forms. Tags must be created and managed in GetRespsonse ."
                },
                {
                    "text": "New Tags To Add: Create a new tag in GetResponse and add it to all subscribers created through this form."
                },
                {
                    "text": "Day of Cycle: The day on which the contact is in the Autoresponder cycle ."
                },
                {
                    "url": "https://www.getresponse.com/help/how-do-i-make-use-of-tags.html"
                },
                {
                    "url": "https://www.getresponse.com/help/what-is-an-autoresponder.html"
                },
                {
                    "text": "Note: Be sure to map the Email field, as it's required to create a subscriber in GetResponse."
                },
                {
                    "text": "If you'd like, you can also map any custom fields you've added to your GetResponse account under the Custom Field Name section."
                },
                {
                    "image_link": "https://wpforms.com/wp-content/uploads/2020/12/getresponse-custom-fields.png"
                },
                {
                    "text": "Just select your custom field from the Custom Field Name dropdown, then choose the corresponding field from your form from the Form Field Value dropdown."
                },
                {
                    "text": "Note: Custom fields must be created in GetResponse. For more details, be sure to check out GetResponse's tutorial on creating and using custom fields ."
                },
                {
                    "url": "https://www.getresponse.com/help/managing-contacts/working-with-custom-fields/how-do-i-create-and-use-custom-fields.html"
                }
            ]
        },
        {
            "subtitle": "Subscriber: Unsubscribe",
            "content": [
                {
                    "text": "The Subscriber: Unsubscribe action will remove users from your GetResponse list."
                },
                {
                    "text": "This action only has two additional settings, both of which are required. You'll need to select the GetResponse list from which you want to allow users to unsubscribe, and select the email field from your form."
                },
                {
                    "image_link": "https://wpforms.com/wp-content/uploads/2020/12/getresponse-unsubscribe.png"
                }
            ]
        },
        {
            "subtitle": "Enabling Conditional Logic (Optional)",
            "content": [
                {
                    "text": "Conditional logic allows you to set rules to automatically make changes to your form based on users' input or selections."
                },
                {
                    "text": "For example, you could use conditional logic to allow users to choose if they'd like to be added to your GetResponse mailing list ."
                },
                {
                    "url": "https://wpforms.com/how-to-add-a-getresponse-signup-checkbox-to-your-contact-form/"
                },
                {
                    "text": "To turn on conditional logic for your GetResponse connection, toggle on the Enable Conditional Logic setting at the bottom of the screen. Then use the dropdowns to create your rule."
                },
                {
                    "image_link": "https://wpforms.com/wp-content/uploads/2020/12/getresponse-conditional-logic-example.png"
                },
                {
                    "text": "Note: Need help setting up your conditional logic rule? Our beginner's tutorial on using conditional logic in WPForms has all the details."
                },
                {
                    "url": "https://wpforms.com/docs/how-to-use-conditional-logic-with-wpforms/"
                }
            ]
        },
        {
            "subtitle": "Frequently Asked Questions",
            "content": [
                {
                    "text": "These are some of the most common questions we receive about the GetResponse addon."
                }
            ]
        },
        {
            "subtitle": "Why do I have a GetResponse (Legacy) option in my forms?",
            "content": [
                {
                    "text": "Beginning in the GetResponse addon version 1.3.0, WPForms updated to GetResponse's v3 API from its older v2 option."
                },
                {
                    "text": "If you are still using the v2 version of GetResponse, you'll see a notice reading Your forms are currently using an outdated GetResponse integration that is no longer supported. Please update your forms to use the new integration to avoid losing subscribers."
                },
                {
                    "image_link": "https://wpforms.com/wp-content/uploads/2020/11/Outdated-GetResponse-Warning.png"
                },
                {
                    "text": "To fix this, be sure you're using the most recent version of GetResponse under WPForms \" Integrations . The older, v2 API will have a (Legacy) distinction next to it."
                },
                {
                    "image_link": "https://wpforms.com/wp-content/uploads/2020/11/GetResponse-Legacy-account.png"
                },
                {
                    "text": "You'll also need to be sure you're using the most recent version of GetResponse within your form builder. To check this, navigate to the Marketing tab. Similar to the Integrations tab, the older, v2 API will have a (Legacy) distinction next to it."
                },
                {
                    "image_link": "https://wpforms.com/wp-content/uploads/2020/11/Updated-GetResponse-Option.png"
                },
                {
                    "text": "Once you've selected the newest version of GetResponse, you will need to connect your GetResponse account if you haven't already."
                },
                {
                    "url": "#connect-getresponse"
                }
            ]
        },
        {
            "subtitle": "Some of my test submissions aren't being added to my GetResponse account. Why might that be?",
            "content": [
                {
                    "text": "As an anti-spam measure, GetResponse automatically blocks certain email domains from being submitted (including @test.com)."
                },
                {
                    "text": "If your test submission is showing in your entries, but not in your email list, you may want to consider enabling error logs for WPForms . To enable logs, navigate to WPForms \" Tools and open the Logs tab."
                },
                {
                    "url": "https://wpforms.com/docs/how-to-enable-activity-logging-for-wpforms/"
                },
                {
                    "image_link": "https://wpforms.com/wp-content/uploads/2020/12/wpforms-logs-tool.png"
                },
                {
                    "text": "Then, toggle on the Enable Logs option and click the Save Settings button to enable logging on your site."
                },
                {
                    "image_link": "https://wpforms.com/wp-content/uploads/2021/03/enable-logs-WPForms-2.png"
                },
                {
                    "text": "This will refresh the page and populate additional settings you can configure."
                },
                {
                    "image_link": "https://wpforms.com/wp-content/uploads/2020/12/Log-settings.png"
                },
                {
                    "text": "You can leave the default settings to record all log types and then submit another test entry through your forms."
                },
                {
                    "text": "Then, in the logs, look for a message titled Submission to GetResponse failed."
                },
                {
                    "image_link": "https://wpforms.com/wp-content/uploads/2020/11/Submission-to-GetResponse-Failed.png"
                },
                {
                    "text": "Go ahead and click on the log's title to open up more details. If the email domain has been blocked by GetResponse, you'll see an error message like the one below."
                },
                {
                    "image_link": "https://wpforms.com/wp-content/uploads/2020/11/Failed-GetResponse-Submission-message.png"
                },
                {
                    "text": "This will confirm that the email address you've used is being blocked by GetResponse. To fix this, please try submitting your test submissions with another email address."
                },
                {
                    "text": "That's it! You can now automatically add new subscribers to your GetResponse lists when users submit your forms."
                },
                {
                    "text": "Next, would you like to add extra spam protection to your forms? Check out our tutorial on setting up Google's reCAPTCHA for details on how to use this built-in option."
                },
                {
                    "url": "https://wpforms.com/docs/setup-captcha-wpforms/"
                }
            ]
        }
    ],
    "section": "Documentation",
    "category": "Marketing Integrations"
}