{
    "product_name": "WPForms",
    "document_id": 569,
    "document_name": "Customizing the Style of Individual Form Fields",
    "document_url": "https://wpforms.com/docs/how-to-customize-the-style-of-individual-form-fields/",
    "author": "Umair Majeed",
    "reviewer": "David Ozokoye",
    "date": "Updated: Jun 4, 2024",
    "version": "1.0",
    "title": "Customizing the Style of Individual Form Fields",
    "content": [
        {
            "subtitle": "How to Use the Code Below",
            "content": [
                {
                    "text": "Below is a list of the CSS selectors you'll need to target individual form fields with your CSS code."
                },
                {
                    "text": "Included below, you'll also find the default styles that WPForms automatically applies to those selectors. To customize any part of your form, you can begin by copying a CSS snippet from this tutorial into your site, then editing it as needed."
                },
                {
                    "text": "Note: Not sure how to add CSS to your site? Check out WPBeginner's tutorial on adding custom CSS to your WordPress site ."
                },
                {
                    "url": "http://www.wpbeginner.com/plugins/how-to-easily-add-custom-css-to-your-wordpress-site/"
                }
            ]
        },
        {
            "subtitle": "WPForms Selectors and Default Styles",
            "content": [
                {
                    "text": "Some of the styles you see in your form (such as the font) will come from your theme. WPForms also includes some basic styling to help make your forms look great on any theme. No matter where the initial styling comes from, however, it can usually be overridden by using very specific CSS selectors."
                },
                {
                    "text": "Note : When adding CSS to your site, it might be necessary to include !important before the semicolon to make sure your custom styles are applied successfully. This will help to override any CSS added by your theme or other plugins. Check out our guide on troubleshooting CSS for more details."
                },
                {
                    "url": "https://wpforms.com/docs/how-to-troubleshoot-css-not-working/"
                },
                {
                    "text": "Below is a list of CSS selectors that are specific to each part of a form, as well as the styles that will be included by default through WPForms."
                },
                {
                    "text": "Form Title and Description"
                },
                {
                    "text": "Multi-Page Progress Indicator"
                },
                {
                    "text": "Global Form Field Selectors"
                },
                {
                    "text": "Confirmation Message"
                },
                {
                    "text": "Required Fields 'Required' Asterisks Validation Errors"
                },
                {
                    "text": "'Required' Asterisks"
                },
                {
                    "text": "Validation Errors"
                },
                {
                    "text": "Standard Fields Single Line Text Paragraph Text Dropdown (Classic Style) Dropdown (Modern Style) Multiple Choice Checkboxes Numbers Name Email Number Slider GDPR Agreement"
                },
                {
                    "text": "Single Line Text"
                },
                {
                    "text": "Paragraph Text"
                },
                {
                    "text": "Dropdown (Classic Style)"
                },
                {
                    "text": "Dropdown (Modern Style)"
                },
                {
                    "text": "Multiple Choice"
                },
                {
                    "text": "Checkboxes"
                },
                {
                    "text": "Numbers"
                },
                {
                    "text": "Name"
                },
                {
                    "text": "Email"
                },
                {
                    "text": "Number Slider"
                },
                {
                    "text": "GDPR Agreement"
                },
                {
                    "url": "#form-title-description"
                },
                {
                    "url": "#progress-indicator"
                },
                {
                    "url": "#global-selectors"
                },
                {
                    "url": "#confirmation-message"
                },
                {
                    "url": "#required-fields"
                },
                {
                    "text": "'Required' Asterisks"
                },
                {
                    "text": "Validation Errors"
                },
                {
                    "url": "#req-asterisk"
                },
                {
                    "url": "#validation-errors"
                },
                {
                    "url": "#standard-fields"
                },
                {
                    "text": "Single Line Text"
                },
                {
                    "text": "Paragraph Text"
                },
                {
                    "text": "Dropdown (Classic Style)"
                },
                {
                    "text": "Dropdown (Modern Style)"
                },
                {
                    "text": "Multiple Choice"
                },
                {
                    "text": "Checkboxes"
                },
                {
                    "text": "Numbers"
                },
                {
                    "text": "Name"
                },
                {
                    "text": "Email"
                },
                {
                    "text": "Number Slider"
                },
                {
                    "text": "GDPR Agreement"
                },
                {
                    "url": "#single-line"
                },
                {
                    "url": "#paragraph"
                },
                {
                    "url": "#dropdown-classic"
                },
                {
                    "url": "#dropdown-modern"
                },
                {
                    "url": "#multiple-choice"
                },
                {
                    "url": "#checkboxes"
                },
                {
                    "url": "#numbers"
                },
                {
                    "url": "#name"
                },
                {
                    "url": "#email"
                },
                {
                    "url": "#number-slider"
                },
                {
                    "url": "#gdpr-agreement"
                }
            ]
        },
        {
            "subtitle": "Form Title and Description",
            "content": [
                {
                    "code": ".wpforms-form .wpforms-title {\n    font-size: 26px;\n    margin: 0 0 10px 0;\n}"
                }
            ]
        },
        {
            "subtitle": "Form Description",
            "content": [
                {
                    "code": ".wpforms-form .wpforms-description {\n    font-size: 13px;\n    line-height: 1.3;\n    margin: 8px 0 0 0;\n}"
                }
            ]
        },
        {
            "subtitle": "Multi-Page Progress Indicator",
            "content": [
                {
                    "text": "Note: To change the green fill color of the progress indicator, please use the multi-page options in the form builder."
                },
                {
                    "url": "https://wpforms.com/docs/how-to-create-multi-page-forms-in-wpforms/"
                }
            ]
        },
        {
            "subtitle": "Progress Indicator Page Title",
            "content": [
                {
                    "code": "span.wpforms-page-indicator-page-title {\n    font-size: 18px;\n}"
                }
            ]
        },
        {
            "subtitle": "Progress Indicator Steps",
            "content": [
                {
                    "code": "span.wpforms-page-indicator-steps {\n    font-size: 18px;\n}"
                }
            ]
        },
        {
            "subtitle": "Progress Indicator Current Step",
            "content": [
                {
                    "code": "span.wpforms-page-indicator-steps-current {\n    font-size: 18px;\n}"
                }
            ]
        },
        {
            "subtitle": "Progress Indicator Progress Bar",
            "content": [
                {
                    "image_link": "https://wpforms.com/wp-content/uploads/2021/10/Progress-Bar.png"
                },
                {
                    "code": ".wpforms-form .wpforms-page-indicator.progress .wpforms-page-indicator-page-progress-wrap {\n    display: block;\n    width: 100%;\n    background-color: #ddd;\n    height: 18px;\n    border-radius: 10px;\n    overflow: hidden;\n    position: relative;\n    margin: 5px 0 0;\n}"
                }
            ]
        },
        {
            "subtitle": "Progress Indicator Progress Bar (Fill Only)",
            "content": [
                {
                    "code": ".wpforms-form .wpforms-page-indicator.progress .wpforms-page-indicator-page-progress {\n    height: 18px;\n    position: absolute;\n    left: 0;\n    top: 0;\n}"
                }
            ]
        },
        {
            "subtitle": "Progress Indicator: Circles",
            "content": [
                {
                    "image_link": "https://wpforms.com/wp-content/uploads/2021/10/Progress-Indicator-Circles.png"
                }
            ]
        },
        {
            "subtitle": "Step Circles (Colors Apply to Non-Active Only)",
            "content": [
                {
                    "code": ".wpforms-form .wpforms-page-indicator.circles .wpforms-page-indicator-page-number {\n    height: 40px;\n    width: 40px;\n    border-radius: 50%;\n    display: inline-block;\n    margin: 0 10px 0 0;\n    line-height: 40px;\n    text-align: center;\n    background-color: #ddd;\n    color: #666;\n}"
                }
            ]
        },
        {
            "subtitle": "Current Step Circle",
            "content": [
                {
                    "code": ".wpforms-form .wpforms-page-indicator.circles .active .wpforms-page-indicator-page-number {\n    color: #fff;\n}"
                }
            ]
        },
        {
            "subtitle": "Progress Indicator Connector",
            "content": [
                {
                    "image_link": "https://wpforms.com/wp-content/uploads/2021/10/Progress-Indicator-Connector.png"
                }
            ]
        },
        {
            "subtitle": "Step Sections",
            "content": [
                {
                    "code": ".wpforms-form .wpforms-page-indicator.connector .wpforms-page-indicator-page {\n    float: left;\n    text-align: center;\n    font-style: 16px;\n    line-height: 1.2;\n}"
                }
            ]
        },
        {
            "subtitle": "Global Form Field Selectors",
            "content": []
        },
        {
            "subtitle": "All Field Labels",
            "content": [
                {
                    "code": ".wpforms-form .wpforms-field-label {\n    display: block;\n    font-weight: 700;\n    font-size: 16px;\n    float: none;\n    line-height: 1.3;\n    margin: 0 0 4px 0;\n    padding: 0;\n}"
                }
            ]
        },
        {
            "subtitle": "All Field Sublabels",
            "content": [
                {
                    "code": ".wpforms-form .wpforms-field-sublabel {\n    display: block;\n    font-size: 13px;\n    float: none;\n    font-weight: 400;\n    line-height: 1.3;\n    margin: 4px 0 0;\n    padding: 0;\n}"
                }
            ]
        },
        {
            "subtitle": "All Field Descriptions",
            "content": [
                {
                    "code": ".wpforms-form .wpforms-field-description {\n    font-size: 13px;\n    line-height: 1.3;\n    margin: 8px 0 0 0;\n}"
                }
            ]
        },
        {
            "subtitle": "Boxes Around All Input Fields",
            "content": [
                {
                    "code": ".wpforms-container input[type=date], .wpforms-container input[type=datetime], .wpforms-container input[type=datetime-local], .wpforms-container input[type=email], .wpforms-container input[type=month], .wpforms-container input[type=number], .wpforms-container input[type=password], .wpforms-container input[type=range], .wpforms-container input[type=search], .wpforms-container input[type=tel], .wpforms-container input[type=text], .wpforms-container input[type=time], .wpforms-container input[type=url], .wpforms-container input[type=week], .wpforms-container select, .wpforms-container textarea {\n    background-color: #fff;\n    box-sizing: border-box;\n    border-radius: 2px;\n    color: #333;\n    -webkit-box-sizing: border-box;\n    -moz-box-sizing: border-box;\n    display: block;\n    float: none;\n    font-size: 16px;\n    border: 1px solid #ccc;\n    padding: 6px 10px;\n    height: 38px;\n    width: 100%;\n    line-height: 1.3;\n}"
                }
            ]
        },
        {
            "subtitle": "Padding Between All Fields",
            "content": [
                {
                    "code": ".wpforms-form .wpforms-field {\n    padding: 10px 0;\n    clear: both;\n}"
                }
            ]
        },
        {
            "subtitle": "All Small Input Fields",
            "content": [
                {
                    "code": ".wpforms-container input.wpforms-field-small, .wpforms-container select.wpforms-field-small, .wpforms-container .wpforms-field-row.wpforms-field-small { \n   max-width: 25%;\n}"
                }
            ]
        },
        {
            "subtitle": "All Medium Input Fields",
            "content": [
                {
                    "code": ".wpforms-container input.wpforms-field-medium, .wpforms-container select.wpforms-field-medium, .wpforms-container .wpforms-field-row.wpforms-field-medium {\n   max-width: 60%;\n}"
                }
            ]
        },
        {
            "subtitle": "All Large Input Fields",
            "content": [
                {
                    "code": ".wpforms-container input.wpforms-field-large, .wpforms-container select.wpforms-field-large, .wpforms-container .wpforms-field-row.wpforms-field-large { \n   max-width: 100%;\n}"
                }
            ]
        },
        {
            "subtitle": "Confirmation Message",
            "content": [
                {
                    "image_link": "https://wpforms.com/wp-content/uploads/2021/10/Confirmation-message.png"
                },
                {
                    "code": ".wpforms-confirmation-container-full {\n    color: #333;\n    margin: 0 0 24px 0;\n    background: #e0ffc7;\n    border: 1px solid #b4d39b;\n    padding: 15px 15px;\n}"
                }
            ]
        },
        {
            "subtitle": "Required Fields",
            "content": []
        },
        {
            "subtitle": "'Required' Asterisk",
            "content": [
                {
                    "image_link": "https://wpforms.com/wp-content/uploads/2024/06/required-asterisk.png"
                },
                {
                    "code": ".wpforms-form .wpforms-required-label {\n    color: #ff0000;\n    font-weight: 400;\n}"
                }
            ]
        },
        {
            "subtitle": "Validation Errors",
            "content": [
                {
                    "image_link": "https://wpforms.com/wp-content/uploads/2024/06/required-message.png"
                }
            ]
        },
        {
            "subtitle": "Field Box",
            "content": [
                {
                    "code": ".wpforms-form .wpforms-field input.wpforms-error, .wpforms-form .wpforms-field textarea.wpforms-error, .wpforms-form .wpforms-field select.wpforms-error {\n    border: 1px solid #cc0000;\n}"
                }
            ]
        },
        {
            "subtitle": "Validation Message",
            "content": [
                {
                    "code": ".wpforms-container em.wpforms-error {\n    display: block;\n    color: #990000;\n    font-size: 12px;\n    float: none;\n}"
                }
            ]
        },
        {
            "subtitle": "Validation Error Icon",
            "content": [
                {
                    "image_link": "https://wpforms.com/wp-content/uploads/2024/06/error-icon.png"
                },
                {
                    "code": " .wpforms-container-full .wpforms-form em.wpforms-error:before {\n    content: '';\n    position: relative;\n    display: inline-block;\n    right: 5px;\n    top: 1.5px;\n    width: 16px;\n    height: 14px;\n    background-color: var(--wpforms-label-error-color);\n}"
                }
            ]
        },
        {
            "subtitle": "Standard Fields",
            "content": []
        },
        {
            "subtitle": "Single Line Text",
            "content": [
                {
                    "image_link": "https://wpforms.com/wp-content/uploads/2021/10/Single-Line-Text-field.png"
                }
            ]
        },
        {
            "subtitle": "Single Line Text Padding",
            "content": [
                {
                    "code": ".wpforms-form  .wpforms-field.wpforms-field-text {\n    padding: 10px 0;\n    clear: both;\n}"
                }
            ]
        },
        {
            "subtitle": "Single Line Text Label",
            "content": [
                {
                    "code": ".wpforms-form .wpforms-field.wpforms-field-text .wpforms-field-label {\n    display: block;\n    font-weight: 700;\n    font-size: 16px;\n    float: none;\n    line-height: 1.3;\n    margin: 0 0 4px 0;\n    padding: 0;\n}"
                }
            ]
        },
        {
            "subtitle": "Single Line Text Input Box",
            "content": [
                {
                    "code": ".wpforms-form .wpforms-field.wpforms-field-text input {\n    background-color: #fff;\n    box-sizing: border-box;\n    border-radius: 2px;\n    color: #333;\n    -webkit-box-sizing: border-box;\n    -moz-box-sizing: border-box;\n    display: block;\n    float: none;\n    font-size: 16px;\n    border: 1px solid #ccc;\n    padding: 6px 10px;\n    height: 38px;\n    width: 100%;\n    line-height: 1.3;\n}"
                }
            ]
        },
        {
            "subtitle": "Paragraph Text",
            "content": [
                {
                    "image_link": "https://wpforms.com/wp-content/uploads/2021/10/Paragraph-Text-field.png"
                }
            ]
        },
        {
            "subtitle": "Paragraph Text Padding",
            "content": [
                {
                    "code": ".wpforms-form .wpforms-field.wpforms-field-textarea {\n    padding: 10px 0;\n    clear: both;\n}"
                }
            ]
        },
        {
            "subtitle": "Paragraph Text Label",
            "content": [
                {
                    "code": ".wpforms-form .wpforms-field.wpforms-field-textarea .wpforms-field-label {\n    display: block;\n    font-weight: 700;\n    font-size: 16px;\n    float: none;\n    line-height: 1.3;\n    margin: 0 0 4px 0;\n    padding: 0;\n}"
                }
            ]
        },
        {
            "subtitle": "Paragraph Input Box",
            "content": [
                {
                    "code": ".wpforms-form .wpforms-field.wpforms-field-textarea textarea {\n    background-color: #fff;\n    box-sizing: border-box;\n    border-radius: 2px;\n    color: #333;\n    -webkit-box-sizing: border-box;\n    -moz-box-sizing: border-box;\n    display: block;\n    float: none;\n    font-size: 16px;\n    border: 1px solid #ccc;\n    padding: 6px 10px;\n    height: 120px;\n    width: 100%;\n    line-height: 1.3;\n}"
                }
            ]
        },
        {
            "subtitle": "Dropdown (Classic Style)",
            "content": [
                {
                    "image_link": "https://wpforms.com/wp-content/uploads/2021/10/Dropdown-field.png"
                }
            ]
        },
        {
            "subtitle": "Dropdown Padding",
            "content": [
                {
                    "code": ".wpforms-form .wpforms-field.wpforms-field-select.wpforms-field-select-style-classic {\n    padding: 10px 0;\n    clear: both;\n}"
                }
            ]
        },
        {
            "subtitle": "Dropdown Label",
            "content": [
                {
                    "code": ".wpforms-form .wpforms-field.wpforms-field-select.wpforms-field-select-style-classic .wpforms-field-label {\n    display: block;\n    font-weight: 700;\n    font-size: 16px;\n    float: none;\n    line-height: 1.3;\n    margin: 0 0 4px 0;\n    padding: 0;\n}"
                }
            ]
        },
        {
            "subtitle": "Dropdown Box",
            "content": [
                {
                    "code": ".wpforms-form .wpforms-valid {\n    display: inline-block;\n    vertical-align: top;\n    width: 100%;\n    background-color: #ffffff;\n    padding: 4px 6px 1px;\n    border: 1px solid #cccccc;\n    border-radius: 2px;\n    min-height: 35px;\n    overflow: hidden;\n}"
                }
            ]
        },
        {
            "subtitle": "Dropdown (Modern Style)",
            "content": [
                {
                    "image_link": "https://wpforms.com/wp-content/uploads/2021/10/Dropdown-field.png"
                }
            ]
        },
        {
            "subtitle": "Dropdown Padding",
            "content": [
                {
                    "code": ".wpforms-form .wpforms-field.wpforms-field-select.wpforms-field-select-style-modern {\n    padding: 10px 0;\n    clear: both;\n}"
                }
            ]
        },
        {
            "subtitle": "Dropdown Label",
            "content": [
                {
                    "code": ".wpforms-form .wpforms-field.wpforms-field-select.wpforms-field-select-style-modern .wpforms-field-label {\n    display: block;\n    font-weight: 700;\n    font-size: 16px;\n    float: none;\n    line-height: 1.3;\n    margin: 0 0 4px 0;\n    padding: 0;\n}"
                }
            ]
        },
        {
            "subtitle": "Dropdown Box",
            "content": [
                {
                    "code": ".wpforms-form .choices__inner {\n    display: inline-block;\n    vertical-align: top;\n    width: 100%;\n    background-color: #ffffff;\n    padding: 4px 6px 1px;\n    border: 1px solid #cccccc;\n    border-radius: 2px;\n    min-height: 35px;\n    overflow: hidden;\n}"
                }
            ]
        },
        {
            "subtitle": "Multiple Choice",
            "content": [
                {
                    "image_link": "https://wpforms.com/wp-content/uploads/2021/10/Multiple-Choice-field.png"
                }
            ]
        },
        {
            "subtitle": "Multiple Choice Field Padding",
            "content": [
                {
                    "code": ".wpforms-form .wpforms-field.wpforms-field-radio {\n    padding: 10px 0;\n    clear: both;\n}"
                }
            ]
        },
        {
            "subtitle": "Multiple Choice Label",
            "content": [
                {
                    "code": ".wpforms-form .wpforms-field.wpforms-field-radio .wpforms-field-label {\n    display: block;\n    font-weight: 700;\n    font-size: 16px;\n    float: none;\n    line-height: 1.3;\n    margin: 0 0 4px 0;\n    padding: 0;\n}"
                }
            ]
        },
        {
            "subtitle": "Multiple Choice Option Labels",
            "content": [
                {
                    "code": ".wpforms-form .wpforms-field.wpforms-field-radio ul li .wpforms-field-label-inline {\n    display: inline;\n    vertical-align: baseline;\n    font-size: 16px;\n    font-weight: 400;\n    line-height: 1.3;\n}"
                }
            ]
        },
        {
            "subtitle": "Checkboxes",
            "content": [
                {
                    "image_link": "https://wpforms.com/wp-content/uploads/2021/10/Checkboxes-field.png"
                }
            ]
        },
        {
            "subtitle": "Checkboxes Padding",
            "content": [
                {
                    "code": ".wpforms-form .wpforms-field.wpforms-field-checkbox {\n    padding: 10px 0;\n    clear: both;\n}"
                }
            ]
        },
        {
            "subtitle": "Checkboxes Label",
            "content": [
                {
                    "code": ".wpforms-form .wpforms-field.wpforms-field-checkbox .wpforms-field-label {\n    display: block;\n    font-weight: 700;\n    font-size: 16px;\n    float: none;\n    line-height: 1.3;\n    margin: 0 0 4px 0;\n    padding: 0;\n}"
                }
            ]
        },
        {
            "subtitle": "Checkbox Option Labels",
            "content": [
                {
                    "code": ".wpforms-form .wpforms-field.wpforms-field-checkbox ul li .wpforms-field-label-inline {\n    display: inline;\n    vertical-align: baseline;\n    font-size: 16px;\n    font-weight: 400;\n    line-height: 1.3;\n}"
                }
            ]
        },
        {
            "subtitle": "Numbers",
            "content": [
                {
                    "image_link": "https://wpforms.com/wp-content/uploads/2021/10/Numbers-field.png"
                }
            ]
        },
        {
            "subtitle": "Numbers Padding",
            "content": [
                {
                    "code": ".wpforms-form .wpforms-field.wpforms-field-number {\n    padding: 10px 0;\n    clear: both;\n}"
                }
            ]
        },
        {
            "subtitle": "Numbers Label",
            "content": [
                {
                    "code": ".wpforms-form .wpforms-field.wpforms-field-number .wpforms-field-label {\n    display: block;\n    font-weight: 700;\n    font-size: 16px;\n    float: none;\n    line-height: 1.3;\n    margin: 0 0 4px 0;\n    padding: 0;\n}"
                }
            ]
        },
        {
            "subtitle": "Numbers Input Box",
            "content": [
                {
                    "code": ".wpforms-form .wpforms-field.wpforms-field-number input {\n    background-color: #fff;\n    box-sizing: border-box;\n    border-radius: 2px;\n    color: #333;\n    -webkit-box-sizing: border-box;\n    -moz-box-sizing: border-box;\n    display: block;\n    float: none;\n    font-size: 16px;\n    border: 1px solid #ccc;\n    padding: 6px 10px;\n    height: 38px;\n    width: 100%;\n    line-height: 1.3;    \n}"
                }
            ]
        },
        {
            "subtitle": "Name",
            "content": [
                {
                    "image_link": "https://wpforms.com/wp-content/uploads/2018/03/Name-field.png"
                }
            ]
        },
        {
            "subtitle": "First Name Input Box",
            "content": [
                {
                    "code": ".wpforms-form input[type=text].wpforms-field-name-first {\n    background-color: #fff;\n    box-sizing: border-box;\n    border-radius: 2px;\n    color: #333;\n    -webkit-box-sizing: border-box;\n    -moz-box-sizing: border-box;\n    display: block;\n    float: none;\n    font-size: 16px;\n    border: 1px solid #ccc;\n    padding: 6px 10px;\n    height: 38px;\n    width: 100%;\n    line-height: 1.3;\n}"
                }
            ]
        },
        {
            "subtitle": "Middle Name Input Box",
            "content": [
                {
                    "code": ".wpforms-form input[type=text].wpforms-field-name-middle {\n    background-color: #fff;\n    box-sizing: border-box;\n    border-radius: 2px;\n    color: #333;\n    -webkit-box-sizing: border-box;\n    -moz-box-sizing: border-box;\n    display: block;\n    float: none;\n    font-size: 16px;\n    border: 1px solid #ccc;\n    padding: 6px 10px;\n    height: 38px;\n    width: 100%;\n    line-height: 1.3;\n}"
                }
            ]
        },
        {
            "subtitle": "Last Name Input Box",
            "content": [
                {
                    "code": ".wpforms-form input[type=text].wpforms-field-name-last {\n    background-color: #fff;\n    box-sizing: border-box;\n    border-radius: 2px;\n    color: #333;\n    -webkit-box-sizing: border-box;\n    -moz-box-sizing: border-box;\n    display: block;\n    float: none;\n    font-size: 16px;\n    border: 1px solid #ccc;\n    padding: 6px 10px;\n    height: 38px;\n    width: 100%;\n    line-height: 1.3;\n}"
                }
            ]
        },
        {
            "subtitle": "Email",
            "content": [
                {
                    "image_link": "https://wpforms.com/wp-content/uploads/2021/10/Email-field.png"
                }
            ]
        },
        {
            "subtitle": "Email Padding",
            "content": [
                {
                    "code": ".wpforms-form .wpforms-field.wpforms-field-email {\n    padding: 10px 0;\n    clear: both;\n}"
                }
            ]
        },
        {
            "subtitle": "Email Label",
            "content": [
                {
                    "code": ".wpforms-form .wpforms-field.wpforms-field-email .wpforms-field-label {\n    display: block;\n    font-weight: 700;\n    font-size: 16px;\n    float: none;\n    line-height: 1.3;\n    margin: 0 0 4px 0;\n    padding: 0;\n}"
                }
            ]
        },
        {
            "subtitle": "Email Input Box (Primary Only)",
            "content": [
                {
                    "code": ".wpforms-form input[type=email].wpforms-field-email-primary {\n    background-color: #fff;\n    box-sizing: border-box;\n    border-radius: 2px;\n    color: #333;\n    -webkit-box-sizing: border-box;\n    -moz-box-sizing: border-box;\n    display: block;\n    float: none;\n    font-size: 16px;\n    border: 1px solid #ccc;\n    padding: 6px 10px;\n    height: 38px;\n    width: 100%;\n    line-height: 1.3;    \n}"
                }
            ]
        },
        {
            "subtitle": "Email Input Box (Confirm Email Only)",
            "content": [
                {
                    "code": ".wpforms-form input[type=email].wpforms-field-email-confirmation {\n    background-color: #fff;\n    box-sizing: border-box;\n    border-radius: 2px;\n    color: #333;\n    -webkit-box-sizing: border-box;\n    -moz-box-sizing: border-box;\n    display: block;\n    float: none;\n    font-size: 16px;\n    border: 1px solid #ccc;\n    padding: 6px 10px;\n    height: 38px;\n    width: 100%;\n    line-height: 1.3;    \n}"
                }
            ]
        },
        {
            "subtitle": "Email Sublabels",
            "content": [
                {
                    "code": ".wpforms-form .wpforms-field.wpforms-field-email .wpforms-field-sublabel {\n    display: block;\n    font-size: 13px;\n    float: none;\n    font-weight: 400;\n    line-height: 1.3;\n    margin: 4px 0 0;\n    padding: 0;\n}"
                }
            ]
        },
        {
            "subtitle": "Number Slider",
            "content": [
                {
                    "image_link": "https://wpforms.com/wp-content/uploads/2021/10/Number-Slider-field.png"
                }
            ]
        },
        {
            "subtitle": "Number Slider Padding",
            "content": [
                {
                    "code": ".wpforms-form .wpforms-field.wpforms-field-number-slider {\n    padding: 10px 0;\n    clear: both;\n}"
                }
            ]
        },
        {
            "subtitle": "Number Slider Label",
            "content": [
                {
                    "code": ".wpforms-form .wpforms-field.wpforms-field-number-slider .wpforms-field-label {\n    display: block;\n    font-weight: 700;\n    font-size: 16px;\n    float: none;\n    line-height: 1.3;\n    margin: 0 0 4px 0;\n    padding: 0;\n}"
                }
            ]
        },
        {
            "subtitle": "Number Slider Bar",
            "content": [
                {
                    "code": ".wpforms-form .wpforms-field.wpforms-field-number-slider input[type=range] {\n    background-color: #fff;\n    box-sizing: border-box;\n    border-radius: 2px;\n    color: #333;\n    -webkit-box-sizing: border-box;\n    -moz-box-sizing: border-box;\n    display: block;\n    float: none;\n    font-size: 16px;\n    border: 1px solid #ccc;\n    padding: 6px 10px;\n    height: 38px;\n    width: 100%;\n    line-height: 1.3;\n}"
                }
            ]
        },
        {
            "subtitle": "GDPR Agreement",
            "content": [
                {
                    "image_link": "https://wpforms.com/wp-content/uploads/2021/10/GDPR-agreement.png"
                }
            ]
        },
        {
            "subtitle": "GDPR Agreement Padding",
            "content": [
                {
                    "code": ".wpforms-form .wpforms-field.wpforms-field-gdpr-checkbox {\n    padding: 10px 0;\n    clear: both;\n}"
                }
            ]
        },
        {
            "subtitle": "GDPR Agreement Label",
            "content": [
                {
                    "code": ".wpforms-form .wpforms-field.wpforms-field-gdpr-checkbox .wpforms-field-label {\n    display: block;\n    font-weight: 700;\n    font-size: 16px;\n    float: none;\n    line-height: 1.3;\n    margin: 0 0 4px 0;\n    padding: 0;\n}"
                },
                {
                    "text": "That's it! You can now use these selectors to apply custom CSS to standard fields on your forms."
                },
                {
                    "text": "Next, would you like to style other fields in WPForms? Be sure to check our tutorials on customizing the style of fancy fields and payment fields ."
                },
                {
                    "url": "https://wpforms.com/docs/customizing-the-style-of-fancy-fields/"
                },
                {
                    "url": "https://wpforms.com/docs/customizing-the-style-of-payment-fields/"
                }
            ]
        }
    ],
    "section": "Documentation",
    "category": "Styling and Customization"
}