{
    "product_name": "WPForms",
    "document_id": 499,
    "document_name": "How to Customize the Stripe Styling",
    "document_url": "https://wpforms.com/developers/how-to-customize-the-stripe-styling/",
    "author": "Editorial Team",
    "reviewer": "Molly Tyler",
    "date": "Published: Nov 17, 2023, 14:35 PM",
    "version": "1.0",
    "title": "How to Customize the Stripe Styling",
    "content": [
        {
            "subtitle": "Introduction",
            "content": [
                {
                    "text": "Want to customize the Stripe styling on the elements on your forms? No problem! This tutorial will walk you through the simple steps of customizing the appearance of your Stripe Credit Card field using PHP."
                },
                {
                    "text": "Please note that this snippet will only be applied to the Stripe Credit Card form field when using the Credit Card Field Mode from the WPForms Settings Payments tab is set to Payment Element ."
                },
                {
                    "image_link": "https://wpforms.com/wp-content/uploads/2023/11/wpforms-card-payment-element-stripe.jpg"
                },
                {
                    "text": "To learn more about this option, please see this useful guide ."
                },
                {
                    "url": "https://wpforms.com/docs/how-to-install-and-use-the-stripe-addon-with-wpforms/#Selecting_a_Credit_Card_Field_Mode"
                },
                {
                    "text": "By default, the field will already have default options set within WPForms."
                },
                {
                    "image_link": "https://wpforms.com/wp-content/uploads/2023/11/stripe-payment-before.jpg"
                }
            ]
        },
        {
            "subtitle": "Creating the form",
            "content": [
                {
                    "text": "We're going to begin by creating a new form and adding our fields. You'll need to include the Stripe Credit Card field on your form."
                },
                {
                    "text": "If you need help in creating a form that will process Stripe payments, please checkout this detailed guide ."
                },
                {
                    "url": "https://wpforms.com/docs/how-to-install-and-use-the-stripe-addon-with-wpforms/"
                },
                {
                    "text": "For the purpose of this tutorial, we've created a simple order form."
                },
                {
                    "image_link": "https://wpforms.com/wp-content/uploads/2023/11/wpforms-add-stripe-field.jpg"
                }
            ]
        },
        {
            "subtitle": "Adding the snippet",
            "content": [
                {
                    "text": "Now it's time to add the snippet. If you need help with how and where to add custom snippets to your site, please see this tutorial ."
                },
                {
                    "url": "https://wpforms.com/developers/how-to-add-custom-php-or-javascript-for-wpforms/"
                },
                {
                    "text": "Stripe has quite a few options for styling their elements. For a more comprehensive list on what you can change, please see their own documentation on Elements Appearance API . Please be sure to test your form and changes as some elements may not be supported with this API."
                },
                {
                    "url": "https://stripe.com/docs/elements/appearance-api"
                },
                {
                    "code": "\n/**\n * Customize Stripe styling when using the Payment Element\n *\n * @link https://wpforms.com/developers/how-to-customize-the-stripe-styling/\n */\n\nfunction wpf_stripe_payment_element_appearance() {\n\t\n\treturn [\n\t\t'theme' => 'stripe',\n\t\t'labels' => 'floating',\n\t\t'variables' => [\n\t\t\t'fontFamily' => 'Sohne, system-ui, sans-serif',\n\t\t\t'fontWeightNormal' => '500',\n\t\t\t'borderRadius' => '8px',\n\t\t\t'colorBackground' => '#0A2540',\n\t\t\t'colorPrimary' => '#EFC078',\n\t\t\t'accessibleColorOnColorPrimary' => '#1A1B25',\n\t\t\t'colorText' => 'white',\n\t\t\t'colorTextSecondary' => 'white',\n\t\t\t'colorTextPlaceholder' => '#727F96',\n\t\t\t'tabIconColor' => 'white',\n\t\t\t'logoColor' => 'dark'\n \t \t]\n\t];\n}\n\nadd_filter( 'wpforms_integrations_stripe_api_payment_intents_set_element_appearance', 'wpf_stripe_payment_element_appearance' );\n"
                },
                {
                    "text": "In this snippet, we've selected the Stripe theme and set the field labels to floating as well as various CSS options."
                },
                {
                    "text": "Now when we view our form, you can clearly see the changes we've made including the floating labels on the field."
                },
                {
                    "image_link": "https://wpforms.com/wp-content/uploads/2023/11/wpforms-payment-after.jpg"
                },
                {
                    "text": "And that's all you need to customize the Stripe styling. Would you like to add floating labels to other form fields? Check out our tutorial on How to Create a Form With Floating Labels ."
                },
                {
                    "url": "https://wpforms.com/developers/how-to-create-a-form-with-floating-labels/"
                }
            ]
        }
    ],
    "section": "Developers",
    "category": "Tutorials"
}