{
    "product_name": "WPForms",
    "document_id": 216,
    "document_name": "How to Add WPForms Shortcodes to PHP Templates",
    "document_url": "https://wpforms.com/developers/how-to-add-wpforms-shortcodes-to-php-templates/",
    "author": "Editorial Team",
    "reviewer": "Molly Tyler",
    "date": "Updated: Mar 19, 2024, 13:21 PM",
    "version": "1.0",
    "title": "How to Add WPForms Shortcodes to PHP Templates",
    "content": [
        {
            "subtitle": "Creating the form",
            "content": [
                {
                    "text": "First, you'll need to create your form and add the fields you wish to have. Our form will have some basic fields to collect our initial contact information for our newsletter."
                },
                {
                    "text": "If you need help in creating your form, please see this documentation ."
                },
                {
                    "url": "https://wpforms.com/docs/creating-first-form/"
                },
                {
                    "image_link": "https://wpforms.com/wp-content/uploads/2020/03/wpforms-create-your-form-1.jpg"
                }
            ]
        },
        {
            "subtitle": "Adding WPForms shortcode to PHP templates",
            "content": [
                {
                    "text": "It's very important to note that we never recommend making any changes to any of your theme files without the use of a child theme. If you'd like to learn more about creating a child theme, please see this article from our friends at WPBeginner ."
                },
                {
                    "url": "https://www.wpbeginner.com/wp-themes/how-to-create-a-wordpress-child-theme-video/"
                },
                {
                    "text": "For more information on how to add code to any template file in your theme, please review this documentation ."
                },
                {
                    "url": "https://wpforms.com/developers/how-to-add-custom-php-or-javascript-for-wpforms/"
                },
                {
                    "text": "Since we want our newsletter to appear at the bottom of every page on our site automatically, we're going to use a child theme and edit the footer.php inside our child theme."
                },
                {
                    "text": "Just before the closing content div of the footer, we're going to add this code."
                },
                {
                    "text": "<?php echo do_shortcode('[wpforms id=\"25\"]');?>"
                },
                {
                    "text": "Just be sure to update the id=\"25\u2033 with the form ID number you want to include in the template. If you need any help in how to locate your form ID number, please check out this tutorial ."
                },
                {
                    "url": "https://wpforms.com/developers/how-to-locate-form-id-and-field-id/"
                },
                {
                    "image_link": "https://wpforms.com/wp-content/uploads/2020/01/wpforms-add-shortcode-to-template.jpg"
                },
                {
                    "text": "Now when you load each page of your site, you'll see the form at the bottom of every page."
                },
                {
                    "image_link": "https://wpforms.com/wp-content/uploads/2020/03/wpforms-add-shortcode-to-template.jpg"
                },
                {
                    "text": "As we mentioned, this is just one way. If your theme offers a footer widget, it's much easier to just add your WPForms shortcode directly to the widget and there's no need for coding edits or changes using this method."
                },
                {
                    "text": "And that's all you need! Would you also like to know how to display a shortcode inside an HTML Field inside your form? Take a look at our article on How to Display Shortcodes Inside the HTML Field ."
                },
                {
                    "url": "https://wpforms.com/developers/how-to-display-shortcodes-inside-the-html-field/"
                }
            ]
        },
        {
            "subtitle": "FAQ",
            "content": []
        },
        {
            "subtitle": "Q: What if I want my form title and description to display?",
            "content": [
                {
                    "text": "A: To display your title and form description when embedding the shortcode on a PHP template. You'll want to use this shortcode instead."
                },
                {
                    "text": "<?php echo do_shortcode('[wpforms id=\"25\" title=\"true\" description=\"true\"]');?>"
                }
            ]
        }
    ],
    "section": "Developers",
    "category": "Tutorials"
}