{
    "product_name": "WPForms",
    "document_id": 144,
    "document_name": "How to Change the Error Text for Failed Submissions",
    "document_url": "https://wpforms.com/developers/how-to-change-the-error-text-for-failed-submissions/",
    "author": "Umair Majeed",
    "reviewer": "Molly Tyler",
    "date": "Updated: Jul 17, 2024, 14:38 PM",
    "version": "1.0",
    "title": "How to Change the Error Text for Failed Submissions",
    "content": [
        {
            "subtitle": "Changing the error text",
            "content": [
                {
                    "text": "To change the error text, you'll need to add a small snippet to your site. For assistance in adding snippets, please review this tutorial on adding custom PHP or JavaScript for WPForms ."
                },
                {
                    "url": "https://wpforms.com/developers/how-to-add-custom-php-or-javascript-for-wpforms/"
                },
                {
                    "code": "\n/**\n * Change the error text message that appears.\n *\n * @link https://wpforms.com/developers/how-to-change-the-error-text-for-failed-submissions/\n */\n\nfunction wpf_translated( $translated_text, $text, $domain ) {\n\n    // Bail early if it's not a WPForms string.\n    if ( $domain !== 'wpforms-lite' ) {\n        return $translated_text;\n    }\n\n    // Compare against the original string (in English).\n    if ( $text === 'Form has not been submitted, please see the errors below.' ) {\n        $translated_text = __( 'Hey! Please check under the hood!', 'wpforms' );\n    }\n\n    return $translated_text;\n}\nadd_filter( 'gettext', 'wpf_translated', 10, 3 );\n\n"
                },
                {
                    "text": "The above snippet will only process if the error message The form was unable to submit. Please contact the site administrator. is present on the page."
                },
                {
                    "text": "You can use this snippet to change any error messages, required field messages, or validation messages that appear when the form fails to submit."
                },
                {
                    "text": "And that's all you need to change the error messages. For a more in-depth look into what might cause this error, please check out our guide on Resolving 'The form was unable to submit' Issue in WPForms ."
                },
                {
                    "url": "https://wpforms.com/docs/resolving-the-form-was-unable-to-submit-issue-in-wpforms/"
                }
            ]
        },
        {
            "subtitle": "Reference Filter",
            "content": [
                {
                    "text": "gettext"
                },
                {
                    "url": "https://developer.wordpress.org/reference/hooks/gettext/"
                }
            ]
        }
    ],
    "section": "Developers",
    "category": "Extending"
}