{
    "product_name": "WPForms",
    "document_id": 59,
    "document_name": "How to Create More User Smart Tags",
    "document_url": "https://wpforms.com/developers/how-to-create-more-user-smart-tags/",
    "author": "Editorial Team",
    "reviewer": "Molly Tyler",
    "date": "Updated: Oct 24, 2023, 16:17 PM",
    "version": "1.0",
    "title": "How to Create More User Smart Tags",
    "content": [
        {
            "subtitle": "Introduction",
            "content": [
                {
                    "text": "Would you like to create custom user Smart Tags to use in your WPForms that will pull information from the WordPress User Profile?"
                },
                {
                    "text": "A Smart Tag is a bit of code that you can use to insert relevant information to your form notification settings or as field default values. In this tutorial, we're going to a form for all the default WordPress user prompts that make up a profile and display them on a page for users to confirm their information."
                },
                {
                    "url": "https://wpforms.com/docs/how-to-use-smart-tags-in-wpforms/"
                },
                {
                    "text": "By default, there are already some user-related Smart Tags available with WPForms such as User ID , Display Name , User Meta etc."
                },
                {
                    "url": "https://wpforms.com/docs/how-to-use-smart-tags-in-wpforms/"
                },
                {
                    "text": "The User Meta Smart Tag can be used as a blank coverage for any custom fields that may have been added to the WordPress User Profiles such as social links or any custom fields added to the WordPress User Profile."
                }
            ]
        },
        {
            "subtitle": "Creating the new user Smart Tags",
            "content": [
                {
                    "text": "First, we'll need to add this code snippet to our site. The first function using the wpforms_smart_tags filter will create the Smart Tags. The second function using the wpforms_smart_tag_process filter will define the Smart Tags."
                },
                {
                    "text": "If you need help in adding code snippets to your site, please review this tutorial ."
                },
                {
                    "url": "https://wpforms.com/developers/how-to-add-custom-php-or-javascript-for-wpforms/"
                },
                {
                    "code": "\n/**\n * Create User Smart Tags from the WordPress profile.\n *\n * @link   https://wpforms.com/developers/how-to-create-more-user-smart-tags/\n */\n\nfunction wpf_dev_register_user_profile_smart_tags ( $tags ) {\n \n    // Key is the tag, item is the tag name.\n    $tags[ 'wp_nickname' ]     = 'WP Profile Nickname';\n    $tags[ 'wp_username' ]     = 'WP Profile Username';\n    $tags[ 'wp_url' ]          = 'WP Profile URL';\n    $tags[ 'wp_user_role' ]    = 'WP Profile User Role';\n    $tags[ 'wp_user_bio' ]     = 'WP Profile Bio';\n     \n    return $tags;\n}\n \nadd_filter( 'wpforms_smart_tags', 'wpf_dev_register_user_profile_smart_tags', 10, 1 );\n \n \n/**\n * Process the User Smart Tags from the WordPress profile.\n *\n * @link   https://wpforms.com/developers/how-to-create-more-user-smart-tags/\n */\n \nfunction wpf_dev_process_user_profile_smart_tags( $content, $tag ) {\n \n    $userID = get_current_user_id();\n \n    // Nickname from WordPress profile\n    if ( 'wp_nickname' === $tag ) {\n \n        $wp_nickname = get_the_author_meta( 'nickname', $userID );\n\t\t\n        // Replace the tag with the nickname pulled from the user's WordPress profile.\n        $content = str_replace( '{wp_nickname}', $wp_nickname, $content );\n \n    }\n \n    // Username from WordPress profile\n    if ( 'wp_username' === $tag ) {\n \n        $wp_username = get_the_author_meta( 'user_login', $userID );\n\t\t\n        // Replace the tag with the username pulled from the user's WordPress profile.\n        $content = str_replace( '{wp_username}', $wp_username, $content );\n \n    }\n\n    // Website URL from WordPress profile\n    if ( 'wp_url' === $tag ) {\n \n        $wp_url = get_the_author_meta( 'user_url', $userID );\n\t\t\n        // Replace the tag with the Website URL pulled from the user's WordPress profile.\n        $content = str_replace( '{wp_url}', $wp_url, $content );\n \n    }\n\n    // Current role from WordPress profile\n    switch ($tag) {\n \n        case \"wp_user_role\":\n        $user = wp_get_current_user();\n        $roles = implode(', ', (array) $user->roles);\n        $content = str_replace( '{' . $tag . '}', $roles, $content );\n        break;\n \n    }\n\n    // Bio from WordPress profile\n    if ( 'wp_user_bio' === $tag ) {\n \n        $wp_user_bio = get_the_author_meta( 'description', $userID );\n\t\t\n        // Replace the tag with the user bio pulled from the user's WordPress profile.\n        $content = str_replace( '{wp_user_bio}', $wp_user_bio, $content );\n \n    }\n \n    return $content;\n}\n \nadd_filter( 'wpforms_smart_tag_process', 'wpf_dev_process_user_profile_smart_tags', 10, 2 );\n"
                },
                {
                    "text": "This snippet is adding WP Profile Nickname , WP Profile Username , WP Profile URL , WP Profile User Role , and WP Profile Bio . These Smart Tags we'll use in our form to pull in the information we already have from the user's WordPress profile so that they can confirm the information on file."
                }
            ]
        },
        {
            "subtitle": "Creating the form",
            "content": [
                {
                    "text": "Now it's time to create our form so that we can use our new Smart Tags. If you need help in creating a form, please see this article ."
                },
                {
                    "url": "https://wpforms.com/docs/creating-first-form/"
                },
                {
                    "text": "For most of our fields on this form, we're just adding the Single Line Text form field. Once we've added the field and updated the label, click on the Advanced tab. You'll see the Default Value field, just select the Show Smart Tags and scroll until you find one of the new Smart Tags we just added. Once you've selected the correct one, that Smart Tag will display inside the Default Value for our field."
                },
                {
                    "image_link": "https://wpforms.com/wp-content/uploads/2022/10/wpforms-default-value-smart-tags.jpg"
                },
                {
                    "text": "We'll continue to add our fields and Smart Tags in the same fashion. For the Bio field, we're going to use the Paragraph Text form field to display the bio, but the steps to add the Smart Tag to the Default Value field are exactly the same as above."
                },
                {
                    "text": "Now when the users visit this form, they'll see the information is already pulled in for them by default."
                },
                {
                    "image_link": "https://wpforms.com/wp-content/uploads/2022/10/wpforms-profile-form-smart-tags.jpg"
                },
                {
                    "text": "You can find more information on creating other Smart Tags by viewing the article on How to Create A Custom Smart Tag ."
                },
                {
                    "url": "https://wpforms.com/developers/how-to-create-a-custom-smart-tag/"
                },
                {
                    "text": "And that's all you need in order to create more user Smart Tags with WPForms. Would you like to use those Smart Tags inside an HTML / Code Block ? In our tutorial How to Process Smart Tags in HTML Fields , we'll show you how to use PHP to allow Smart Tags in this type of form field."
                },
                {
                    "url": "https://wpforms.com/developers/how-to-process-smart-tags-in-html-fields/"
                }
            ]
        },
        {
            "subtitle": "Related",
            "content": [
                {
                    "text": "Filter References:"
                },
                {
                    "text": "wpforms_smart_tags"
                },
                {
                    "text": "wpforms_smart_tag_process"
                },
                {
                    "url": "https://wpforms.com/developers/wpforms_smart_tags/"
                },
                {
                    "url": "https://wpforms.com/developers/wpforms_smart_tag_process/"
                }
            ]
        }
    ],
    "section": "Developers",
    "category": "Tutorials"
}