{
    "product_name": "WPForms",
    "document_id": 142,
    "document_name": "PayPal Commerce Addon",
    "document_url": "https://wpforms.com/docs/paypal-commerce-addon/",
    "author": "David Ozokoye",
    "reviewer": "Claire Broadley",
    "date": "Updated: Sep 29, 2024",
    "version": "1.0",
    "title": "PayPal Commerce Addon",
    "content": [
        {
            "subtitle": "Connecting to PayPal Commerce",
            "content": [
                {
                    "text": "WPForms makes it easy to connect to PayPal Commerce in just a few steps. When you're ready to connect, in the WordPress dashboard, go to WPForms \" Settings and click the Payments tab to access your payment settings."
                },
                {
                    "image_link": "https://wpforms.com/wp-content/uploads/2022/08/wpforms-payment-settings-1.png"
                },
                {
                    "text": "Next, scroll to the PayPal Commerce section and click Connect with PayPal Commerce to open the login window."
                },
                {
                    "image_link": "https://wpforms.com/wp-content/uploads/2022/08/connect-to-paypal-commerce.png"
                },
                {
                    "text": "Note: A PayPal Business account is required to connect your site to PayPal Commerce."
                },
                {
                    "url": "https://www.paypal.com/us/business"
                },
                {
                    "text": "Enter the email address associated with your PayPal Business account in the email field."
                },
                {
                    "image_link": "https://wpforms.com/wp-content/uploads/2022/08/add-paypal-business-email-address-wpforms.png"
                },
                {
                    "text": "Then, choose your country or region from the dropdown list."
                },
                {
                    "image_link": "https://wpforms.com/wp-content/uploads/2022/08/select-paypal-country-or-region.png-wpforms.png"
                },
                {
                    "text": "Note: PayPal Commerce is currently unavailable to users in Switzerland. You won't be able to connect your PayPal account to PayPal Commerce from this region."
                },
                {
                    "text": "Once you've entered your email and location, click Next to continue."
                },
                {
                    "image_link": "https://wpforms.com/wp-content/uploads/2022/08/click-next-button-paypal-modal-wpforms.png"
                },
                {
                    "text": "In the next login screen, enter your password in the password field."
                },
                {
                    "image_link": "https://wpforms.com/wp-content/uploads/2022/08/enter-password-and-click-login-button.png"
                },
                {
                    "text": "Once you've completed the setup process, your settings will show that your site is connected in Production mode."
                },
                {
                    "image_link": "https://wpforms.com/wp-content/uploads/2022/08/paypal-production-connection-status.png"
                },
                {
                    "text": "Note: If you'd like to test payment transactions on your site, you'll need to enable Test Mode. For more information, see our comprehensive guide to testing payments with PayPal Commerce ."
                },
                {
                    "url": "https://wpforms.com/docs/testing-payments-with-the-paypal-commerce-addon/"
                }
            ]
        },
        {
            "subtitle": "Handling Payments",
            "content": [
                {
                    "text": "PayPal Commerce offers a wide range of features for handling payments. This section will detail the setup process, supported payment methods, and how to view and manage payments on your WordPress site."
                },
                {
                    "text": "Note: Want to learn more about using payment forms? Our guide to setting up payment forms has extensive information to help you on your way."
                },
                {
                    "url": "https://wpforms.com/docs/how-to-create-a-payment-form-in-wpforms/"
                }
            ]
        },
        {
            "subtitle": "Setting Up Payments",
            "content": [
                {
                    "text": "Once your site is connected to PayPal Commerce, you can add this integration to any of your forms. To do this, either create a new form or edit an existing form to access the form builder."
                },
                {
                    "url": "https://wpforms.com/docs/creating-first-form/"
                },
                {
                    "text": "Check out our PayPal Payment Form Template if you'd like to get started with a customizable template."
                },
                {
                    "url": "https://wpforms.com/templates/paypal-payment-form-template/"
                },
                {
                    "text": "If you'd like, you can use a form template or start with a blank form and add your customizations however you'd like."
                },
                {
                    "url": "https://wpforms.com/docs/how-to-use-form-templates-in-wpforms/"
                },
                {
                    "text": "Next, click or drag the PayPal Commerce field to the preview area."
                },
                {
                    "image_link": "https://wpforms.com/wp-content/uploads/2022/07/paypal-commerce-field.png"
                },
                {
                    "text": "Note: Once you've added the PayPal Commerce field to your form, you may want to customize its appearance to better fit your site's design. Be sure to check out our tutorial on customizing the PayPal Commerce field for more details."
                },
                {
                    "url": "https://wpforms.com/docs/customizing-the-paypal-commerce-field/"
                },
                {
                    "text": "After adding the PayPal Commerce field, you'll see a popup telling you to enable PayPal Commerce payments."
                },
                {
                    "image_link": "https://wpforms.com/wp-content/uploads/2022/07/paypal-commerce-popup.png"
                },
                {
                    "text": "Click the OK button to dismiss the dialog."
                },
                {
                    "image_link": "https://wpforms.com/wp-content/uploads/2022/07/close-paypal-commerce-popup.png"
                },
                {
                    "text": "In the sidebar, click Payments to access the payment integration settings."
                },
                {
                    "image_link": "https://wpforms.com/wp-content/uploads/2022/07/payments-in-sidebar.png"
                },
                {
                    "text": "Next, click on PayPal Commerce to configure this integration."
                },
                {
                    "image_link": "https://wpforms.com/wp-content/uploads/2022/07/paypal-commerce-integration.png"
                }
            ]
        },
        {
            "subtitle": "Payment Frequencies",
            "content": [
                {
                    "text": "On the next screen, you'll see 2 different payment frequency options: One-Time Payments and Recurring Payments . You'll need to choose at least 1 to allow your form to process payments."
                },
                {
                    "text": "Both payment frequencies can be enabled simultaneously if conditional logic is enabled . When your form is submitted, only 1 of either payment frequency will be used, depending on the rules you've set up in your conditional logic."
                },
                {
                    "url": "#conditional-logic"
                }
            ]
        },
        {
            "subtitle": "One-Time Payments",
            "content": [
                {
                    "text": "Customers can make non-recurring payments for products and services with one-time payments. To enable one-time payments, set the Enable o ne-time payments toggle to the on position."
                },
                {
                    "image_link": "https://wpforms.com/wp-content/uploads/2022/08/enable-one-time-payments-form-builder.png"
                },
                {
                    "text": "After this setting is enabled, some additional settings will become available. These are optional, and pass the corresponding information from your form to PayPal Commerce ."
                },
                {
                    "text": "Among them, the following fields are available:"
                },
                {
                    "text": "Name"
                },
                {
                    "text": "Email"
                },
                {
                    "text": "Billing Address"
                },
                {
                    "text": "Shipping Address"
                },
                {
                    "url": "#otp-name"
                },
                {
                    "url": "#otp-email"
                },
                {
                    "url": "#otp-address"
                },
                {
                    "url": "#otp-shipping"
                },
                {
                    "text": "When selected, each of these fields is mapped to a corresponding field in your form. For example, you'll need an Address field in your form to set up a value for the Billing Address option."
                },
                {
                    "text": "Note: Selecting a value for each field is optional. To leave a specific field blank, leave the value in its dropdown list as unset."
                }
            ]
        },
        {
            "subtitle": "Name",
            "content": [
                {
                    "text": "This field sets the name of the customer making the payment. It draws from an existing Name field in your form. To choose which field to use, select a Name field from the dropdown list."
                },
                {
                    "image_link": "https://wpforms.com/wp-content/uploads/2022/08/one-time-payment-select-name-paypal-commerce.png"
                }
            ]
        },
        {
            "subtitle": "Email",
            "content": [
                {
                    "text": "If you set a value for the Email field, it passes an email from your form to PayPal. To map an existing field from your form, choose the corresponding field in the Email dropdown list."
                },
                {
                    "image_link": "https://wpforms.com/wp-content/uploads/2022/08/one-time-payment-select-email-paypal-commerce.png"
                }
            ]
        },
        {
            "subtitle": "Billing Address",
            "content": [
                {
                    "text": "With this field, the customer's mailing address can be mapped from a field in your form. Select a field to map to the Billing Address in PayPal, and select any Address field from your form using the Billing Address dropdown list."
                },
                {
                    "image_link": "https://wpforms.com/wp-content/uploads/2022/08/billing-address-paypal-commerce-1.png"
                }
            ]
        },
        {
            "subtitle": "Payment Description",
            "content": [
                {
                    "text": "With this option, you can add additional details about each one-time payment. The description should be entered in the Payment Description field."
                },
                {
                    "image_link": "https://wpforms.com/wp-content/uploads/2022/08/payment-description-paypal-commerce.png"
                },
                {
                    "text": "This field is not shown to the customer on the frontend but will be visible in your PayPal dashboard."
                }
            ]
        },
        {
            "subtitle": "Shipping Address",
            "content": [
                {
                    "text": "This field pulls the customer's shipping address from your form and passes it through to PayPal. To select a field from which to map the shipping address, choose a corresponding field from the Shipping Address dropdown list."
                },
                {
                    "image_link": "https://wpforms.com/wp-content/uploads/2022/08/shipping-address-paypal-commerce.png"
                },
                {
                    "text": "If left blank, no shipping address is requested."
                }
            ]
        },
        {
            "subtitle": "Recurring Payments",
            "content": [
                {
                    "text": "Recurring payments, also called subscriptions, are set up and stored as individual plans. Your form can have as many plans as you'd like, but only 1 plan can be processed at a time."
                },
                {
                    "text": "Note: Credit card fields are not supported for subscriptions."
                },
                {
                    "text": "To enable recurring payments from the form builder, go to Payments \" PayPal Commerce and toggle on the Enable recurring subscription payments option."
                },
                {
                    "image_link": "https://wpforms.com/wp-content/uploads/2022/08/recurring-payments-paypal-commerce.png"
                },
                {
                    "text": "By default, a single plan is created for you. If you need additional plans, click the Add New Plan button."
                },
                {
                    "image_link": "https://wpforms.com/wp-content/uploads/2022/08/recurring-payment-add-new-plan-paypal-commerce.png"
                },
                {
                    "text": "In the dialog, give the new plan a name, then click the OK button to continue."
                },
                {
                    "image_link": "https://wpforms.com/wp-content/uploads/2022/08/paypal-commerce-add-new-plan.png"
                },
                {
                    "text": "If you'd like to remove a plan, click the red trash can icon in the top right corner of the relevant plan."
                },
                {
                    "image_link": "https://wpforms.com/wp-content/uploads/2022/08/delete-plan-paypal-commerce.png"
                }
            ]
        },
        {
            "subtitle": "Configuring Recurring Payment Plans",
            "content": [
                {
                    "text": "Several parameters are available for configuration for each plan, including:"
                },
                {
                    "text": "Plan Name"
                },
                {
                    "text": "Product Type"
                },
                {
                    "text": "Recurring Times"
                },
                {
                    "text": "Total Cycles"
                },
                {
                    "text": "Shipping Address"
                },
                {
                    "url": "#recur-plan"
                },
                {
                    "url": "#recur-type"
                },
                {
                    "url": "#recur-times"
                },
                {
                    "url": "#recur-cycles"
                },
                {
                    "url": "#recur-shipping"
                },
                {
                    "text": "Note: After saving your form, you won't be able to edit the Plan Name, Product Type, or Recurring Times for an existing plan."
                },
                {
                    "text": "If you'd like to change these parameters, you'll need to remove the existing plan and add a new plan."
                }
            ]
        },
        {
            "subtitle": "Plan Name",
            "content": [
                {
                    "text": "Every subscription plan requires a name. For example, the default plan is called Plan Name #1 ."
                },
                {
                    "image_link": "https://wpforms.com/wp-content/uploads/2022/07/plan-name-paypal-commerce.png"
                },
                {
                    "text": "Replace the text in the Plan Name field to rename any plan before saving your form."
                },
                {
                    "image_link": "https://wpforms.com/wp-content/uploads/2022/07/custom-plan-name-paypal-commerce.png"
                },
                {
                    "text": "You won't be able to change this value in existing plans after saving your form."
                }
            ]
        },
        {
            "subtitle": "Product Type",
            "content": [
                {
                    "text": "This option allows you to choose the type of product you are selling. There are 3 product types available:"
                },
                {
                    "text": "Digital"
                },
                {
                    "text": "Physical"
                },
                {
                    "text": "Service"
                },
                {
                    "text": "Go ahead and select your product type from the Product Type dropdown list."
                },
                {
                    "image_link": "https://wpforms.com/wp-content/uploads/2022/07/product-type-paypal-commerce-1.png"
                },
                {
                    "text": "Note: The product type is only displayed in the PayPal dashboard and not in your WPForms entries."
                }
            ]
        },
        {
            "subtitle": "Recurring Times",
            "content": [
                {
                    "text": "This option allows you to choose how often customers will be charged for each subscription. The available intervals include:"
                },
                {
                    "text": "Weekly"
                },
                {
                    "text": "Monthly"
                },
                {
                    "text": "Quarterly"
                },
                {
                    "text": "Semi-Yearly"
                },
                {
                    "text": "Yearly"
                },
                {
                    "text": "To select an interval, click the Recurring Times dropdown list and choose the interval you want to use for your plan."
                },
                {
                    "image_link": "https://wpforms.com/wp-content/uploads/2022/07/recurring-times-paypal-commerce.png"
                }
            ]
        },
        {
            "subtitle": "Total Cycles",
            "content": [
                {
                    "text": "This option allows you to choose how long a subscription should last by setting a maximum number of payment cycles. For example, if you select a value of 5, the subscription will last for 5 recurring payments."
                },
                {
                    "text": "To select a value for this field, choose a number between 1 and 99 from the Total Cycles dropdown list. Alternatively, use the default value of Infinite if you need to set up an indefinite subscription."
                },
                {
                    "image_link": "https://wpforms.com/wp-content/uploads/2022/07/total-cycles-paypal-commerce.png"
                }
            ]
        },
        {
            "subtitle": "Shipping Address",
            "content": [
                {
                    "text": "If set, this field grabs the customer's shipping address from your form and conveys it to PayPal. A corresponding Address field is needed to map this information from your form."
                },
                {
                    "text": "To set this up, select the appropriate Address field from the Shipping Address dropdown list."
                },
                {
                    "image_link": "https://wpforms.com/wp-content/uploads/2022/08/shipping-address-paypal-commerce.png"
                },
                {
                    "text": "If this field is left blank in your payment plan's settings, no shipping address is assigned."
                }
            ]
        },
        {
            "subtitle": "Additional Options",
            "content": [
                {
                    "text": "There are 2 other options associated with recurring payment plans. Each can be enabled by setting the associated toggle switches to the on position."
                },
                {
                    "text": "Try to bill the customer again if the payment fails on the 1st attempt: When this option is enabled, PayPal will attempt to bill the customer again upon failing to complete the 1st payment."
                },
                {
                    "text": "Enable Conditional Logic: This option allows you to tap into the WPForms conditional logic system for fine-grained control over payments."
                },
                {
                    "url": "#conditional-logic"
                }
            ]
        },
        {
            "subtitle": "Supported Payment Methods",
            "content": [
                {
                    "text": "To be able to utilize the PayPal Commerce field, you'll need to select at least 1 of the 2 supported payment methods:"
                },
                {
                    "text": "Credit Card Payments"
                },
                {
                    "text": "PayPal Checkout"
                },
                {
                    "url": "#credit-cards"
                },
                {
                    "url": "#paypal-checkout"
                },
                {
                    "text": "To access payment settings, select the PayPal Commerce field and go to Field Options in the sidebar."
                },
                {
                    "image_link": "https://wpforms.com/wp-content/uploads/2022/08/field-options-paypal-commerce.png"
                },
                {
                    "text": "By default, both methods are enabled and available to customers. If you'd like to disable either option, set its toggle to the off position."
                },
                {
                    "image_link": "https://wpforms.com/wp-content/uploads/2022/08/disable-payment-method-paypal-commerce.png"
                }
            ]
        },
        {
            "subtitle": "Credit Card Payments",
            "content": [
                {
                    "text": "This method allows customers to use credit cards from supported and enabled providers. You can choose which cards your site accepts by toggling their options on or off as needed."
                },
                {
                    "image_link": "https://wpforms.com/wp-content/uploads/2022/08/supported-credit-cards-paypal-commerce.png"
                }
            ]
        },
        {
            "subtitle": "PayPal Checkout",
            "content": [
                {
                    "text": "This method allows customers to make payments using any payment method they've set up in their PayPal account."
                },
                {
                    "text": "Note: When using this payment method, your form's submit button will be replaced with a PayPal button."
                }
            ]
        },
        {
            "subtitle": "Choosing the Default Payment Method",
            "content": [
                {
                    "text": "To choose the default payment method, click on the Default Payment Method dropdown list and select PayPal Checkout ."
                },
                {
                    "image_link": "https://wpforms.com/wp-content/uploads/2022/08/select-default-payment-method-paypal-commerce.png"
                },
                {
                    "text": "Once you've configured your payment methods, be sure to save your form."
                }
            ]
        },
        {
            "subtitle": "Enabling Conditional Logic",
            "content": [
                {
                    "text": "The PayPal Commerce addon supports conditional logic to control payment methods and plans further. You can enable conditional logic for one-time payments and recurring payments."
                },
                {
                    "text": "Note: If you're using conditional logic with multiple recurring payment plans, only 1 plan can be processed at a time. If multiple plans match your conditional logic, only the 1st to match your conditions will be processed."
                }
            ]
        },
        {
            "subtitle": "One-Time Payments",
            "content": [
                {
                    "text": "To enable conditional logic for one-time payments, set the Enable Conditional Logic toggle to the on position."
                },
                {
                    "image_link": "https://wpforms.com/wp-content/uploads/2023/01/enable-conditional-logic.png"
                },
                {
                    "text": "With conditional logic enabled, payments are only processed if the right conditions are met. For example, we'll demonstrate how to prevent payments from processing if the customer has not agreed to your terms and conditions."
                },
                {
                    "text": "In this example, we've added 1 Checkboxes field with a single option."
                },
                {
                    "image_link": "https://wpforms.com/wp-content/uploads/2022/08/terms-example-paypal-commerce.png"
                },
                {
                    "text": "We'll use a conditional logic rule to prevent customers from purchasing if they haven't agreed to the terms and conditions. We've set the logic to say: Process this charge if the Terms and Conditions field is not empty ."
                },
                {
                    "image_link": "https://wpforms.com/wp-content/uploads/2022/08/conditional-logic-example-paypal-commerce.png"
                },
                {
                    "text": "If more complex logic is needed, additional rules can be added by clicking the And button."
                },
                {
                    "image_link": "https://wpforms.com/wp-content/uploads/2022/08/conditional-logic-additional-rules-paypal-commerce.png"
                },
                {
                    "text": "If you need to add alternative options to your logic, click the Add New Group button."
                },
                {
                    "image_link": "https://wpforms.com/wp-content/uploads/2022/08/add-new-group-paypal-commerce.png"
                },
                {
                    "text": "This will add a separate set of rules, which will apply if the 1st set of rules does not."
                },
                {
                    "image_link": "https://wpforms.com/wp-content/uploads/2022/08/new-conditional-logic-group-added-paypal-commerce.png"
                }
            ]
        },
        {
            "subtitle": "Recurring Payments",
            "content": [
                {
                    "text": "If you'd like, you can also set conditional logic for recurring payments. This can be useful if you'd like to allow users to choose between one-time or recurring payments before completing their payment."
                },
                {
                    "text": "For this example, we'll add a Checkbox Items field to the form builder."
                },
                {
                    "image_link": "https://wpforms.com/wp-content/uploads/2023/01/checkbox-items.png"
                },
                {
                    "text": "Next, configure the Label and Items for the field to allow users to choose between One time and Monthly Plan ."
                },
                {
                    "image_link": "https://wpforms.com/wp-content/uploads/2023/01/configure-checkbox-items-field.png"
                },
                {
                    "text": "After configuring the Checkbox Items field, head back to Payments \" PayPal Commerce and scroll to the Recurring Payments section."
                },
                {
                    "image_link": "https://wpforms.com/wp-content/uploads/2023/01/recurring-payments-settings.png"
                },
                {
                    "text": "Once there, scroll down and set the Enable Conditional Logic option to the on position."
                },
                {
                    "image_link": "https://wpforms.com/wp-content/uploads/2023/01/enable-conditional-logic-recurring.png"
                },
                {
                    "text": "We'll use conditional logic to allow users to choose whether to make a one-time payment or subscribe to monthly payments. We've set the logic to say: Process this charge if Select your plan is set to Monthly Plan ."
                },
                {
                    "image_link": "https://wpforms.com/wp-content/uploads/2023/01/setting-recurring-payments-logic.png"
                },
                {
                    "text": "If the user selects the Monthly Plan option when filling out the form, they'll be subscribed to the recurring payments plan."
                },
                {
                    "text": "Note: Conditional logic for WPForms offers far more than we've demonstrated in this simple example. To learn more about what conditional logic can do, check out our full guide to using conditional logic in WPForms ."
                },
                {
                    "url": "https://wpforms.com/docs/how-to-use-conditional-logic-with-wpforms/"
                }
            ]
        },
        {
            "subtitle": "Frequently Asked Questions",
            "content": [
                {
                    "text": "Below are some of the top questions we receive about using PayPal Commerce with WPForms."
                }
            ]
        },
        {
            "subtitle": "I'm getting this error saying my connection is invalid. Why am I seeing this?",
            "content": [
                {
                    "text": "Your PayPal Commerce connection is not valid. Please reconnect your PayPal Commerce account."
                },
                {
                    "text": "If you're seeing this error, your account is likely missing PayPal Complete Payments Product (PPCP) support. If you're getting this error, please contact PayPal support to enable PPCP."
                },
                {
                    "url": "https://www.paypal.com/us/smarthelp/contact-us"
                }
            ]
        },
        {
            "subtitle": "Why am I unable to log in to my PayPal sandbox account?",
            "content": [
                {
                    "text": "If you are having difficulties connecting to your PayPal sandbox account, please ensure that you've enabled Test Mode in WPForms \" Settings \" Payments ."
                },
                {
                    "url": "https://wpforms.com/docs/testing-payments-with-the-paypal-commerce-addon/"
                },
                {
                    "text": "You may still encounter login issues using an older sandbox account. In the event this occurs, please generate a new PayPal sandbox account. To do this, go to your Sandbox Accounts on the PayPal Developer site and click on Create account ."
                },
                {
                    "url": "https://developer.paypal.com/developer/accounts"
                },
                {
                    "image_link": "https://wpforms.com/wp-content/uploads/2022/07/create-account-paypal-sandbox.png"
                },
                {
                    "text": "In the popup that appears, choose Account Type and location, then click Create ."
                },
                {
                    "text": "Note: Be sure to choose Business (Merchant Account) as the Account Type because this is necessary for connecting your site to PayPal Commerce."
                }
            ]
        },
        {
            "subtitle": "Why are the card fields not rendering for my country, even though PayPal Commerce is available?",
            "content": [
                {
                    "text": "If you're experiencing issues with card fields not appearing on your forms, it could be due to regional restrictions on certain PayPal Commerce features. Specifically, the integration of custom card fields through WPForms requires the features PPCP_CUSTOM and PPCP_STANDARD . These features, however, are only available in select countries."
                },
                {
                    "text": "To verify if your country supports these features, please check the PayPal feature eligibility list . If your country does not meet the eligibility requirements for PPCP_CUSTOM and PPCP_STANDARD , you will not be able to utilize these card field features in your WPForms PayPal Commerce integration."
                },
                {
                    "url": "https://developer.paypal.com/docs/checkout/advanced/#link-eligibility"
                },
                {
                    "text": "That's it! Now you know how to install and use the PayPal Commerce addon for WPForms."
                },
                {
                    "text": "Next, are you interested in tracking your PayPal Commerce transactions? Be sure to check out our tutorial on viewing and managing PayPal Commerce payments to learn how."
                },
                {
                    "url": "https://wpforms.com/docs/viewing-and-managing-paypal-commerce-payments/"
                }
            ]
        }
    ],
    "section": "Documentation",
    "category": "Payment Processing"
}