{
    "product_name": "WPForms",
    "document_id": 365,
    "document_name": "Creating Multi-Column Layouts for Multiple Choice and Checkboxes Choices",
    "document_url": "https://wpforms.com/docs/how-to-create-a-multi-column-layout-for-radio-buttons-and-checkboxes/",
    "author": "Umair Majeed",
    "reviewer": "David Ozokoye",
    "date": "Updated: May 21, 2024",
    "version": "1.0",
    "title": "Creating Multi-Column Layouts for Multiple Choice and Checkboxes Choices",
    "content": [
        {
            "subtitle": "Adding a Multiple Selection Field to Your Form",
            "content": [
                {
                    "text": "First, add one of the following types of fields to your form:"
                },
                {
                    "text": "Checkboxes"
                },
                {
                    "text": "Checkbox Items"
                },
                {
                    "text": "Multiple Choice"
                },
                {
                    "text": "Multiple Items"
                },
                {
                    "text": "Note: Need help deciding which field to use for your form? Check out our complete guide to choosing the right field in WPForms ."
                },
                {
                    "url": "https://wpforms.com/docs/how-to-choose-the-right-form-field-for-your-forms/"
                },
                {
                    "text": "You can click on a field on the left side of the form builder or drag and drop it into the preview area to add it to your form."
                },
                {
                    "image_link": "https://wpforms.com/wp-content/uploads/2018/08/adding-checkboxes-field.gif"
                },
                {
                    "text": "Note: The Multiple Choice and Multiple Items field allows users to select only one option at a time. If you'd like to allow users to choose multiple options at a time, we suggest using the Checkboxes or Checkbox Items field instead."
                },
                {
                    "url": "https://wpforms.com/docs/how-to-customize-the-multiple-choice-field-in-wpforms/"
                },
                {
                    "url": "https://wpforms.com/docs/how-to-customize-the-checkboxes-field-in-wpforms/"
                },
                {
                    "text": "Once you've done so, click on the field in the preview area to access its field options. Customize the field however you'd like, and make sure to add all your choices. To speed up this process, you can use the Bulk Add option ."
                },
                {
                    "url": "https://wpforms.com/docs/how-to-bulk-add-choices-for-multiple-choice-checkbox-and-dropdown-fields/"
                },
                {
                    "image_link": "https://wpforms.com/wp-content/uploads/2021/08/bulk-add-checkboxes-choices.png"
                },
                {
                    "text": "Note: Not sure how to set up your field's options? See our tutorial on customizing field options in WPForms for more guidance."
                },
                {
                    "url": "https://wpforms.com/docs/how-to-customize-form-field-options/"
                }
            ]
        },
        {
            "subtitle": "Selecting a Choice Layout",
            "content": [
                {
                    "text": "When you're happy with your Multiple Choice, Checkboxes, Checkbox Items, or Multiple Items field, click on the Advanced tab in the Field Options panel."
                },
                {
                    "image_link": "https://wpforms.com/wp-content/uploads/2021/08/checkboxes-advanced-field-options.png"
                },
                {
                    "text": "Here, look for the Choice Layout dropdown. You can select from the following options:"
                },
                {
                    "text": "One Column: Displays all choices in a single column. This is the default option."
                },
                {
                    "text": "Two Columns: Splits choices as evenly as possible between two columns."
                },
                {
                    "text": "Three Columns: Splits choices as evenly as possible between three columns."
                },
                {
                    "text": "Inline: Automatically places as many choices as possible in each row."
                },
                {
                    "image_link": "https://wpforms.com/wp-content/uploads/2018/03/checkboxes-choice-layout-options.png"
                },
                {
                    "text": "Here's an example of how a 2-column Checkboxes field might look on the frontend."
                }
            ]
        },
        {
            "subtitle": "Try this Form Demo!",
            "content": [
                {
                    "text": "Art"
                },
                {
                    "text": "Film"
                },
                {
                    "text": "French"
                },
                {
                    "text": "Math"
                },
                {
                    "text": "Music"
                },
                {
                    "text": "Spanish"
                },
                {
                    "text": "Reading"
                },
                {
                    "text": "Debate"
                },
                {
                    "text": "And here's an example of the same Checkboxes field choices in a 3-column layout."
                }
            ]
        },
        {
            "subtitle": "Try this Form Demo!",
            "content": [
                {
                    "text": "Art"
                },
                {
                    "text": "Film"
                },
                {
                    "text": "French"
                },
                {
                    "text": "Math"
                },
                {
                    "text": "Music"
                },
                {
                    "text": "Spanish"
                },
                {
                    "text": "Reading"
                },
                {
                    "text": "Debate"
                },
                {
                    "text": "To ensure that your forms look great on all devices, the multi-column layouts of the Multiple Choice, Multiple Items, Checkboxes, and Checkbox Items fields automatically revert back to single columns when viewed on mobile devices."
                },
                {
                    "text": "That's it! You can now create multi-column layouts for the Multiple Choices, Checkboxes, Multiple Items, and Checkbox Items fields in your forms."
                },
                {
                    "text": "Next, do you want to add images to the choices for your fields? Be sure to check out our tutorial on how to add image choices in WPForms."
                },
                {
                    "url": "https://wpforms.com/docs/how-to-add-image-choices-to-fields/"
                }
            ]
        }
    ],
    "section": "Documentation",
    "category": "Field Customizations"
}