{
    "product_name": "WPForms",
    "document_id": 501,
    "document_name": "wpforms_conversational_forms_content_after",
    "document_url": "https://wpforms.com/developers/wpforms_conversational_forms_content_after/",
    "author": null,
    "reviewer": null,
    "date": null,
    "version": "1.0",
    "title": "wpforms_conversational_forms_content_after",
    "content": [
        {
            "subtitle": "Description",
            "content": [
                {
                    "text": "The wpforms_conversational_forms_content_after fires after a form is displayed on the site's frontend, and the form was created with the Conversational Forms addon."
                }
            ]
        },
        {
            "subtitle": "Parameters",
            "content": [
                {
                    "text": "This action does not accept any parameters."
                }
            ]
        },
        {
            "subtitle": "More Information",
            "content": [
                {
                    "text": "The action only fires for forms created with the Conversational Forms addon. it executes after the output rendering process for forms created with the Conversational Forms addon."
                },
                {
                    "text": "An alternate action to consider is wpforms_conversational_forms_content_before , as it functions similarly but will output before the form."
                },
                {
                    "url": "https://wpforms.com/developers/wpforms_conversational_forms_content_before/"
                }
            ]
        },
        {
            "subtitle": "Source",
            "content": [
                {
                    "text": "wpforms-conversational-forms/templates/single-form.php"
                }
            ]
        },
        {
            "subtitle": "Examples",
            "content": [
                {
                    "text": "In this example, we're going to display a link to the home page after displaying the form."
                },
                {
                    "code": "\n/**\n * Output something after your Conversational Forms\n * \n * @link  https://wpforms.com/developers/wpforms_conversational_forms_content_after/\n */\n\nfunction wpf_dev_conversational_forms_content_after( ) {\n      \n    // Run code or see example echo statement below.\n    _e( '<div class=\"home-wrapper\">If you would like to check out our complete site, <a href=\"http://myexamplesite.com/\" target=\"_blank\">click here</a>.</div>', 'plugin-domain' );\n  \n}\nadd_action( 'wpforms_conversational_forms_content_after', 'wpf_dev_conversational_forms_content_after');\n"
                },
                {
                    "image_link": "https://wpforms.com/wp-content/uploads/2022/05/wpforms-cf-display-after.jpg"
                },
                {
                    "text": "If you're using this exact snippet, you may even want to add some CSS to your site. As an example, we've provided a CSS snippet as well."
                },
                {
                    "code": "\n.home-wrapper {\n    bottom: 50%;\n    position: fixed;\n}\n"
                }
            ]
        }
    ],
    "section": "Developers",
    "category": "Actions Hooks"
}