{
    "product_name": "WPForms",
    "document_id": 607,
    "document_name": "How to Send the Entry ID to Mailchimp",
    "document_url": "https://wpforms.com/developers/how-to-send-the-entry-id-through-to-mailchimp/",
    "author": "Editorial Team",
    "reviewer": "Molly Tyler",
    "date": "Updated: Jun 12, 2023, 12:50 PM",
    "version": "1.0",
    "title": "How to Send the Entry ID to Mailchimp",
    "content": [
        {
            "subtitle": "Introduction",
            "content": [
                {
                    "text": "Would you like to send the entry ID to Mailchimp? It's an easy way to track and find specific users that sign up for your newsletter by simply searching for the entry ID number. In this tutorial, we'll walk you through each step on how to send this ID number to Mailchimp when users complete your forms."
                }
            ]
        },
        {
            "subtitle": "Creating the custom field in Mailchimp",
            "content": [
                {
                    "text": "First, you'll want to create a custom field in Mailchimp that will store this ID number. To do this, you can follow along with the steps in their guide ."
                },
                {
                    "url": "https://mailchimp.com/help/manage-audience-signup-form-fields/"
                },
                {
                    "text": "For our form, we created a form inside Mailchimp that has the First Name , Last Name , Email Address , and a simple Text field."
                },
                {
                    "text": "The Settings for this field will have the Field Label as Entry ID and the Field Tag as ENTRY_ID ."
                },
                {
                    "text": "Once you've saved the field to your form, your All Contacts page will show the column for this field. This is where we will store the entry ID when the form is submitted."
                },
                {
                    "image_link": "https://wpforms.com/wp-content/uploads/2021/04/wpforms-add-custom-field-to-mailchimp.jpg"
                }
            ]
        },
        {
            "subtitle": "Creating the form",
            "content": [
                {
                    "text": "Now it's time to create your form. For our form, we're only going to have the First Name , Last Name , and Email Address ."
                },
                {
                    "text": "If you need help in creating your form, please see this tutorial ."
                },
                {
                    "url": "https://wpforms.com/docs/creating-first-form/"
                },
                {
                    "image_link": "https://wpforms.com/wp-content/uploads/2022/05/wpforms-mail-chimp-custom-field-form.jpg"
                }
            ]
        },
        {
            "subtitle": "Connecting your form to Mailchimp",
            "content": [
                {
                    "text": "Now it's time to connect your site to Mailchimp on the Marketing tab of the form builder."
                },
                {
                    "text": "For assistance with this, please see this documentation ."
                },
                {
                    "url": "https://wpforms.com/docs/install-use-mailchimp-addon-wpforms/"
                },
                {
                    "text": "Once you've set up your connection and mapped your fields over you are ready for the next step!"
                },
                {
                    "image_link": "https://wpforms.com/wp-content/uploads/2022/05/wpforms-mail-chimp-settings.jpg"
                }
            ]
        },
        {
            "subtitle": "Adding the code to send the entry ID to Mailchimp",
            "content": [
                {
                    "text": "Now it's time to add the snippet that will send through this ID when the form is processed and the subscriber is added to the Mailchimp list."
                },
                {
                    "text": "If you need help in adding code snippets to your site, please see this tutorial ."
                },
                {
                    "url": "https://wpforms.com/developers/how-to-add-custom-php-or-javascript-for-wpforms/"
                },
                {
                    "code": "\n/** Send through entry ID from WPForms to Mailchimp\n *\n *  @link   https://wpforms.com/developers/how-to-send-the-entry-id-through-to-mailchimp/\n**/\n\nfunction wpf_dev_mailchimp_provider_process_action_subscribe_request_data( $data, $fields, $form_data, $entry_id ) {\n\t\n    if ( empty( $entry_id ) ) {\n      return $data;\n    }\n\n    // Change 'ENTRY_ID' to match the custom field you've created inside Mailchimp. See this doc for more details\n    $data[ 'merge_fields' ][ 'ENTRY_ID' ] = absint( $entry_id );\n\t\n    return $data;\n\t\n}\n\nadd_action( 'wpforms_mailchimp_provider_process_action_subscribe_request_data', 'wpf_dev_mailchimp_provider_process_action_subscribe_request_data', 10, 4 );\n\n"
                },
                {
                    "text": "If you didn't name your custom field ENTRY_ID as instructed above, be sure to update this code snippet to match the name inside this line $data['merge_fields']['ENTER_CUSTOM_FIELD_NAME_HERE']"
                },
                {
                    "text": "Now when users complete your form and you view the subscriber, you'll see the entry ID number in the contacts list."
                },
                {
                    "image_link": "https://wpforms.com/wp-content/uploads/2021/04/wpforms-add-entry-id-to-mailchimp.jpg"
                },
                {
                    "text": "Would you like to create a Smart Tag for a unique ID so that you can use it in other areas of your form? Take a look at our article on How to Create a Unique ID for Each Form Entry ."
                },
                {
                    "url": "https://wpforms.com/developers/how-to-create-a-unique-id-for-each-form-entry/"
                }
            ]
        }
    ],
    "section": "Developers",
    "category": "Tutorials"
}