{
    "product_name": "WPForms",
    "document_id": 386,
    "document_name": "wpforms_frontend_recaptcha_url",
    "document_url": "https://wpforms.com/developers/wpforms_frontend_recaptcha_url/",
    "author": null,
    "reviewer": null,
    "date": null,
    "version": "1.0",
    "title": "wpforms_frontend_recaptcha_url",
    "content": [
        {
            "subtitle": "Description",
            "content": [
                {
                    "text": "The wpforms_frontend_recaptcha_url filter used to alter the default URL for the reCAPTCHA language. By default, Google's reCAPTCHA will detect the language and supply the correct translations for your site. This filter should only be used if you want to force the language for all visitors."
                }
            ]
        },
        {
            "subtitle": "Parameters",
            "content": [
                {
                    "text": "$url: (string)URL used for the default language used in Google's reCAPTCHA."
                }
            ]
        },
        {
            "subtitle": "Source",
            "content": [
                {
                    "text": "wpforms/src/Frontend/Captcha.php"
                }
            ]
        },
        {
            "subtitle": "More Information",
            "content": [
                {
                    "text": "The filter can be used to alter the default URL for the language on Google's reCAPTCHA."
                }
            ]
        },
        {
            "subtitle": "Example",
            "content": [
                {
                    "code": "\n/**\n * Alter default reCAPTCHA language URL.\n *\n * @link    https://wpforms.com/developers/wpforms_frontend_recaptcha_url/\n *\n * @param   string  $url  URL of language to be used for Google's reCAPTCHA.\n * @return  string\n */\n\nfunction wpf_dev_recaptcha_language( $url ) {\n \n    // Set the language code to FR (French)\n    return esc_url_raw( add_query_arg( array( 'hl' => 'fr '), $url ) );\n}\n \nadd_filter( 'wpforms_frontend_recaptcha_url', 'wpf_dev_recaptcha_language', 10, 1);\n\n"
                },
                {
                    "text": "To find your specific language code, please see Google's documentation on reCAPTCHA Language Codes."
                },
                {
                    "url": "https://developers.google.com/recaptcha/docs/language"
                }
            ]
        },
        {
            "subtitle": "Reference Articles",
            "content": [
                {
                    "text": "How to Set the Language for Google reCAPTCHA"
                },
                {
                    "url": "https://wpforms.com/developers/how-to-set-the-language-for-google-recaptcha/"
                }
            ]
        }
    ],
    "section": "Developers",
    "category": "Filters Hooks"
}