{
    "product_name": "WPForms",
    "document_id": 85,
    "document_name": "Limiting the Number of Checkbox Selections",
    "document_url": "https://wpforms.com/docs/how-to-limit-the-number-of-checkboxes-selections/",
    "author": "Umair Majeed",
    "reviewer": "David Ozokoye",
    "date": "Updated: Sep 27, 2024",
    "version": "1.0",
    "title": "Limiting the Number of Checkbox Selections",
    "content": [
        {
            "subtitle": "Try this Form Demo!",
            "content": [
                {
                    "text": "Mathematics"
                },
                {
                    "text": "Art"
                },
                {
                    "text": "Science"
                },
                {
                    "text": "Social Studies"
                },
                {
                    "text": "Check out our Community Garden Plot Application Form Template to see a live preview of this feature. You can easily import it to your site if you'd like to use the template."
                },
                {
                    "url": "https://wpforms.com/templates/community-garden-plot-application-form-template/"
                },
                {
                    "text": "Before getting started, you'll first need to make sure WPForms is installed and activated on your WordPress site, and that you've verified your license . Then, you can create a new form or edit an existing one to access the form builder."
                },
                {
                    "url": "https://wpforms.com/docs/install-wpforms-plugin/"
                },
                {
                    "url": "https://wpforms.com/docs/verify-wpforms-license/"
                },
                {
                    "url": "https://wpforms.com/docs/creating-first-form/"
                },
                {
                    "text": "Are you looking to limit the number of choices in the Checkbox Items field used in payment forms ? If so, you'll need to use a custom code snippet , which we detail in our developer doc on limiting choices in a Checkbox Items field ."
                },
                {
                    "url": "https://wpforms.com/docs/how-to-create-a-payment-form-in-wpforms/"
                },
                {
                    "url": "https://www.wpbeginner.com/plugins/how-to-easily-add-custom-code-in-wordpress-without-breaking-your-site/"
                },
                {
                    "url": "https://wpforms.com/developers/how-to-set-a-minimum-number-of-choices-for-a-checkbox/#q-can-this-work-for-payment-fields-as-well"
                }
            ]
        },
        {
            "subtitle": "Adding a Checkbox Limit",
            "content": [
                {
                    "text": "Once the form builder is open, go ahead and add a Checkboxes field to your form."
                },
                {
                    "image_link": "https://wpforms.com/wp-content/uploads/2021/11/select-checkboxes-field.png"
                },
                {
                    "text": "Now, click on this field in the preview area to open its Field Options ."
                },
                {
                    "image_link": "https://wpforms.com/wp-content/uploads/2021/11/checkboxes-field-options-1.png"
                },
                {
                    "text": "Next, within the Field Options panel, click on the Advanced tab to open the field's advanced options."
                },
                {
                    "image_link": "https://wpforms.com/wp-content/uploads/2022/06/click-advanced-tab-checkboxes-1.png"
                },
                {
                    "text": "Then, within the Choice Limit field, add the maximum number of checkboxes you'd like your users to be able to select. For our example, we'll limit our users to only 2 choices."
                },
                {
                    "image_link": "https://wpforms.com/wp-content/uploads/2022/06/add-choice-limit.png"
                },
                {
                    "text": "Once you've added your choice limit, be sure to save your form."
                },
                {
                    "text": "If you'd like your users to only be able to select one option at a time, we recommend using the Multiple Choice field. See our guide to using the Multiple Choice field for more details."
                },
                {
                    "url": "https://wpforms.com/docs/how-to-customize-the-multiple-choice-field-in-wpforms/"
                }
            ]
        },
        {
            "subtitle": "Testing Your Form",
            "content": [
                {
                    "text": "For the last step in this setup, we recommend testing your form so you can check that it looks and works how you'd like. Our detailed guide on testing forms shares a checklist of recommended steps to consider before publishing your forms."
                },
                {
                    "url": "https://wpforms.com/docs/how-to-properly-test-your-wordpress-forms-before-launching-checklist/"
                },
                {
                    "text": "For this particular feature, the main thing you should notice when testing your form is the validation message . This message appears when a user has exceeded the number of allowed selections. The user will not be able to submit the form until they select the correct number of boxes."
                },
                {
                    "url": "https://wpforms.com/docs/customize-wpforms-validation-messages/"
                },
                {
                    "image_link": "https://wpforms.com/wp-content/uploads/2023/06/exceeded-limit-checkbox-field.png"
                },
                {
                    "text": "That's it! You can now limit the number of boxes that a user can check in a Checkboxes field."
                },
                {
                    "text": "Next, would you like to try some of the other customization options for the Checkboxes field? Be sure to check out our tutorials on randomizing checkbox options , creating multi-column layouts , and enabling survey reports ."
                },
                {
                    "url": "https://wpforms.com/docs/how-to-randomize-checkbox-and-multiple-choice-options/"
                },
                {
                    "url": "https://wpforms.com/docs/how-to-create-a-multi-column-layout-for-radio-buttons-and-checkboxes/"
                },
                {
                    "url": "https://wpforms.com/docs/how-to-install-and-use-the-surveys-and-polls-addon/"
                }
            ]
        }
    ],
    "section": "Documentation",
    "category": "Field Customizations"
}