{
    "product_name": "WPForms",
    "document_id": 349,
    "document_name": "wpforms_display_field_before",
    "document_url": "https://wpforms.com/developers/wpforms_display_field_before/",
    "author": null,
    "reviewer": null,
    "date": null,
    "version": "1.0",
    "title": "wpforms_display_field_before",
    "content": [
        {
            "subtitle": "Description",
            "content": [
                {
                    "text": "The wpforms_display_field_before action fires before the form are displayed to determine the position of certain form elements such as labels."
                }
            ]
        },
        {
            "subtitle": "Parameters",
            "content": [
                {
                    "text": "$fields: (array) Sanitized entry field values/properties."
                },
                {
                    "text": "$form_data: (array) Form settings/data."
                }
            ]
        },
        {
            "subtitle": "Source",
            "content": [
                {
                    "text": "wpforms/src/Frontend/Frontend.php"
                }
            ]
        },
        {
            "subtitle": "More Information",
            "content": [
                {
                    "text": "The action fires before the form is displayed. This action can be used to move attributes of the form around such as form field labels."
                }
            ]
        },
        {
            "subtitle": "Examples",
            "content": [
                {
                    "text": "In this example, we're going to remove the labels completely by removing the action."
                },
                {
                    "code": "\n/**\n * Action fires before the form is displayed to determine the position of certain form elements such as labels.\n *\n * @link   https://wpforms.com/developers/wpforms_display_field_before/\n * \n * @param  array    $fields      Sanitized entry field values/properties.\n * @param  array    $form_data   Form settings/data.\n * @return array\n */\n\n\nfunction wpf_dev_display_field_before( $field, $form_data ) {\n  \n    // Only run this snippet on the form with the ID of 879\n    if ( absint( $form_data[ 'id' ] ) !== 879 ) {\n        return;\n    }\n \n    remove_action( 'wpforms_display_field_before', array( wpforms()->frontend, 'field_label' ), 15, 2 );\n}\nadd_action( 'wpforms_display_field_before', 'wpf_dev_display_field_before', 10, 2 );\n\n"
                }
            ]
        },
        {
            "subtitle": "Reference Articles",
            "content": [
                {
                    "text": "How to Add Material Design to Your Form Fields Using CSS"
                },
                {
                    "text": "How to Create a Form With Floating Labels"
                },
                {
                    "text": "How to Display Shortcodes Inside the Label of the Form Field"
                },
                {
                    "url": "https://wpforms.com/developers/how-to-add-material-design-to-your-form-fields-using-css/"
                },
                {
                    "url": "https://wpforms.com/developers/how-to-create-a-form-with-floating-labels/"
                },
                {
                    "url": "https://wpforms.com/developers/how-to-display-shortcodes-inside-the-label-of-the-form-field/"
                }
            ]
        }
    ],
    "section": "Developers",
    "category": "Actions Hooks"
}