{
    "product_name": "WPForms",
    "document_id": 149,
    "document_name": "How to Disable Browser Autocomplete for Form Fields",
    "document_url": "https://wpforms.com/developers/disable-browser-autocomplete-for-form-fields/",
    "author": "Editorial Team",
    "reviewer": "Molly Tyler",
    "date": "Updated: Apr 11, 2024, 09:33 AM",
    "version": "1.0",
    "title": "How to Disable Browser Autocomplete for Form Fields",
    "content": [
        {
            "subtitle": "Creating your form",
            "content": [
                {
                    "text": "First, you'll need to create your form and add your form fields. If you need help with this, please check out this documentation."
                },
                {
                    "url": "https://wpforms.com/docs/creating-first-form/"
                },
                {
                    "image_link": "https://wpforms.com/wp-content/uploads/2019/10/wpforms-create-form.jpg"
                }
            ]
        },
        {
            "subtitle": "Disabling autocomplete",
            "content": [
                {
                    "text": "We can now choose the snippet that we want to use and add it to our site."
                },
                {
                    "text": "If you need help on how to add snippets to your site, please review this tutorial."
                },
                {
                    "url": "https://wpforms.com/developers/how-to-add-custom-php-or-javascript-for-wpforms/"
                }
            ]
        },
        {
            "subtitle": "Disable autocomplete for all fields on a specific form",
            "content": [
                {
                    "code": "\n/**\n * Disable form autocomplete for all fields on a specific form \n *\n * @link   https://wpforms.com/developers/disable-browser-autocomplete-for-form-fields/\n */\n\nfunction wpf_dev_disable_form_autocomplete( $form_atts, $form_data ) {\n      \n    // This check will only form autocomplete for Form #11.\n    // Removing this check would disable autocomplete on ALL forms.\n \n    if ( absint( $form_data[ 'id' ] ) !== 1277 ) {\n        return $form_atts;\n    }\n  \n    $form_atts[ 'atts' ][ 'autocomplete' ] = 'off';\n  \n    return $form_atts;\n}\n \nadd_filter( 'wpforms_frontend_form_atts', 'wpf_dev_disable_form_autocomplete', 10, 2 );\n"
                }
            ]
        },
        {
            "subtitle": "Disable autocomplete for a specific form and a specific field",
            "content": [
                {
                    "text": "The snippet below will specifically target the Email field. To target a different field type, the filter ( wpforms_field_properties_email ) would need to be adjusted."
                },
                {
                    "code": "\n/**\n * Disable autocomplete for a specific form and field ID\n *\n * @link   https://wpforms.com/developers/disable-browser-autocomplete-for-form-fields/\n */\n\nfunction wpf_disable_email_autocomplete( $properties, $field, $form_data ) {\n    \n    // This check will only disable autocomplete for Field #3 inside Form #11.\n    // Removing this check would disable autocomplete on ALL fields.\n    if ( absint( $form_data[ 'id' ] ) !== 11 && absint( $field[ 'id' ] ) !== 3 ) {\n        return $properties;\n    }\n\n    $properties[ 'inputs' ][ 'primary' ][ 'attr' ][ 'autocomplete' ] = 'off';\n\n    return $properties;\n}\n\nadd_filter( 'wpforms_field_properties_email', 'wpf_disable_email_autocomplete', 10, 3 );\n"
                },
                {
                    "text": "Remember to update any of the snippets above to match your own form and field IDs. If you need help in finding these IDs, please check out this tutorial ."
                },
                {
                    "url": "https://wpforms.com/developers/how-to-locate-form-id-and-field-id/"
                },
                {
                    "text": "For background on the autocomplete attribute and approaches to turning it off, please see MDN's documentation ."
                },
                {
                    "url": "https://developer.mozilla.org/en-US/docs/Web/Security/Securing_your_site/Turning_off_form_autocompletion"
                },
                {
                    "text": "And that's all you need in order to disable the browser autocomplete for your WPForms. Would you like to disable the Add Form button on the classic editor? Try out our tutorial on How to Remove \"Add Form\" button from TinyMCE editor ."
                },
                {
                    "url": "https://wpforms.com/developers/remove-add-form-button-from-tinymce-editor/"
                }
            ]
        },
        {
            "subtitle": "Reference Filters",
            "content": [
                {
                    "text": "wpforms_field_properties"
                },
                {
                    "text": "wpforms_frontend_form_atts"
                },
                {
                    "url": "https://wpforms.com/developers/wpforms_field_properties/"
                },
                {
                    "url": "https://wpforms.com/developers/wpforms_frontend_form_atts/"
                }
            ]
        }
    ],
    "section": "Developers",
    "category": "Extending"
}