{
    "product_name": "WPForms",
    "document_id": 390,
    "document_name": "wpforms_math_captcha",
    "document_url": "https://wpforms.com/developers/wpforms_math_captcha/",
    "author": null,
    "reviewer": null,
    "date": null,
    "version": "1.0",
    "title": "wpforms_math_captcha",
    "content": [
        {
            "subtitle": "Description",
            "content": [
                {
                    "text": "The wpforms_math_captcha filters setting properties are applied to the Custom Captcha field in WPForms."
                }
            ]
        },
        {
            "subtitle": "Parameters",
            "content": [
                {
                    "text": "$settings: (array) (Required)Minimum integer, maximum integer, and operators that will be used."
                }
            ]
        },
        {
            "subtitle": "Source",
            "content": [
                {
                    "text": "wpforms-captcha/src/Plugin.php"
                }
            ]
        },
        {
            "subtitle": "More Information",
            "content": [
                {
                    "text": "The wpforms_math_captcha filter is applied to an array that sets minimum and maximum numbers, as well as the type of calculations used with those values (addition, multiplication, etc). It can be used to change the integer range and operators allowed in a custom captcha field."
                }
            ]
        },
        {
            "subtitle": "Example",
            "content": [
                {
                    "code": "\n/**\n * Filters setting properties applied to the Custom Captcha addon.\n *\n * @link   https://wpforms.com/developers/wpforms_math_captcha/\n *\n * @param  array $settings Minimum integer, maximum integer, and operators that will be used.\n * @return array\n */\n\nfunction wpf_dev_math_captcha_settings( $settings ) {\n     \n    /* Default settings\n        array(\n            'min' => 1,\n            'max' => 15,\n            'cal' => array( '+', '*', '-' ),\n        );\n     */\n \n    // Use addition only for easier math\n    // Use the minimum number of 1\n    // Use the maximum number of 10\n    $settings[ 'cal' ] = [ '+' ];\n\t$settings[ 'min' ] = [ '1' ];\n\t$settings[ 'max' ] = [ '10' ];\n \n    return $settings;\n}\n\nadd_filter( 'wpforms_math_captcha', 'wpf_dev_math_captcha_settings', 30, 1 );\n\n"
                }
            ]
        },
        {
            "subtitle": "Reference Articles",
            "content": [
                {
                    "text": "Change the Captcha Math for the Custom Captcha Field"
                },
                {
                    "url": "https://wpforms.com/developers/change-the-captcha-math-for-the-custom-captcha-addon/"
                }
            ]
        }
    ],
    "section": "Developers",
    "category": "Filters Hooks"
}