{
    "product_name": "WPForms",
    "document_id": 66,
    "document_name": "How to Make the Form Locker Password Non-Case Sensitive",
    "document_url": "https://wpforms.com/developers/how-to-make-the-form-locker-password-non-case-sensitive/",
    "author": "Editorial Team",
    "reviewer": "Molly Tyler",
    "date": "Updated: Jul 7, 2023, 08:31 AM",
    "version": "1.0",
    "title": "How to Make the Form Locker Password Non-Case Sensitive",
    "content": [
        {
            "subtitle": "Introduction",
            "content": [
                {
                    "text": "Would you like to make the password used for the Form Locker addon non-case sensitive? In many cases, you may just want to keep the password required for these forms simple. Using a small code snippet you can easily simplify these passwords and in this tutorial, we'll walk you through every step!"
                }
            ]
        },
        {
            "subtitle": "Creating the form",
            "content": [
                {
                    "text": "To begin, we're going to create a form with our fields and make sure you've enabled the password verification inside the Settings of the form."
                },
                {
                    "text": "We've used the lowercase text of iamtheone as our password."
                },
                {
                    "image_link": "https://wpforms.com/wp-content/uploads/2022/07/wpforms-form-locker-password.jpg 1116w, https://wpforms.com/wp-content/uploads/2022/07/wpforms-form-locker-password-300x188.jpg 300w, https://wpforms.com/wp-content/uploads/2022/07/wpforms-form-locker-password-1024x640.jpg 1024w, https://wpforms.com/wp-content/uploads/2022/07/wpforms-form-locker-password-768x480.jpg 768w, https://wpforms.com/wp-content/uploads/2022/07/wpforms-form-locker-password-455x284.jpg 455w"
                },
                {
                    "text": "If you need any assistance in creating a Form Locker form, please check out this documentation ."
                },
                {
                    "url": "https://wpforms.com/docs/how-to-install-and-use-the-form-locker-addon-in-wpforms/"
                }
            ]
        },
        {
            "subtitle": "Adding the snippet",
            "content": [
                {
                    "text": "Now it's time to add the snippet to your site. If you need any help on how and where to add snippets to your site, please review this tutorial ."
                },
                {
                    "url": "https://wpforms.com/developers/how-to-add-custom-php-or-javascript-for-wpforms/"
                },
                {
                    "code": "\n/**\n * Ignore case sensitive text in password for the Form Locker forms\n *\n * @link https://wpforms.com/developers/how-to-make-the-form-locker-password-non-case-sensitive/\n */\n\nfunction wpf_form_locker_password( ) {\n?>\n \n<script type=\"text/javascript\">\n \n    jQuery(function($){\n\t\t\n\t\t$( '.wpforms-password-locked form' ).on( 'wpformsBeforeFormSubmit', function(){\n\t\t\t\n\t\t\tvar $password = $( 'input[name=\"wpforms[form_locker_password]\"]' );\n\t\t\t\n\t\t\t// Change input value to lowercase before submission\n\t\t\t$password.val( $password.val().toLowerCase() );\n\t\t\t\n\t\t});\n\t\t\n    });\n \n    </script>\n \n<?php\n}\n \nadd_action( 'wpforms_wp_footer_end', 'wpf_form_locker_password', 30 );\n\n"
                },
                {
                    "text": "This snippet will look for any form that has been enabled for the Form Locker addon using the Password field for verification."
                },
                {
                    "image_link": "https://wpforms.com/wp-content/uploads/2022/07/wpforms-form-locker-form.jpg"
                },
                {
                    "text": "And that's all you need to allow for a non-case sensitive password field on your Form Locker forms! Would you also like to display a number of remaining entries with Form Locker forms? Check out our tutorial on How to Display Remaining Entry Limit Number ."
                },
                {
                    "url": "https://wpforms.com/developers/how-to-display-remaining-entry-limit-number/"
                }
            ]
        },
        {
            "subtitle": "Related",
            "content": [
                {
                    "text": "Action Reference: wpforms_wp_footer_end"
                },
                {
                    "url": "https://wpforms.com/developers/wpforms_wp_footer_end/"
                }
            ]
        }
    ],
    "section": "Developers",
    "category": "Tutorials"
}