{
    "product_name": "WPForms",
    "document_id": 441,
    "document_name": "Usage Tracking",
    "document_url": "https://wpforms.com/docs/usage-tracking/",
    "author": "David Ozokoye",
    "reviewer": "Claire Broadley",
    "date": "Updated: Jul 25, 2024",
    "version": "1.0",
    "title": "Usage Tracking",
    "content": [
        {
            "subtitle": "WPForms",
            "content": [
                {
                    "text": "License Details: For paid license holders of WPForms, the license key (and type) lets us locate your customer profile if an issue is detected."
                },
                {
                    "text": "Plugin Activation Dates: Knowing when a user first started using WPForms assists with troubleshooting."
                },
                {
                    "text": "Installed Version: Knowing the version of WPForms installed on a site is helpful when troubleshooting issues users encounter using our plugin."
                },
                {
                    "text": "Form and Entry Statistics: Sites of all sizes, ranging from small to very large, enjoy WPForms. Stats such as number of forms, entries, and similar help us make sure our features and updates get tested in situations that closely match our customers' site environments and WPForms usage. That way we can be sure those additions will work great for everyone."
                },
                {
                    "text": "WPForms Challenge Stats: The WPForms Challenge is vital to helping new users create their first form and learn the ropes. Knowing if the challenge was started, whether is was completed, and how long it took allows us to continue to improve the onboarding experience."
                },
                {
                    "text": "Plugin Settings: As we strive to add features, this allows us to determine which new settings or areas are getting used most frequently (as well as which settings are not used much). Please note that all sensitive settings such as API keys are automatically excluded from tracking."
                },
                {
                    "text": "Active Integrations: With our growing library of integrations, knowing the popularity of each one helps us determine where resources should be allocated."
                }
            ]
        },
        {
            "subtitle": "WordPress",
            "content": [
                {
                    "text": "Active Theme/Plugins: With over 6 million installs, this information lets us make sure more heavily used themes and plugins are given extra attention during testing and work seamlessly with each update to WPForms."
                },
                {
                    "text": "Locale: We want WPForms to be accessible to everyone, and knowing the site's locale helps us focus our translation efforts."
                },
                {
                    "text": "Timezone: We have users across the globe, so knowing the densities within various time zones helps us provide the best support coverage possible."
                },
                {
                    "text": "SSL Enabled: While we believe every site should use an SSL certificate, knowing how many sites haven't made the jump assists with our testing."
                },
                {
                    "text": "Multisite: If a site is a multisite network, knowing the sub-site count helps us ensure WPForms scales properly for large networks."
                },
                {
                    "text": "Site URL: The website address allows us to properly store usage tracking records so that we can avoid duplicated details."
                },
                {
                    "text": "Installed Version: Knowing the version of WordPress installed on a site helps to ensure new features are properly tested for compatibility with supported WordPress versions ."
                },
                {
                    "url": "https://wpforms.com/docs/supported-php-version/"
                }
            ]
        },
        {
            "subtitle": "Web Server",
            "content": [
                {
                    "text": "PHP and MySQL Versions: These details help us make sure our testing procedures have proper coverage to avoid compatibility issues."
                },
                {
                    "text": "Server Software: This reports if the web server software is Apache, Nginx, or similar, which is used for testing purposes."
                }
            ]
        },
        {
            "subtitle": "Frequently Asked Questions",
            "content": [
                {
                    "text": "These are answers to some of the top questions we receive about usage tracking."
                }
            ]
        },
        {
            "subtitle": "How do I opt into (or out of) usage tracking?",
            "content": [
                {
                    "text": "The answer to this question depends on whether you're using the paid or free version of WPForms."
                },
                {
                    "text": "If you have a paid license with WPForms, then you will by default be opted into usage tracking. To disable this, please reach out to support and they will happily help out."
                },
                {
                    "url": "https://wpforms.com/account/support/"
                },
                {
                    "text": "If you're using WPForms Lite and would like to enable usage tracking so that our team can keep making our product better, then please go to WPForms \" Settings \" Misc . On this screen, you'll need to check the Allow Usage Tracking checkbox."
                },
                {
                    "image_link": "https://wpforms.com/wp-content/uploads/2021/10/Allow-usage-tracking.png"
                }
            ]
        }
    ],
    "section": "Documentation",
    "category": "Troubleshooting and Support"
}