{
    "product_name": "WPForms",
    "document_id": 452,
    "document_name": "Using CSS to Personalize the Submit Button",
    "document_url": "https://wpforms.com/developers/using-css-to-personalize-the-submit-button/",
    "author": "Editorial Team",
    "reviewer": "Molly Tyler",
    "date": "Updated: Aug 29, 2023, 16:32 PM",
    "version": "1.0",
    "title": "Using CSS to Personalize the Submit Button",
    "content": [
        {
            "subtitle": "Introduction",
            "content": [
                {
                    "text": "Interested in utilizing CSS to personalize the Submit button? CSS holds immense potential for various aspects of your site, and in this tutorial, we'll furnish you with practical instances of harnessing CSS's capabilities to transform the appearance of your Submit button."
                },
                {
                    "text": "For this tutorial, we won't delve into form creation. If you require guidance on creating your form, refer to this informative guide ."
                },
                {
                    "url": "https://wpforms.com/docs/creating-first-form/"
                },
                {
                    "text": "New to CSS? Our friends at WPBeginner provide an excellent definition and useful examples. Discover more on this topic through their informative glossary page ."
                },
                {
                    "url": "https://www.wpbeginner.com/glossary/css/"
                },
                {
                    "text": "All examples in this tutorial will give you the CSS to change your button for all forms, but also for individual forms."
                },
                {
                    "text": "To learn how to incorporate CSS into your website, refer to this tutorial . If you need guidance on finding your form ID, consult this tutorial ."
                },
                {
                    "url": "https://wpforms.com/developers/how-to-add-custom-css-styles-for-wpforms/"
                },
                {
                    "url": "https://wpforms.com/developers/how-to-locate-form-id-and-field-id/"
                }
            ]
        },
        {
            "subtitle": "Full-width button",
            "content": [
                {
                    "text": "In this instance, we aim to match the width of the Submit button with our form fields. To accomplish this, we'll apply the following CSS."
                }
            ]
        },
        {
            "subtitle": "For single form",
            "content": [
                {
                    "text": "This example targets only the form with the ID of 23 ."
                },
                {
                    "code": "\nbutton#wpforms-submit-23 {\n    width: 100%;\n}\n"
                }
            ]
        },
        {
            "subtitle": "For all forms",
            "content": [
                {
                    "text": "This example targets all WPForms."
                },
                {
                    "code": "\nbutton.wpforms-submit {\n    width: 100% !important;\n}\n"
                },
                {
                    "image_link": "https://wpforms.com/wp-content/uploads/2023/08/wpforms-full-width-button.jpg"
                }
            ]
        },
        {
            "subtitle": "Pressed button effect for a single form",
            "content": [
                {
                    "text": "Using the following CSS, we'll make the button looked pressed down when it's clicked."
                }
            ]
        },
        {
            "subtitle": "For a single form",
            "content": [
                {
                    "text": "This example targets only the form with the ID of 23 ."
                },
                {
                    "code": "\nbutton#wpforms-submit-23 {\n  display: inline-block;\n  font-size: 24px;\n  cursor: pointer;\n  text-align: center;\n  text-decoration: none;\n  outline: none;\n  color: #fff;\n  background-color: #b95d52;\n  border: none;\n  border-radius: 15px;\n  box-shadow: 0 9px #999;\n}\n\nbutton#wpforms-submit-23:hover {\n\tbackground-color: #55555e;\n}\n\nbutton#wpforms-submit-23:active {\n  background-color: #55555e;\n  box-shadow: 0 5px #666;\n  transform: translateY(4px);\n}\n"
                }
            ]
        },
        {
            "subtitle": "For all forms",
            "content": [
                {
                    "text": "This example targets all WPForms."
                },
                {
                    "code": "\nbutton.wpforms-submit {\n  display: inline-block !important;\n  font-size: 24px !important;\n  cursor: pointer !important;\n  text-align: center !important;\n  text-decoration: none !important;\n  outline: none !important;\n  color: #fff !important;\n  background-color: #b95d52 !important;\n  border: none !important;\n  border-radius: 15px !important;\n  box-shadow: 0 9px #999 !important;\n}\n\nbutton.wpforms-submit:hover {\n\tbackground-color: #55555e !important;\n}\n\nbutton.wpforms-submit:active {\n  background-color: #55555e !important;\n  box-shadow: 0 5px #666 !important;\n  transform: translateY(4px) !important;\n}\n"
                },
                {
                    "image_link": "https://wpforms.com/wp-content/uploads/2023/08/wpforms-pressed-button.jpg"
                }
            ]
        },
        {
            "subtitle": "Submit with 2 lines of text",
            "content": [
                {
                    "text": "For this example, we're going to have button with 2 lines of text."
                }
            ]
        },
        {
            "subtitle": "For a single form",
            "content": [
                {
                    "text": "This example targets only the form with the ID of 23 ."
                },
                {
                    "code": "\nbutton#wpforms-submit-23 {\n    max-width: 20%;\n    line-height: 1.2em;\n    height: auto;\n}\n"
                }
            ]
        },
        {
            "subtitle": "For all forms",
            "content": [
                {
                    "text": "This example targets all WPForms."
                },
                {
                    "code": "\nbutton.wpforms-submit {\n    max-width: 20% !important;\n    line-height: 1.2em !important;\n    height: auto !important;\n}\n"
                },
                {
                    "image_link": "https://wpforms.com/wp-content/uploads/2023/08/wpforms-submit-over-2-lines.jpg"
                }
            ]
        },
        {
            "subtitle": "Animation on hover",
            "content": [
                {
                    "text": "For this example, we're bringing in a double arrow on hover for the button by the content: '\\00bb'; in the CSS. For more information on finding the right HTML code for your symbol, please see the W3C Schools documentation ."
                },
                {
                    "url": "https://www.w3schools.com/html/html_symbols.asp"
                },
                {
                    "text": "You could change this icon to any font-based icon such as can be found in this tutorial ."
                },
                {
                    "url": "https://wpforms.com/docs/how-to-add-icons-to-wordpress-forms/"
                }
            ]
        },
        {
            "subtitle": "For a single form",
            "content": [
                {
                    "text": "This example targets only the form with the ID of 23 ."
                },
                {
                    "code": "\nbutton#wpforms-submit-23 {\n  border-radius: 4px;\n  border: none;\n  color: #FFFFFF;\n  text-align: center;\n  width: 200px;\n  transition: all 0.5s;\n  cursor: pointer;\n  margin: 5px;\n  cursor: pointer;\n  display: inline-block;\n  position: relative;\n  transition: 0.5s;\n}\n\nbutton#wpforms-submit-23:after {\n  content: '\\00bb';\n  position: absolute;\n  opacity: 0;\n  top: 11px;\n  right: 0;\n  transition: 0.5s;\n}\n\nbutton#wpforms-submit-23:hover {\n  padding-right: 25px;\n}\n\nbutton#wpforms-submit-23:hover:after {\n  opacity: 1;\n  right: 50px;\n}\n\n"
                }
            ]
        },
        {
            "subtitle": "For all forms",
            "content": [
                {
                    "text": "This example targets all WPForms."
                },
                {
                    "code": "\nbutton.wpforms-submit {\n  border-radius: 4px !important;\n  border: none !important;\n  color: #FFFFFF !important;\n  text-align: center !important;\n  width: 200px !important;\n  transition: all 0.5s !important;\n  cursor: pointer !important;\n  margin: 5px !important;\n  cursor: pointer !important;\n  display: inline-block !important;\n  position: relative !important;\n  transition: 0.5s !important;\n}\n\nbutton.wpforms-submit:after {\n  content: '\\00bb' !important;\n  position: absolute !important;\n  opacity: 0 !important;\n  top: 11px !important;\n  right: 0 !important;\n  transition: 0.5s !important;\n}\n\nbutton.wpforms-submit:hover {\n  padding-right: 25px !important;\n}\n\nbutton.wpforms-submit:hover:after {\n  opacity: 1 !important;\n  right: 50px !important;\n}\n"
                },
                {
                    "image_link": "https://wpforms.com/wp-content/uploads/2023/08/wpforms-hover-animation.jpg"
                }
            ]
        },
        {
            "subtitle": "Changing the color",
            "content": [
                {
                    "text": "For this example, we're going to change the color of the button. We're also going to change the text size, text color and font-family in this example as well."
                }
            ]
        },
        {
            "subtitle": "For a single form",
            "content": [
                {
                    "text": "This example targets only the form with the ID of 23 ."
                },
                {
                    "code": "\nbutton#wpforms-submit-23 {\n    font-family: roboto;\n    font-size: 22px;\n    background-color: #b95d52;\n    text-transform: uppercase;\n    color: #ffffff;\n    box-shadow: unset;\n    border: 1px solid transparent;\n    background: unset;\n    background-color: #b95d52;\n}\n\nbutton#wpforms-submit-23:hover {\n    background-color: #ffffff;\n    border: 1px solid #b95d52;\n    opacity: 1;\n    color: #b95d52;\n}\n"
                }
            ]
        },
        {
            "subtitle": "For all forms",
            "content": [
                {
                    "text": "This example targets all WPForms."
                },
                {
                    "code": "\nbutton.wpforms-submit {\n    font-family: roboto !important;\n    font-size: 22px !important;\n    background-color: #b95d52;\n    text-transform: uppercase;\n    color: #ffffff !important;\n    box-shadow: unset !important;\n    border: 1px solid transparent !important;\n    background: unset !important;\n    background-color: #b95d52 !important;\n}\n\nbutton.wpforms-submit:hover {\n    background-color: #ffffff !important;\n    border: 1px solid #b95d52 !important;\n    opacity: 1 !important;\n    color: #b95d52 !important;\n}\n"
                },
                {
                    "image_link": "https://wpforms.com/wp-content/uploads/2023/08/wpforms-button-color-font.jpg"
                }
            ]
        },
        {
            "subtitle": "Box-shadow button",
            "content": [
                {
                    "text": "This example will show you how to place a box-shadow on the button using the following CSS."
                }
            ]
        },
        {
            "subtitle": "For a single form",
            "content": [
                {
                    "text": "This example targets only the form with the ID of 23 ."
                },
                {
                    "code": "\nbutton#wpforms-submit-23 {\n  background-color: #b95d52;\n  border: none;\n  color: white;\n  padding: 10px 30px;\n  text-align: center;\n  text-decoration: none;\n  display: inline-block;\n  font-size: 16px;\n  margin: 4px 2px;\n  cursor: pointer;\n  -webkit-transition-duration: 0.4s; /* Safari */\n  transition-duration: 0.4s;\n  box-shadow: 0 8px 16px 0 rgba(0,0,0,0.2), 0 6px 20px 0 rgba(0,0,0,0.19);\n}\n"
                },
                {
                    "text": "Alternatively, you could provide the box-shadow only on hover using this CSS for the form."
                },
                {
                    "code": "\nbutton#wpforms-submit-23 {\n  background-color: #b95d52;\n  border: none;\n  color: white;\n  padding: 10px 30px;\n  text-align: center;\n  text-decoration: none;\n  display: inline-block;\n  font-size: 16px;\n  margin: 4px 2px;\n  cursor: pointer;\n  -webkit-transition-duration: 0.4s; /* Safari */\n  transition-duration: 0.4s;\n}\n\nbutton#wpforms-submit-23:hover {\n  box-shadow: 0 12px 16px 0 rgba(0,0,0,0.24),0 17px 50px 0 rgba(0,0,0,0.19);\n}\n"
                }
            ]
        },
        {
            "subtitle": "For all forms",
            "content": [
                {
                    "text": "This example targets all WPForms."
                },
                {
                    "code": "\nbutton#wpforms-submit-23 {\n  background-color: #b95d52;\n  border: none;\n  color: white;\n  padding: 10px 30px;\n  text-align: center;\n  text-decoration: none;\n  display: inline-block;\n  font-size: 16px;\n  margin: 4px 2px;\n  cursor: pointer;\n  -webkit-transition-duration: 0.4s; /* Safari */\n  transition-duration: 0.4s;\n  box-shadow: 0 8px 16px 0 rgba(0,0,0,0.2), 0 6px 20px 0 rgba(0,0,0,0.19);\n}\n"
                },
                {
                    "text": "And again, as with the above example, you could put the box-shadow only on hover."
                },
                {
                    "code": "\nbutton.wpforms-submit {\n    background-color: #b95d52 !important;\n    border: none !important;\n    color: white !important;\n    padding: 10px 30px !important;\n    text-align: center;\n    text-decoration: none !important;\n    display: inline-block;\n    font-size: 16px !important;\n    margin: 4px 2px !important;\n    cursor: pointer !important;\n    -webkit-transition-duration: 0.4s !important;\n    transition-duration: 0.4s !important;\n}\n\nbutton.wpforms-submit:hover {\n    box-shadow: 0 12px 16px 0 rgba(0,0,0,0.24), 0 17px 50px 0 rgba(0,0,0,0.19) !important;\n}\n"
                },
                {
                    "image_link": "https://wpforms.com/wp-content/uploads/2023/08/wpforms-hover-box-shadow.jpg"
                },
                {
                    "text": "And these are just some examples of how easy it is to personalize the submit button using CSS. Would you also like to personalize your form labels? Take a look at our tutorial on How to Add Images Before or After Your Form Labels ."
                },
                {
                    "url": "https://wpforms.com/developers/how-to-add-images-before-or-after-your-form-labels/"
                }
            ]
        },
        {
            "subtitle": "FAQ",
            "content": []
        },
        {
            "subtitle": "Q: Can I use this CSS for Page Break buttons as well?",
            "content": [
                {
                    "text": "A: Absolutely, to use any of these examples with standard buttons when using the Page Break button.wpforms-page-button ."
                },
                {
                    "text": "Alternatively, if you wanted to target just a single form, you would use the form#wpforms-form-3221 button.wpforms-page-button CSS class instead, and just remember to update the form ID to match your own form ID."
                },
                {
                    "text": "For example, Animation on hover example as shown above for the Submit button, we're going to do the same for the page break buttons as well."
                },
                {
                    "text": "This CSS is for a specific form, the form ID 3221 . If you want to keep this to a single form, you'll need to update the 3221 to match your own ID. For help in how to find your form ID, please review our useful documentation ."
                },
                {
                    "url": "https://wpforms.com/developers/how-to-locate-form-id-and-field-id/"
                },
                {
                    "code": "\nform#wpforms-form-3221 button.wpforms-page-button {\n  border-radius: 4px;\n  border: none;\n  color: #FFFFFF;\n  text-align: center;\n  width: 200px;\n  transition: all 0.5s;\n  cursor: pointer;\n  margin: 5px;\n  cursor: pointer;\n  display: inline-block;\n  position: relative;\n  transition: 0.5s;\n}\n \nform#wpforms-form-3221 button.wpforms-page-button:after {\n  content: '\\00bb';\n  position: absolute;\n  opacity: 0;\n  top: 11px;\n  right: 0;\n  transition: 0.5s;\n}\n \nform#wpforms-form-3221 button.wpforms-page-button:hover {\n  padding-right: 25px;\n}\n \nform#wpforms-form-3221 button.wpforms-page-button:hover:after {\n  opacity: 1;\n  right: 50px;\n}\n"
                },
                {
                    "text": "This CSS would be for all forms."
                },
                {
                    "code": "\nbutton.wpforms-page-button {\n  border-radius: 4px;\n  border: none;\n  color: #FFFFFF;\n  text-align: center;\n  width: 200px;\n  transition: all 0.5s;\n  cursor: pointer;\n  margin: 5px;\n  cursor: pointer;\n  display: inline-block;\n  position: relative;\n  transition: 0.5s;\n}\n \nbutton.wpforms-page-button:after {\n  content: '\\00bb';\n  position: absolute;\n  opacity: 0;\n  top: 11px;\n  right: 0;\n  transition: 0.5s;\n}\n \nbutton.wpforms-page-button:hover {\n  padding-right: 25px;\n}\n \nbutton.wpforms-page-button:hover:after {\n  opacity: 1;\n  right: 50px;\n}\n"
                },
                {
                    "image_link": "https://wpforms.com/wp-content/uploads/2023/08/wpforms-page-break-buttons.jpg"
                }
            ]
        }
    ],
    "section": "Developers",
    "category": "Tutorials"
}