{
    "product_name": "WPForms",
    "document_id": 143,
    "document_name": "Customizing the Address Field",
    "document_url": "https://wpforms.com/docs/how-to-customize-the-address-field/",
    "author": "Umair Majeed",
    "reviewer": "Claire Broadley",
    "date": "Updated: Sep 27, 2024",
    "version": "1.0",
    "title": "Customizing the Address Field",
    "content": [
        {
            "subtitle": "Try this Form Demo!",
            "content": []
        },
        {
            "subtitle": "Editing Field Label and Description",
            "content": [
                {
                    "text": "The form builder gives you the option of editing both the Address field's label and description. To do this, select the Address field and click on either the Label or Description field to begin editing."
                },
                {
                    "image_link": "https://wpforms.com/wp-content/uploads/2021/06/address-label-description-1.png"
                }
            ]
        },
        {
            "subtitle": "Hiding Field Label and Sub-Labels",
            "content": [
                {
                    "text": "Some fields, like the Address field, have both Labels and Sub-Labels. Labels are used for the overall field, whereas Sub-Labels are used for smaller fields nested inside, like City, State, and Zip/Postal Code."
                },
                {
                    "text": "You can choose to hide the default Sub-Labels under each input field. To find this option, go to the Advanced tab and select Hide Sub-Labels ."
                },
                {
                    "image_link": "https://wpforms.com/wp-content/uploads/2021/07/hide-sub-labels.png"
                },
                {
                    "text": "If you're looking to further customize the sub-labels of the Address field, such as changing their text, you can utilize a specific PHP code snippet. For detailed instructions on how to apply these changes, please consult our developer documentation ."
                },
                {
                    "url": "https://wpforms.com/developers/how-to-change-the-address-field-sublabels/"
                }
            ]
        },
        {
            "subtitle": "Choosing an Address Scheme",
            "content": [
                {
                    "text": "The Address field's Scheme determines the format for the field and currently offers two options: US and International. To change this, click on the Scheme dropdown field and select the option that fits best."
                },
                {
                    "image_link": "https://wpforms.com/wp-content/uploads/2021/06/address-scheme-1.png"
                },
                {
                    "text": "If US is selected, a user will see a dropdown list of states they can choose from."
                },
                {
                    "image_link": "https://wpforms.com/wp-content/uploads/2021/06/address-scheme-US.png"
                },
                {
                    "text": "If International is selected, they'll instead have a list of countries to choose from and can manually enter their Province/State/Region."
                },
                {
                    "image_link": "https://wpforms.com/wp-content/uploads/2021/06/address-scheme-international.png"
                },
                {
                    "text": "If you'd like to create custom schemes for your forms, please see our complete guide to creating additional schemes for the Address field ."
                },
                {
                    "url": "https://wpforms.com/developers/create-additional-schemes-for-the-address-field/"
                }
            ]
        },
        {
            "subtitle": "Required Field",
            "content": [
                {
                    "text": "The Required option will force users to completely fill out the Address field. If selected, the form will not submit or the user will not be able to go on to the next page if it's a multi-page form."
                },
                {
                    "image_link": "https://wpforms.com/wp-content/uploads/2021/07/required-field.png"
                }
            ]
        },
        {
            "subtitle": "Adding Placeholder Text or Default Values",
            "content": [
                {
                    "text": "You can help your users fill out the form by adding either placeholder text or default values. Placeholders can be used as an example to show users what information needs to be entered in the field. Default values can be used to automatically fill in a field for a user."
                },
                {
                    "text": "The text in the Default Value field needs to match the option from the Country or State dropdown field exactly. For example, the State dropdown field in the US address scheme includes a District of Columbia option. To use this as a default value, the text in the Default Value field will also need to read District of Columbia ."
                }
            ]
        },
        {
            "subtitle": "Hiding Extra Sub-Fields",
            "content": [
                {
                    "text": "If your form doesn't require sub-fields like Address Line 2 , you can hide these extra sub-fields by changing the Show toggle switch to Hide for each field in the form builder."
                },
                {
                    "image_link": "https://wpforms.com/wp-content/uploads/2021/06/hide-extra-sub-labels.png"
                }
            ]
        },
        {
            "subtitle": "Enabling Address Autocomplete",
            "content": [
                {
                    "text": "To use the address autocomplete feature, you'll first need to install and activate the Geolocation addon ."
                },
                {
                    "url": "https://wpforms.com/docs/how-to-install-and-use-the-geolocation-addon-with-wpforms/"
                },
                {
                    "text": "Requirements: You will need a Pro license level or higher to access the Geolocation addon."
                },
                {
                    "url": "https://wpforms.com/pricing/"
                },
                {
                    "text": "Then, under the Advanced tab, you can turn on the address autocomplete feature by selecting the Enable Address Autocomplete option."
                },
                {
                    "image_link": "https://wpforms.com/wp-content/uploads/2021/07/enable-address-autocomplete.png"
                },
                {
                    "text": "If you'd like, you can also choose to display an interactive map on the frontend of your forms by selecting the Display Map option."
                },
                {
                    "image_link": "https://wpforms.com/wp-content/uploads/2021/07/display-map.png"
                },
                {
                    "text": "Check out our Address Field Autocomplete Form Template for a live preview of this feature."
                },
                {
                    "url": "https://wpforms.com/templates/address-autocomplete-contact-form-template/"
                },
                {
                    "text": "Once you've got everything set up, be sure to save your form."
                },
                {
                    "text": "That's it! You can now customize your Address field options in WPForms."
                },
                {
                    "text": "Next, would you like to customize the rest of your form fields? Be sure to check out our tutorial on customizing form field options for details and lots of examples."
                },
                {
                    "url": "https://wpforms.com/docs/how-to-customize-form-field-options/"
                }
            ]
        }
    ],
    "section": "Documentation",
    "category": "Advanced Form Features"
}