{
    "product_name": "WPForms",
    "document_id": 210,
    "document_name": "How to Create a Default Prefix for Your Coupons",
    "document_url": "https://wpforms.com/developers/how-to-create-a-default-prefix-for-your-coupons/",
    "author": "Editorial Team",
    "reviewer": "Molly Tyler",
    "date": "Published: Oct 18, 2023, 14:27 PM",
    "version": "1.0",
    "title": "How to Create a Default Prefix for Your Coupons",
    "content": [
        {
            "subtitle": "Overview",
            "content": [
                {
                    "text": "Are you eager to establish a default prefix for your WPForms coupons, streamlining your coupon management process? In this tutorial, we'll delve into the seamless process of setting up a default prefix for your coupons using PHP. This not only simplifies coupon management but also adds a professional touch to your promotional efforts. Join us as we guide you through the steps, making the coupon generation process smoother and more efficient."
                },
                {
                    "text": "This snippet only generates the prefix when using the Generate Code button. However, it's important to note that for any manually created coupons, you'll be required to insert the prefix manually as this automated process applies exclusively to coupons generated using the automatic function."
                }
            ]
        },
        {
            "subtitle": "Adding the snippet",
            "content": [
                {
                    "text": "First, we're going to add the snippet to our site. If you're not sure how or where to add snippets, please review this helpful documentation ."
                },
                {
                    "url": "https://wpforms.com/developers/how-to-add-custom-php-or-javascript-for-wpforms/"
                },
                {
                    "code": "\n/**\n * Set default default prefix for coupons\n * \n * @link   https://wpforms.com/developers/how-to-create-a-default-prefix-for-your-coupons/\n */\n\nfunction  wpf_coupons_generator_generate_code_args ( $default ) {\n \n\t// Default prefix for the coupon\n\t$default[ 'prefix' ]      = 'WPFORMS-';\n\n\treturn $default;\n\t\n}\n\nadd_filter( 'wpforms_coupons_generator_generate_code_args', 'wpf_coupons_generator_generate_code_args', 10, 1 );\n"
                },
                {
                    "text": "For the purpose of this documentation, we want our default prefix to be WPFORMS- for all of our automatically created coupons. Please remember to change this prefix to match what fits your needs."
                }
            ]
        },
        {
            "subtitle": "Creating the coupon",
            "content": [
                {
                    "text": "Once the snippet is added, it's time to create a new coupon."
                },
                {
                    "text": "For this step, login in to your WordPress site. From the menu, select WPForms then click Payments and on the Coupons tab click Add Coupon ."
                },
                {
                    "text": "Give your coupon a name that makes sense to you and then click the Generate Coupon button. You'll see the prefix is now added."
                },
                {
                    "image_link": "https://wpforms.com/wp-content/uploads/2023/10/wpforms-default-prefix-coupon-code.jpg 1116w, https://wpforms.com/wp-content/uploads/2023/10/wpforms-default-prefix-coupon-code-300x144.jpg 300w, https://wpforms.com/wp-content/uploads/2023/10/wpforms-default-prefix-coupon-code-1024x490.jpg 1024w, https://wpforms.com/wp-content/uploads/2023/10/wpforms-default-prefix-coupon-code-768x367.jpg 768w"
                },
                {
                    "text": "To learn more about working with the Coupons addon, please review this documentation ."
                },
                {
                    "url": "https://wpforms.com/docs/coupons-addon/"
                }
            ]
        },
        {
            "subtitle": "Related",
            "content": [
                {
                    "text": "Filter Reference: wpforms_coupons_generator_generate_code_args"
                },
                {
                    "url": "https://wpforms.com/developers/wpforms_coupons_generator_generate_code_args/"
                }
            ]
        },
        {
            "subtitle": "FAQ",
            "content": []
        },
        {
            "subtitle": "Q: Are there other settings that I can set up for default?",
            "content": [
                {
                    "text": "A: Absolutely, you can set a prefix , suffix , code length and the allowed characters to make generating your coupon codes so much easier and uniform."
                },
                {
                    "text": "Take a look at this snippet to see an example."
                },
                {
                    "code": "\n/**\n * Set default args for the Coupon Addon\n * \n * @link   https://wpforms.com/developers/wpforms_coupons_generator_generate_code_args/\n *\n * @param  array $default Set coupon default args\n * @return array\n */\n\nfunction  wpf_coupons_generator_generate_code_args ( $default ) {\n \n\t// Set your defaults below\n\t// Default prefix for the coupon\n\t$default[ 'prefix' ]      = 'WPFORMS-';\n\t\n\t// Default suffix for the coupon\n\t$default[ 'suffix' ]      = '-COUPON';\n\t\n\t// Default allowed characters for the coupon\n\t$default[ 'characters' ]  = 'ABCDEFGHJKMNPQRSTUVWXYZ23456789';\n\t\n\t// Default length for the coupon\n\t$default[ 'code_length' ] = 20;\n\n\treturn $default;\n\t\n}\n\nadd_filter( 'wpforms_coupons_generator_generate_code_args', 'wpf_coupons_generator_generate_code_args', 10, 1 );\n"
                }
            ]
        }
    ],
    "section": "Developers",
    "category": "Snippets"
}