{
    "product_name": "WPForms",
    "document_id": 278,
    "document_name": "Adding Extra Text and Descriptions to Forms",
    "document_url": "https://wpforms.com/docs/how-to-add-extra-text-and-descriptions-to-forms/",
    "author": "Umair Majeed",
    "reviewer": "Claire Broadley",
    "date": "Updated: May 21, 2024",
    "version": "1.0",
    "title": "Adding Extra Text and Descriptions to Forms",
    "content": [
        {
            "subtitle": "Adding a Form Name and Description",
            "content": [
                {
                    "text": "The name and description of a form allow users to get an overview of the form at a quick glance."
                },
                {
                    "text": "On the Setup page of the form builder, you can add or edit your form's title in the Name Your Form field."
                },
                {
                    "image_link": "https://wpforms.com/wp-content/uploads/2021/07/name-your-form.png 1116w, https://wpforms.com/wp-content/uploads/2021/07/name-your-form-300x62.png 300w, https://wpforms.com/wp-content/uploads/2021/07/name-your-form-1024x213.png 1024w, https://wpforms.com/wp-content/uploads/2021/07/name-your-form-768x160.png 768w"
                },
                {
                    "text": "The form description allows you to provide more information to users. To add a description to your form, go to Settings \" General and edit the Form Description field."
                },
                {
                    "image_link": "https://wpforms.com/wp-content/uploads/2021/01/add-edit-form-description.png"
                },
                {
                    "text": "By default, the form name and description are not visible on the frontend when you publish your form . If you would like to show them to users, click on the three-dot icon in the WPForms block toolbar and select Show more settings ."
                },
                {
                    "url": "https://wpforms.com/docs/creating-first-form/#display-form"
                },
                {
                    "image_link": "https://wpforms.com/wp-content/uploads/2022/11/block-editor-show-more-settings.png"
                },
                {
                    "text": "Note: If Display button labels is enabled, this button will be labeled \"Options\" instead. You can toggle this feature in Options \" Preferences \" General \" Appearance in the WordPress block editor."
                },
                {
                    "text": "This will open the block options panel on the right side of the editor. Here, toggle on the Show Title and Show Description options."
                },
                {
                    "image_link": "https://wpforms.com/wp-content/uploads/2022/11/block-editor-show-title-show-description-5.png"
                },
                {
                    "text": "Then save or update the page. On the frontend of your site, here's how the form name and description look:"
                },
                {
                    "image_link": "https://wpforms.com/wp-content/uploads/2022/11/form-description-example.png"
                }
            ]
        },
        {
            "subtitle": "Adding a Field Label, Description, and Placeholder Text",
            "content": [
                {
                    "text": "While your form's name and description can give users an overview of your form, adding field labels, descriptions, or placeholder text (or a combination of these) allows you to provide specific information for an individual field."
                },
                {
                    "text": "In the form builder, click on the field you'd like to add information to. This will open the Field Options panel, where you can edit the field's Label and Description ."
                },
                {
                    "image_link": "https://wpforms.com/wp-content/uploads/2021/01/adding-label-description.png"
                },
                {
                    "text": "Note: Interested in adding images before or after your form labels in WPForms? For step-by-step instructions, refer to our developer documentation ."
                },
                {
                    "url": "https://wpforms.com/developers/how-to-add-images-before-or-after-your-form-labels/"
                },
                {
                    "text": "If you'd like, you can also add placeholder text to show users some example input. This text will be visible until a user starts typing their own input or makes a selection."
                },
                {
                    "text": "To add placeholder text to a field, click on it in the preview area to open its field options. From there, click on the Advanced tab and fill out the Placeholder Text field."
                },
                {
                    "image_link": "https://wpforms.com/wp-content/uploads/2021/01/adding-placeholder-text.png"
                },
                {
                    "text": "Note: Want to learn more about all the ways you can use placeholder text in your forms? Check out our tutorial on adding placeholder text to fields in WPForms."
                },
                {
                    "url": "https://wpforms.com/docs/how-to-add-placeholder-text-to-a-form-field/"
                },
                {
                    "text": "Here's how the email field looks on the frontend with a field label, description, and placeholder text:"
                },
                {
                    "image_link": "https://wpforms.com/wp-content/uploads/2022/11/email-label-description-placeholder-example.png"
                }
            ]
        },
        {
            "subtitle": "Using an HTML Field",
            "content": [
                {
                    "text": "The HTML field in WPForms allows you to add standalone text or HTML code to your form. To add this field to your form, look under Fancy Fields and click on HTML or drag and drop it into the preview area."
                },
                {
                    "image_link": "https://wpforms.com/wp-content/uploads/2021/01/add-html-field.png"
                },
                {
                    "text": "Then, simply add the text you'd like to include in the Code field in the Field Options panel. If you'd like to, you can format the text with HTML."
                },
                {
                    "image_link": "https://wpforms.com/wp-content/uploads/2021/01/adding-html-text.png"
                },
                {
                    "text": "Here's how the text in the HTML field looks when published in a form above a paragraph input field:"
                },
                {
                    "image_link": "https://wpforms.com/wp-content/uploads/2022/11/html-text-example.png"
                },
                {
                    "text": "If you want to add a link in your form, you can use the HTML field for this as well. All you need to do is add the code for the link to the HTML field:"
                },
                {
                    "image_link": "https://wpforms.com/wp-content/uploads/2021/01/adding-link-to-html-field.png"
                },
                {
                    "text": "Here's how a link will look in a published form:"
                },
                {
                    "image_link": "https://wpforms.com/wp-content/uploads/2022/11/html-link-example.png"
                },
                {
                    "text": "Note: If you're unsure how to create an HTML link, be sure to check out Mozilla Developer Network's guide to creating hyperlinks for more details."
                },
                {
                    "url": "https://developer.mozilla.org/en-US/docs/Learn/HTML/Introduction_to_HTML/Creating_hyperlinks"
                },
                {
                    "text": "To see all available options for the HTML field in WPForms, be sure to check out our tutorial on incorporating custom HTML fields ."
                },
                {
                    "url": "https://wpforms.com/docs/how-to-use-the-html-field-in-wpforms/"
                }
            ]
        },
        {
            "subtitle": "Using the Content Field",
            "content": [
                {
                    "text": "The Content field in WPForms provides a simple and user-friendly way to add content such as headings, lists, paragraphs, and media to your forms. To add this field to your form, look under Fancy Fields and click on Content or drag and drop it into the preview area."
                },
                {
                    "image_link": "https://wpforms.com/wp-content/uploads/2022/10/click-content-field-to-add-to-form.png"
                },
                {
                    "text": "Then, simply add your content in the simple editor. The editor has 2 different modes that you can choose for adding content: visual and text ."
                },
                {
                    "text": "Note: Be sure to check out our complete WPForms Content field guide for details on visual and text editors and how to add media with the Content field ."
                },
                {
                    "url": "https://wpforms.com/docs/using-the-content-field/"
                },
                {
                    "image_link": "https://wpforms.com/wp-content/uploads/2022/11/content-field-editor.png"
                },
                {
                    "text": "Here's a preview of how your form looks on the frontend of your site."
                },
                {
                    "image_link": "https://wpforms.com/wp-content/uploads/2022/11/content-text-example.png"
                }
            ]
        },
        {
            "subtitle": "Adding a Section Divider",
            "content": [
                {
                    "text": "If you have different parts to your form, you might like to add section titles and some descriptions to define each portion."
                },
                {
                    "text": "To do this, look under Fancy Fields in the form builder. Then click on the Section Divider field or drag and drop it into the preview area to add it to your form."
                },
                {
                    "image_link": "https://wpforms.com/wp-content/uploads/2021/01/add-section-divider.png"
                },
                {
                    "text": "To change the title and description of the Section Divider, click on it in the form builder to open up its field options. From here, you can edit the Label and Description ."
                },
                {
                    "image_link": "https://wpforms.com/wp-content/uploads/2021/01/edit-section-title-description.png"
                },
                {
                    "text": "Here's how the Section Divider field description looks on the frontend:"
                },
                {
                    "image_link": "https://wpforms.com/wp-content/uploads/2022/11/section-divider-example.png"
                }
            ]
        },
        {
            "subtitle": "Adding a Form Page Title (for Multi-Page Forms)",
            "content": [
                {
                    "text": "A multi-page form is a great way to organize a large form. Adding a title to each page gives users more information about that part of the form."
                },
                {
                    "url": "https://wpforms.com/docs/how-to-create-multi-page-forms-in-wpforms/"
                },
                {
                    "text": "To add page titles, click on the Page Break field in the form builder preview to open up its options. From here, you can edit the Page Title ."
                },
                {
                    "image_link": "https://wpforms.com/wp-content/uploads/2021/01/edit-page-title.png"
                },
                {
                    "text": "Here's how the page title looks on the frontend when the Connector progress indicator style is selected:"
                },
                {
                    "image_link": "https://wpforms.com/wp-content/uploads/2022/11/page-title-example-1.png"
                },
                {
                    "text": "Note: Need more guidance setting up your multi-page form? See our full tutorial on multi-page forms for all the details."
                },
                {
                    "url": "https://wpforms.com/docs/how-to-create-multi-page-forms-in-wpforms/"
                },
                {
                    "text": "That's it! Now you know a variety of ways to add text to a form."
                },
                {
                    "text": "Next, would you like to use tooltips to show more information to users? Check out our guide to adding tooltips to your forms for step-by-step instructions."
                },
                {
                    "url": "https://wpforms.com/how-to-add-tooltips-to-your-wordpress-forms/"
                }
            ]
        }
    ],
    "section": "Documentation",
    "category": "Field Customizations"
}