{
    "product_name": "WPForms",
    "document_id": 239,
    "document_name": "Using the Total Field in a Payment Form",
    "document_url": "https://wpforms.com/docs/how-to-require-payment-total-with-a-wordpress-form/",
    "author": "Umair Majeed",
    "reviewer": "David Ozokoye",
    "date": "Updated: Sep 23, 2024",
    "version": "1.0",
    "title": "Using the Total Field in a Payment Form",
    "content": [
        {
            "subtitle": "Adding a Total Field",
            "content": [
                {
                    "text": "The Total field is located under the Payment Fields section in the form builder. To add this field to your form, click on it or drag and drop it into the preview area."
                },
                {
                    "image_link": "https://wpforms.com/wp-content/uploads/2022/07/select-total-field.png"
                }
            ]
        },
        {
            "subtitle": "Requiring a Payment Total",
            "content": [
                {
                    "text": "Making a Total field required on your WPForms payment forms prevents the issue of $0 submissions, eliminating potential confusion and ensuring every transaction is intentional."
                },
                {
                    "text": "To make the field required, start by clicking on it in the preview area to open its field options. Under the General tab, toggle the Required option to the on position and save your changes."
                },
                {
                    "image_link": "https://wpforms.com/wp-content/uploads/2024/02/require-payment-total.png"
                },
                {
                    "text": "Note: We recommend testing your form before you publish it to make sure it works as expected. See our complete form testing checklist for a step-by-step guide."
                },
                {
                    "url": "https://wpforms.com/docs/how-to-properly-test-your-wordpress-forms-before-launching-checklist/"
                },
                {
                    "text": "If a user tries to submit your form with $0 in the Total field, they will see a validation message that reads, \"Payment is required.\""
                },
                {
                    "image_link": "https://wpforms.com/wp-content/uploads/2023/11/payment-total-required-validation-message.png"
                },
                {
                    "text": "Note: Want to change the message users will see if they try to submit your form and the Total field amount is $0? Check out our tutorial on customizing validation messages ."
                },
                {
                    "url": "https://wpforms.com/docs/customize-wpforms-validation-messages/"
                }
            ]
        },
        {
            "subtitle": "Displaying an Order Summary",
            "content": [
                {
                    "text": "Displaying an order summary on your payment forms gives users a clear, itemized breakdown of their selected products, similar to a receipt. This is a great way to help prevent any misunderstandings about what's included in the total cost."
                },
                {
                    "text": "Note: Displaying order summary requires WPForms version 1.8.7 or higher to work."
                },
                {
                    "text": "To display the summary, first open the field options panel by clicking on the Total field in the form preview area."
                },
                {
                    "text": "Under the General tab, go ahead and toggle on the Enable Summary option."
                },
                {
                    "image_link": "https://wpforms.com/wp-content/uploads/2024/02/enable-summary.png"
                },
                {
                    "text": "Note: If you're using the Coupons addon , be sure to update it to the latest version. Otherwise, you won't be able to use the order summary feature."
                },
                {
                    "url": "https://wpforms.com/docs/coupons-addon/"
                },
                {
                    "text": "After enabling the order summary, users will now see a detailed breakdown of selected items and their prices directly on the form, providing a transparent overview of the purchase before submission."
                },
                {
                    "image_link": "https://wpforms.com/wp-content/uploads/2024/02/order-summary.png"
                },
                {
                    "text": "Note: For a practical implementation, explore this Luxury Watch Order Form Template with a built-in order summary. It demonstrates how to effectively display itemized product details in a real-world scenario."
                },
                {
                    "url": "https://wpforms.com/templates/luxury-watch-order-form-template/"
                }
            ]
        },
        {
            "subtitle": "Adding an Order Summary to a Confirmation Message",
            "content": [
                {
                    "text": "Adding the order summary to the confirmation message gives users a clear recap of their purchase right after they submit the form. This is a great way to instantly show users what they've purchased, improving transparency and customer satisfaction."
                },
                {
                    "url": "https://wpforms.com/docs/setup-form-confirmation-wpforms/"
                },
                {
                    "text": "To include the order summary in the confirmation message, go to Settings \" Confirmations ."
                },
                {
                    "image_link": "https://wpforms.com/wp-content/uploads/2021/03/confirmations-settings.png"
                },
                {
                    "text": "Next, toggle on the Show order summary after confirmation message option and save the form."
                },
                {
                    "image_link": "https://wpforms.com/wp-content/uploads/2024/02/show-order-summary-in-confirmation.png"
                },
                {
                    "text": "Now when a user submits your form, they'll see the order summary displayed with the confirmation message."
                },
                {
                    "image_link": "https://wpforms.com/wp-content/uploads/2024/02/order-confirmation.png"
                },
                {
                    "text": "That's it! Now you know how to add a Total field to your form, make it a required entry, and display a payment summary before a user completes their submission."
                },
                {
                    "text": "Next, would you like to offer multiple payment methods in a single form? Follow our guide to let users choose their payment method ."
                },
                {
                    "url": "https://wpforms.com/docs/how-to-allow-users-to-choose-a-payment-method-on-your-form/"
                }
            ]
        }
    ],
    "section": "Documentation",
    "category": "Payment Forms"
}