{
    "product_name": "WPForms",
    "document_id": 131,
    "document_name": "How to Provide Additional Phone Field Validation",
    "document_url": "https://wpforms.com/developers/how-to-provide-additional-phone-field-validation/",
    "author": "Editorial Team",
    "reviewer": "Molly Tyler",
    "date": "Updated: Mar 12, 2024, 15:18 PM",
    "version": "1.0",
    "title": "How to Provide Additional Phone Field Validation",
    "content": [
        {
            "subtitle": "Creating the form",
            "content": [
                {
                    "text": "To begin, you'll need to create your form and add your Phone field to your form as well as any additional fields you'll need on your form."
                },
                {
                    "text": "If you need any help in creating your form, please see this documentation ."
                },
                {
                    "url": "https://wpforms.com/docs/creating-first-form/"
                },
                {
                    "image_link": "https://wpforms.com/wp-content/uploads/2021/02/wpforms-additional-phone-validation.jpg"
                }
            ]
        },
        {
            "subtitle": "Setting the Phone field format",
            "content": [
                {
                    "text": "For the purpose of this documentation, we're going to prevent any phone number starting with 8 or +8 . Depending on which Format you're using for the Phone form field will depend on the code snippet you'll need to use below."
                },
                {
                    "image_link": "https://wpforms.com/wp-content/uploads/2021/02/wpforms-additional-phone-field-validation.jpg"
                }
            ]
        },
        {
            "subtitle": "Additional Phone Field Validation",
            "content": [
                {
                    "text": "Now it's time to add the PHP snippet you'll need. There are two different snippets and this depends on what Format was set for the Phone field when you created your form."
                },
                {
                    "text": "If you need any help in adding snippets to your site, please see this tutorial ."
                },
                {
                    "url": "https://wpforms.com/developers/how-to-add-custom-php-or-javascript-for-wpforms/"
                }
            ]
        },
        {
            "subtitle": "US Phone Format",
            "content": [
                {
                    "code": "\n/**\n * Custom US format phone field Validation on submit (reject defined prefixes).\n *\n * @link  https://wpforms.com/developers/how-to-provide-additional-phone-field-validation/\n */\n\nfunction wpf_dev_process_validate_phone($field_id, $field_submit, $form_data)\n{\n        //  Only check for US phone field format\n\tif ( 'us' === $form_data[ 'fields' ][$field_id][ 'format' ]) { \n\n\t\t$stripped_phone = str_replace(array( '(', ')'), '', (string) $field_submit);\n\n\t\t$prefixes = [ '8', '+8' ];\n\n\t\t$regexp = implode( '|', $prefixes);\n\n\t\tif (preg_match( '/^[' . $regexp . ']/', $stripped_phone)) {\n\t\t\twpforms()->process->errors[$form_data[ 'id' ]][$field_id] = esc_html__( 'The number should not start with \"' . implode( '\", \"', $prefixes ) . '\"', 'plugin-domain' );\n\t\t}\n\t}\n}\n\nadd_action( 'wpforms_process_validate_phone', 'wpf_dev_process_validate_phone', 10, 3);\n"
                }
            ]
        },
        {
            "subtitle": "Smart and International Phone Format",
            "content": [
                {
                    "code": "\n/**\n * Custom Smartphone and International field Validation on submit (reject defined prefixes).\n *\n * @link  https://wpforms.com/developers/how-to-provide-additional-phone-field-validation/\n */\n\nfunction wpf_dev_process_validate_phone( $field_id, $field_submit, $form_data ) {\n\n   $prefixes = [ '8', '+8' ];\n\n   $regexp = implode( '|', $prefixes );\n\n   if ( preg_match( '/^[' . $regexp . ']/', (string) $field_submit ) ) {\n      wpforms()->process->errors[ $form_data[ 'id' ] ][ $field_id ] = esc_html__( 'The number should not start with \"' . implode( '\", \"', $prefixes) . '\"', 'plugin-domain' );\n   }\n}\n\nadd_action( 'wpforms_process_validate_phone', 'wpf_dev_process_validate_phone', 10, 3 );\n"
                },
                {
                    "text": "Both of these snippets will look at the Phone field value when the form is submitted and if it begins with the number 8 or +8 the form will not submit and an error message will appear."
                },
                {
                    "image_link": "https://wpforms.com/wp-content/uploads/2020/06/wpforms-additional-phone-validation.jpg"
                },
                {
                    "text": "And that's it! You've successfully added additional validation for your Phone form field. Would you also like to prevent certain emails from being entered as well? Check out our tutorial on How to Restrict Email Domains ."
                },
                {
                    "url": "https://wpforms.com/developers/how-to-restrict-email-domains/"
                }
            ]
        },
        {
            "subtitle": "Reference Filter",
            "content": [
                {
                    "text": "wpforms_process_validate_phone"
                },
                {
                    "url": "https://wpforms.com/developers/wpforms_process_validate_phone/"
                }
            ]
        }
    ],
    "section": "Developers",
    "category": "Fields"
}