{
    "product_name": "WPForms",
    "document_id": 220,
    "document_name": "How to Send Field Values to Excel Using Zapier",
    "document_url": "https://wpforms.com/developers/how-to-send-field-values-to-excel-using-zapier/",
    "author": "Editorial Team",
    "reviewer": "Molly Tyler",
    "date": "Updated: Dec 7, 2023, 13:11 PM",
    "version": "1.0",
    "title": "How to Send Field Values to Excel Using Zapier",
    "content": [
        {
            "subtitle": "Introduction",
            "content": [
                {
                    "text": "Would you like to send field values from your form to Excel through Zapier? By default when enabling the option to Show Values on Dropdown , Checkbox and Multiple Choice form fields, the value isn't stored in the entry. However, using a small PHP snippet and the Zapier addon you can easily send these values to Excel. In this tutorial, we'll walk you through each step."
                }
            ]
        },
        {
            "subtitle": "Enabling the Show Values option",
            "content": [
                {
                    "text": "First, we're going to start by enabling the Show Values with this small snippet from this tutorial ."
                },
                {
                    "url": "https://wpforms.com/developers/add-field-values-for-dropdown-checkboxes-and-multiple-choice-fields/"
                },
                {
                    "code": "\n/**\n * Show values in Dropdown, checkboxes, and Multiple Choice.\n *\n * @link https://wpforms.com/developers/add-field-values-for-dropdown-checkboxes-and-multiple-choice-fields/\n */\n  \nadd_action( 'wpforms_fields_show_options_setting', '__return_true' );\n"
                },
                {
                    "text": "Adding this snippet will allow you to enable this option for Dropdown , Checkbox and Multiple Choice form fields."
                }
            ]
        },
        {
            "subtitle": "Creating the form",
            "content": [
                {
                    "text": "Next, we'll create the form. If you need help in creating your form, please see this documentation ."
                },
                {
                    "url": "https://wpforms.com/docs/creating-first-form/"
                },
                {
                    "text": "For the purpose of this tutorial, we're going to add a Dropdown field to the form that will allow for color options."
                },
                {
                    "image_link": "https://wpforms.com/wp-content/uploads/2020/02/wpforms-add-field-values-form.jpg"
                }
            ]
        },
        {
            "subtitle": "Enabling the Show Values option",
            "content": [
                {
                    "text": "We want to use the Show Value setting so that we can assign the hex value for the color. With the Dropdown field selected, click on the Advanced tab and toggle the Show Values option."
                },
                {
                    "image_link": "https://wpforms.com/wp-content/uploads/2020/02/wpforms-enable-show-values.jpg"
                }
            ]
        },
        {
            "subtitle": "Creating the zap to send field values to Excel",
            "content": [
                {
                    "text": "For this step, we'll need to first set up and install the Zapier addon before we can create a zap to send our form entries over to Excel."
                },
                {
                    "url": "https://wpforms.com/addons/zapier-addon/"
                },
                {
                    "text": "For assistance with installing the Zapier addon , please review this documentation ."
                },
                {
                    "url": "https://wpforms.com/docs/how-to-install-and-use-zapier-addon-with-wpforms/"
                }
            ]
        },
        {
            "subtitle": "Adding the snippet",
            "content": [
                {
                    "text": "Now it's time to add the snippet to your site."
                },
                {
                    "text": "If you need any help in how to add snippets to your site, please see this tutorial ."
                },
                {
                    "url": "https://wpforms.com/developers/how-to-add-custom-php-or-javascript-for-wpforms/"
                },
                {
                    "code": "\n/**\n * Send field values to Zapier for Checkbox, Dropdown and Multiple Choice\n *\n * @link   https://wpforms.com/developers/how-to-send-field-values-to-excel-using-zapier/\n */\n\nfunction wpf_dev_add_zapier_field_value_filter( $fields, $entry_id, $form_data ) {\n\n$form_fields = wpforms_get_form_fields( $form_data );\n\n   $entry = wpforms()->get( 'entry' )->get( $entry_id );\n\n   if ( empty( $entry ) ) {\n      return $fields;\n   }\n\n   $entry = wpforms_decode( $entry->fields );\n\n   foreach ( $form_fields as $field_id => $field ) {\n      if ( in_array( $field[ 'type' ], [ 'checkbox', 'select', 'radio' ], true ) ) {\n\n         $fields[ 'field' . $field_id ] = $entry[ $field_id ][ 'value_raw' ] ? $entry[ $field_id ][ 'value_raw' ] : $entry[ $field_id ][ 'value' ];\n      }\n   }\n\n\n   return $fields;\n};\n\nadd_filter( 'wpforms_zapier_process_entry_data', 'wpf_dev_add_zapier_field_value_filter', 10, 3 );\n"
                },
                {
                    "text": "Once you've gotten the Zapier addon installed, you can now create a zap that would send WPForms submissions to Excel. If you need some help with that, Zapier has put together a walk-through tutorial on how to set this up ."
                },
                {
                    "url": "https://zapier.com/apps/wpforms/integrations/excel"
                },
                {
                    "text": "Now, when your form is submitted, Zapier will send the data through to the Excel sheet you have chosen and instead of showing the label for the Dropdown field, it'll show the value you have set up."
                },
                {
                    "image_link": "https://wpforms.com/wp-content/uploads/2021/10/wpforms-zapier-to-excel.jpg"
                },
                {
                    "text": "And that's it! Would you like to send multiple files to Google Drive using the Zapier addon ? Check out this tutorial on How to Send Multiple Files to Google Drive with Zapier ."
                },
                {
                    "url": "https://wpforms.com/addons/zapier-addon/"
                },
                {
                    "url": "https://wpforms.com/developers/how-to-send-multiple-files-to-google-drive-with-zapier/"
                }
            ]
        },
        {
            "subtitle": "Related",
            "content": [
                {
                    "text": "Filter Reference: wpforms_fields_show_options_setting"
                },
                {
                    "url": "https://wpforms.com/developers/wpforms_fields_show_options_setting/"
                }
            ]
        }
    ],
    "section": "Developers",
    "category": "Tutorials"
}