{
    "product_name": "WPForms",
    "document_id": 72,
    "document_name": "How to Customize Payment Form Labels",
    "document_url": "https://wpforms.com/developers/how-to-customize-payment-form-labels/",
    "author": "Editorial Team",
    "reviewer": "Molly Tyler",
    "date": "Updated: Dec 4, 2023, 15:43 PM",
    "version": "1.0",
    "title": "How to Customize Payment Form Labels",
    "content": [
        {
            "subtitle": "Introduction",
            "content": [
                {
                    "text": "Would you like to customize the Payment form labels by removing the hyphen that appears when you choose to show the price after the label? The default behavior of the Payment fields includes a hyphen between the label and the displayed price, which might not always align with your design preferences."
                },
                {
                    "image_link": "https://wpforms.com/wp-content/uploads/2023/12/default-hyphen-payment.jpg"
                },
                {
                    "text": "Fear not! In this tutorial, we'll guide you through the process of customizing your Payment field labels. Whether you want to eliminate the hyphen altogether or replace it with a different character, we've got you covered. Discover two methods-snippet-free and PHP-based-to effortlessly achieve the label and price display that suits your form aesthetics."
                }
            ]
        },
        {
            "subtitle": "Creating the form",
            "content": [
                {
                    "text": "To begin, we're going to create a standard order form with all of our required fields that will accept payments. If you need any assistance in creating this type of form, please check out this useful guide ."
                },
                {
                    "url": "https://wpforms.com/docs/how-to-create-a-payment-form-in-wpforms/"
                },
                {
                    "image_link": "https://wpforms.com/wp-content/uploads/2023/12/wpforms-remove-hyphen-create-form.png"
                }
            ]
        },
        {
            "subtitle": "Removing the Hyphen",
            "content": []
        },
        {
            "subtitle": "Method 1: Snippet-free",
            "content": [
                {
                    "text": "As promised, if you want to change or just remove the hyphen completely but still show the price in the field, manually type out the label exactly how you want it to appear."
                },
                {
                    "text": "You'll notice for this method, there is no need for any code snippet and we've also made sure the Show price after item labels is disabled. You just simply type out the label exactly as you want it to appear on your form which can be without the hyphen or replacing the hyphen with a colon as we did in this example."
                },
                {
                    "image_link": "https://wpforms.com/wp-content/uploads/2023/12/new-wpforms-remove-hyphen-manually.png"
                }
            ]
        },
        {
            "subtitle": "Method 2: PHP-based",
            "content": [
                {
                    "text": "If you'd like to use PHP to remove or change this hyphen, you'll first need to click on your Payment fields and on the Advanced tab of each field, click to enable Show price after item labels so that the form will automatically place your label and price for the item separated by the hyphen."
                },
                {
                    "image_link": "https://wpforms.com/wp-content/uploads/2023/12/wpforms-show-price-after-label.jpg"
                },
                {
                    "text": "Once the form is saved, it's now time to add the snippet. Just copy and paste this snippet to your site."
                },
                {
                    "code": "\n/**\n * Remove or change hyphen payment form labels\n *\n * @link https://wpforms.com/developers/how-to-customize-payment-form-labels/\n */\n\nfunction wpf_remove_hyphen_separator() {\n    ?>\n    <script>\n        document.addEventListener( 'DOMContentLoaded', function() {\n\n\t\t\t// The querySelectorAll targets all Payment fields:\n\t\t\t// .wpforms-image-choices-label is for Multiple / Checkbox Items with image choices turned on\n\t\t\t// .wpforms-icon-choices-label is for Multiple / Checkbox Items with icon choices turned on\n\t\t\t// .wpforms-field-payment-checkbox input + .wpforms-field-label-inline is for Checkbox Items without icon or image choices - in this case we know the label follows the checkbox input which allows us to target it only for this case\n\t\t\t// .wpforms-field-payment-multiple input + .wpforms-field-label-inline is for Multiple Items without icon or image choices - same as above\n\t\t\t// .wpforms-field-payment-select option is for Dropdown Items (both Classic and Modern)\n\n\t\t\tvar labelElements = document.querySelectorAll( \".wpforms-image-choices-label, .wpforms-icon-choices-label, .wpforms-field-payment-checkbox input + .wpforms-field-label-inline, .wpforms-field-payment-multiple input + .wpforms-field-label-inline, .wpforms-field-payment-select option\" );\n            labelElements.forEach(function(labelElement) {\n                labelElement.textContent = labelElement.textContent.replace(' \u2013 ', ' : ');\n            });\n        });\n    </script>\n    <?php\n}\n\nadd_action( 'wpforms_wp_footer_end', 'wpf_remove_hyphen_separator', 10 );\n"
                },
                {
                    "text": "This snippet will look for any payment field and replace the hyphen ( - ) with a colon ( : ) ."
                },
                {
                    "image_link": "https://wpforms.com/wp-content/uploads/2023/12/wpforms-change-payment-separator.jpg"
                },
                {
                    "text": "And that's all you need to customize the payment form labels! Would you like to also make this change for email notifications? Take a look at our article on How to Change the Payment Delimiter Inside Email Notifications ."
                },
                {
                    "url": "https://wpforms.com/developers/how-to-change-the-payment-delimiter-inside-email-notifications/"
                }
            ]
        },
        {
            "subtitle": "Related",
            "content": [
                {
                    "text": "Action Reference: wpforms_wp_footer_end"
                },
                {
                    "url": "https://wpforms.com/developers/wpforms_wp_footer_end/"
                }
            ]
        },
        {
            "subtitle": "FAQ",
            "content": []
        },
        {
            "subtitle": "Q: What would I use if I didn't want a separator at all?",
            "content": [
                {
                    "text": "A: To leave just a space between the label and the price, use this snippet instead."
                },
                {
                    "code": "\n/**\n * Remove or change hyphen payment form labels\n *\n * @link https://wpforms.com/developers/how-to-customize-payment-form-labels/\n */\n\nfunction wpf_remove_hyphen_separator() {\n    ?>\n    <script>\n        document.addEventListener( 'DOMContentLoaded', function() {\n\n\t\t\t// The querySelectorAll targets all Payment fields:\n\t\t\t// .wpforms-image-choices-label is for Multiple / Checkbox Items with image choices turned on\n\t\t\t// .wpforms-icon-choices-label is for Multiple / Checkbox Items with icon choices turned on\n\t\t\t// .wpforms-field-payment-checkbox input + .wpforms-field-label-inline is for Checkbox Items without icon or image choices - in this case we know the label follows the checkbox input which allows us to target it only for this case\n\t\t\t// .wpforms-field-payment-multiple input + .wpforms-field-label-inline is for Multiple Items without icon or image choices - same as above\n\t\t\t// .wpforms-field-payment-select option is for Dropdown Items (both Classic and Modern)\n\n\t\t\tvar labelElements = document.querySelectorAll( \".wpforms-image-choices-label, .wpforms-icon-choices-label, .wpforms-field-payment-checkbox input + .wpforms-field-label-inline, .wpforms-field-payment-multiple input + .wpforms-field-label-inline, .wpforms-field-payment-select option\" );\n            labelElements.forEach(function(labelElement) {\n                labelElement.textContent = labelElement.textContent.replace(' \u2013 ', '  ');\n            });\n        });\n    </script>\n    <?php\n}\n\nadd_action( 'wpforms_wp_footer_end', 'wpf_remove_hyphen_separator', 10 );\n"
                },
                {
                    "text": "You'll notice the only change with these snippet is this line replace(' - ', ' : '); to this replace(' - ', ' '); , here we're just leaving a single space for the separator."
                }
            ]
        }
    ],
    "section": "Developers",
    "category": "Tutorials"
}