{
    "product_name": "WPForms",
    "document_id": 491,
    "document_name": "Customizing Single Entry View",
    "document_url": "https://wpforms.com/docs/customizing-single-entry-view/",
    "author": "Umair Majeed",
    "reviewer": "Molly Tyler",
    "date": "Updated: May 21, 2024",
    "version": "1.0",
    "title": "Customizing Single Entry View",
    "content": [
        {
            "subtitle": "Accessing a Specific Entry",
            "content": [
                {
                    "text": "To access an individual entry, go to WPForms \" Entries in the WordPress admin area. Then select the form you'd like to view its entries."
                },
                {
                    "image_link": "https://wpforms.com/wp-content/uploads/2023/04/select-form-entries-overview.png"
                },
                {
                    "text": "Next, under the Actions column, look for the View option next to the entry you'd like to open and click on it."
                },
                {
                    "image_link": "https://wpforms.com/wp-content/uploads/2023/11/view-entry.png"
                },
                {
                    "text": "This will direct you to the View Entry page for that specific entry."
                },
                {
                    "image_link": "https://wpforms.com/wp-content/uploads/2023/11/single-entry-view.png"
                },
                {
                    "text": "Note: If you'd like to learn how to manage your form entries, be sure to check out our form entries tutorial."
                },
                {
                    "url": "https://wpforms.com/docs/complete-guide-to-form-entries/"
                }
            ]
        },
        {
            "subtitle": "Customizing the View Entry Page",
            "content": [
                {
                    "text": "When viewing a specific entry, you might want to make it more compact or display additional fields."
                },
                {
                    "text": "To get started, click the Settings icon that looks like a gear next to the navigation bar. This will allow you to view more customization options."
                },
                {
                    "image_link": "https://wpforms.com/wp-content/uploads/2023/11/click-settings-gear-icon.png"
                },
                {
                    "text": "In the next sections, we'll cover all the available customization options."
                }
            ]
        },
        {
            "subtitle": "Field Settings",
            "content": [
                {
                    "text": "The Field Settings contains additional formatting options for each form field."
                }
            ]
        },
        {
            "subtitle": "Field Description",
            "content": [
                {
                    "text": "If you added descriptions to your form fields, they'd be hidden by default from your entry preview. To show them in your entry view, enable the Field Descriptions option."
                },
                {
                    "image_link": "https://wpforms.com/wp-content/uploads/2023/08/show-field-descriptions.gif"
                }
            ]
        },
        {
            "subtitle": "Hiding Empty Fields",
            "content": [
                {
                    "text": "By default, fields that do not have user input are hidden. However, if the empty fields are showing and you'd like to hide them, disable the Empty Fields option."
                },
                {
                    "image_link": "https://wpforms.com/wp-content/uploads/2023/08/hide-empty-fields.png"
                }
            ]
        },
        {
            "subtitle": "Unselected Choices",
            "content": [
                {
                    "text": "When viewing an individual form entry, only the selected option(s) in a Multiple Choice , Multiple Items, Checkboxes , or Checkbox Items field is displayed. To show all available options, enable the Unselected Choices option."
                },
                {
                    "url": "https://wpforms.com/docs/how-to-customize-the-multiple-choice-field-in-wpforms/"
                },
                {
                    "url": "https://wpforms.com/docs/how-to-customize-the-checkboxes-field-in-wpforms/"
                },
                {
                    "image_link": "https://wpforms.com/wp-content/uploads/2023/08/unselected-choices-1.png"
                },
                {
                    "text": "Enabling this option will display all options and highlight the selected choice."
                }
            ]
        },
        {
            "subtitle": "HTML/Content fields",
            "content": [
                {
                    "text": "HTML and Content fields are hidden in the view entry page by default. If you'd like to show them, you'll need to enable the HTML/Content Fields option."
                },
                {
                    "url": "https://wpforms.com/docs/using-the-content-field/"
                },
                {
                    "image_link": "https://wpforms.com/wp-content/uploads/2023/08/html-content-fields.png"
                }
            ]
        },
        {
            "subtitle": "Section Dividers",
            "content": [
                {
                    "text": "Section Dividers are also hidden by default on the view entry page. To show them, select the Section Dividers option."
                },
                {
                    "image_link": "https://wpforms.com/wp-content/uploads/2023/08/section-dividers.png"
                }
            ]
        },
        {
            "subtitle": "Page Breaks",
            "content": [
                {
                    "text": "Page Breaks are hidden by default in the entry view page. To show them when viewing a specific form entry, select the Page Breaks option."
                },
                {
                    "url": "https://wpforms.com/docs/how-to-create-multi-page-forms-in-wpforms/"
                },
                {
                    "image_link": "https://wpforms.com/wp-content/uploads/2023/08/page-breaks.png"
                }
            ]
        },
        {
            "subtitle": "Display Settings",
            "content": [
                {
                    "text": "The Display Settings has 2 options for customizing the layout of form fields in the View Entry page."
                }
            ]
        },
        {
            "subtitle": "Maintain Layouts",
            "content": [
                {
                    "text": "This option shows the fields the same way they appear in the frontend. For instance, if you're using the Layout field to group your fields into different columns, enabling the Maintain Layouts option will display the fields using the same layout you configured."
                },
                {
                    "url": "https://wpforms.com/docs/how-to-use-the-layout-field-in-wpforms/"
                },
                {
                    "image_link": "https://wpforms.com/wp-content/uploads/2023/08/maintain-layouts-option.png"
                }
            ]
        },
        {
            "subtitle": "Compact View",
            "content": [
                {
                    "text": "This option displays the entry content in two columns, allowing you to fit more information on a single page. To enable it, toggle on the Compact View option."
                },
                {
                    "image_link": "https://wpforms.com/wp-content/uploads/2023/08/compact-view.png"
                },
                {
                    "text": "Note: You won't be able to use the Compact View and Maintain Layouts options simultaneously."
                },
                {
                    "text": "That's it! Now you know the various field and display settings options for customizing the entry view page."
                },
                {
                    "text": "Next, would you like to learn how to style your WordPress forms without writing CSS code? Check our form styling tutorial to learn how to style your forms in the block editor ."
                },
                {
                    "url": "https://wpforms.com/docs/styling-your-forms/"
                }
            ]
        }
    ],
    "section": "Documentation",
    "category": "Entry Management"
}