{
    "product_name": "WPForms",
    "document_id": 39,
    "document_name": "wpforms_authorize_net_process_transaction",
    "document_url": "https://wpforms.com/developers/wpforms_authorize_net_process_transaction/",
    "author": null,
    "reviewer": null,
    "date": null,
    "version": "1.0",
    "title": "wpforms_authorize_net_process_transaction",
    "content": [
        {
            "subtitle": "Description",
            "content": [
                {
                    "text": "The wpforms_authorize_net_process_transaction filter is used to set arguments on the Authorize.net payment sent from WPForms while processing the form entry for payments."
                }
            ]
        },
        {
            "subtitle": "Parameters",
            "content": [
                {
                    "text": "$transaction: (object)WPForms Authorize.Net Process object."
                },
                {
                    "text": "$args: (array)Single transaction arguments."
                }
            ]
        },
        {
            "subtitle": "Source",
            "content": [
                {
                    "text": "wpforms-authorize-net/src/Api/Api.php"
                }
            ]
        },
        {
            "subtitle": "More Information",
            "content": [
                {
                    "text": "The wpforms_authorize_net_process_transaction filter is used to set specific arguments on Authorize.net transaction payments."
                },
                {
                    "text": "Using the wpforms_authorize_net_process_payment_single_args filter, you can pull this information from WPForms and use the wpforms_authorize_net_process_transaction filter to set those fields on the payment. Address fields, invoice numbers, etc are just a few of the examples."
                }
            ]
        },
        {
            "subtitle": "Examples",
            "content": [
                {
                    "code": "\n/**\n * Filter used to get the address field information.\n *\n * @link  https://wpforms.com/developers/wpforms_authorize_net_process_payment_single_args/\n *\n * @param array   $args    Single payment arguments.\n * @param object  $process WPForms Authorize.Net Process object.\n *\n * @return array\n */\n\nfunction wpf_dev_authorize_net_process_payment_single_add_fields_to_args( $args, $process ) {\n\n   // Replace 3 in $process->fields[3] to the form id of your address field.\n   $args[ 'address' ] = $process->fields[3];\n\n   return $args;\n}\n\nadd_filter( 'wpforms_authorize_net_process_payment_single_args', 'wpf_dev_authorize_net_process_payment_single_add_fields_to_args', 10, 2 );\n\n\n\n/**\n * Set the customer's Bill To address.\n * \n * @link  https://wpforms.com/developers/wpforms_authorize_net_process_transaction/\n *\n * @param netauthorizeapicontractv1TransactionRequestType $transaction Single transaction object.\n * @param array                                                 $args        Single transaction arguments.\n *\n * @return netauthorizeapicontractv1TransactionRequestType\n */\n\nfunction wpf_dev_authorize_net_process_transaction_add_address_to_transaction( $transaction, $args ) {\n\n   $bill_to = $transaction->getBillTo();\n\n   if ( is_null( $bill_to ) ) {\n      $bill_to = new netauthorizeapicontractv1CustomerAddressType();\n   }\n\n   $address = $args[ 'address' ][ 'address1' ];\n\n   if ( ! empty( $args[ 'address' ][ 'address2' ] ) ) {\n\n      $address .= ' ' . $args[ 'address' ][ 'address2' ];\n\n   }\n\n   $bill_to->setAddress( $address );\n\n   $bill_to->setCity( $args[ 'address' ][ 'city' ] );\n\n   $bill_to->setState( $args[ 'address' ][ 'state' ] );\n\n   $bill_to->setZip( $args[ 'address' ][ 'postal' ] );\n\n   $bill_to->setCountry( $args[ 'address' ][ 'country' ] );\n\n   $transaction->setBillTo( $bill_to );\n\n   return $transaction;\n}\n\nadd_filter( 'wpforms_authorize_net_process_transaction', 'wpf_dev_authorize_net_process_transaction_add_address_to_transaction', 10, 2 );\n"
                },
                {
                    "text": "For any assistance in locating your particular field ID, please check out this tutorial ."
                },
                {
                    "url": "https://wpforms.com/developers/how-to-locate-form-id-and-field-id/"
                }
            ]
        },
        {
            "subtitle": "Related",
            "content": [
                {
                    "text": "Filter Reference: wpforms_authorize_net_process_payment_single_args"
                },
                {
                    "url": "https://wpforms.com/developers/wpforms_authorize_net_process_payment_single_args/"
                },
                {
                    "text": "Tutorial Reference:"
                },
                {
                    "text": "How to Send an Invoice Number Through to Authorize.net Payments"
                },
                {
                    "text": "How to Send the Phone Number to Authorize.net"
                },
                {
                    "url": "https://wpforms.com/developers/how-to-send-an-invoice-number-through-to-authorize-net-payments/"
                },
                {
                    "url": "https://wpforms.com/developers/how-to-send-the-phone-number-to-authorize-net/"
                }
            ]
        }
    ],
    "section": "Developers",
    "category": "Filters Hooks"
}