{
    "product_name": "WPForms",
    "document_id": 596,
    "document_name": "How to Change CSV Export Delimiter",
    "document_url": "https://wpforms.com/developers/how-to-change-csv-export-delimiter/",
    "author": "Editorial Team",
    "reviewer": "Molly Tyler",
    "date": "Updated: Dec 14, 2023, 10:36 AM",
    "version": "1.0",
    "title": "How to Change CSV Export Delimiter",
    "content": [
        {
            "subtitle": "Overview",
            "content": [
                {
                    "text": "Would you like to change the CSV export delimiter from a comma to something else? WPForms makes this super simple and all you need is a bit of PHP. This tutorial will walk you through how you would change the default , to something else for exporting your form entries."
                },
                {
                    "text": "By default, CSV exports of WPForms entry data will be separated by a comma. However, some systems that accept CSV data may require an alternate delimiter format."
                },
                {
                    "url": "https://wpforms.com/docs/how-to-export-form-entries-to-csv-in-wpforms/"
                }
            ]
        },
        {
            "subtitle": "Setup",
            "content": [
                {
                    "text": "In the example below, we'll be modifying the CSV separator symbol to be a semicolon instead of a comma."
                },
                {
                    "text": "To add this snippet to your site, you can review this documentation ."
                },
                {
                    "url": "https://wpforms.com/developers/how-to-add-custom-php-or-javascript-for-wpforms/"
                },
                {
                    "text": "For the purpose of this specific snippet, we recommend that you add the snippet by either creating a site-specific custom plugin or using the Insert Headers and Footers - Code Snippets by WPCode plugin as mentioned in this documentation."
                },
                {
                    "url": "https://wordpress.org/plugins/insert-headers-and-footers/"
                },
                {
                    "code": "\n/**\n * Filters the delimiter used in CSV exports of form entries.\n * \n * @link https://wpforms.com/developers/change-csv-export-delimiter/\n */\n\nfunction wpf_dev_pro_admin_entries_export_configuration( $configuration ) {\n\n\t$configuration[ 'csv_export_separator' ] = ';';\n\n        return $configuration;\n\n}\n\nadd_filter( 'wpforms_pro_admin_entries_export_configuration', 'wpf_dev_pro_admin_entries_export_configuration', 10, 1 );\n\n"
                },
                {
                    "image_link": "https://wpforms.com/wp-content/uploads/2019/08/new-wpforms-csv-separator.jpg 1276w, https://wpforms.com/wp-content/uploads/2019/08/new-wpforms-csv-separator-300x90.jpg 300w, https://wpforms.com/wp-content/uploads/2019/08/new-wpforms-csv-separator-768x229.jpg 768w, https://wpforms.com/wp-content/uploads/2019/08/new-wpforms-csv-separator-1024x306.jpg 1024w"
                },
                {
                    "text": "For best results, avoid using spaces or text for the separator."
                },
                {
                    "text": "And that's it! You've successfully changed the delimiter! Would you like to know how to display a count of how many visitors have completed your form? Take a look at our article on How to Display Entry Submissions Count for a Specific Form ."
                },
                {
                    "url": "https://wpforms.com/developers/display-entry-submissions-count-for-a-specific-form/"
                }
            ]
        },
        {
            "subtitle": "Related",
            "content": [
                {
                    "text": "Filter reference: wpforms_pro_admin_entries_export_configuration"
                },
                {
                    "url": "https://wpforms.com/developers/wpforms_pro_admin_entries_export_configuration/"
                }
            ]
        }
    ],
    "section": "Developers",
    "category": "Snippets"
}