{
    "product_name": "WPForms",
    "document_id": 637,
    "document_name": "How to Enqueue a Stylesheet for Conversational Forms",
    "document_url": "https://wpforms.com/developers/how-to-enqueue-a-stylesheet-for-conversational-forms/",
    "author": "Editorial Team",
    "reviewer": "Molly Tyler",
    "date": "Updated: Feb 28, 2024, 12:58 PM",
    "version": "1.0",
    "title": "How to Enqueue a Stylesheet for Conversational Forms",
    "content": [
        {
            "subtitle": "Creating your conversational form",
            "content": [
                {
                    "text": "First, you'll need to create a conversational form and add your fields to it. If you need any help doing this, please review this documentation ."
                },
                {
                    "url": "https://wpforms.com/docs/how-to-install-and-use-the-conversational-forms-addon/"
                },
                {
                    "image_link": "https://wpforms.com/wp-content/uploads/2022/06/wpforms-create-form.jpg"
                }
            ]
        },
        {
            "subtitle": "Customizing the conversational form",
            "content": [
                {
                    "text": "Once you've created your conversational form, for the purpose of this tutorial, we're going to add some text to the Message field on the Conversational Form tab. This is a message that your visitors will see as soon as the form loads."
                },
                {
                    "text": "You can add what you need, but we're adding some text, a link, and an unordered list with the following."
                },
                {
                    "text": "<p>You are about to complete an order form for theme package 3.</p> <p>To review the terms and condition, <a href=\"#\">please click here</a>.</p> <p>Which includes, but not limited to the following:</p> <ul> <li>Theme 1</li> <li>Theme 2</li> <li>Theme 3</li> <li>Free Plugin 1</li> <li>Free Plugin 2</li> <li>Free Plugin 3</li> </ul>"
                }
            ]
        },
        {
            "subtitle": "Enqueuing a Stylesheet for Conversational Forms",
            "content": [
                {
                    "text": "Before we can enqueue our own stylesheet for conversational forms, we first need to add this code snippet that will allow it."
                },
                {
                    "text": "If you need help adding code to your site, please review this tutorial ."
                },
                {
                    "url": "https://wpforms.com/developers/how-to-add-custom-php-or-javascript-for-wpforms/"
                },
                {
                    "code": "\n/**\n * Enqueue your own stylesheet for conversational forms\n * \n * @link  https://wpforms.com/developers/how-to-enqueue-a-stylesheet-for-conversational-forms/\n */\n\nfunction wpfdev_convoform_custom_css() {\n\n\twp_enqueue_style( 'style', get_stylesheet_directory_uri().'/name-of-your-css-file.css' );\n}\n\nadd_action( 'wpforms_conversational_forms_enqueue_styles', 'wpfdev_convoform_custom_css', 10 );\n"
                }
            ]
        },
        {
            "subtitle": "Creating and uploading the stylesheet to your theme directory",
            "content": [
                {
                    "text": "Once the code is added, you now need to create your CSS file."
                },
                {
                    "text": "Here are some basic CSS styles we used for this tutorial"
                },
                {
                    "code": "\n\n.wpforms-title {\n    color: #e27730!important;\n    font-size: 36px !important;\n}\n.wpforms-description {\n    line-height: 1.6em;\n    text-align: left;\n    white-space: normal !important;\n    max-width: 90%;\n    font-size: 18px !important;\n    margin: 0 auto;\n}\n.wpforms-description a {\n    color: #e27730;\n    text-decoration: none;\n}\n.wpforms-description a:hover {\n    color: #c45e1b;\n}\n.wpforms-description ul li {\n    list-style: circle !important;\n    list-style-position: inside !important;\n    font-size: 16px;\n}\nbutton.wpforms-conversational-btn-start.wpforms-conversational-btn {\n    background-color: #e27730 !important;\n    color: rgba(255,255,255,1) !important;\n}\nbutton.wpforms-conversational-btn-start.wpforms-conversational-btn:hover {\n    background-color: #c45e1b !important;\n}\n.wpforms-conversational-form-btn-desc {\n    display: none !important;\n}\n\n"
                },
                {
                    "text": "These are just some standard styling CSS rules for links and unordered lists. We also styled the conversational form title and removed the text that you typically see beside the Start button."
                },
                {
                    "text": "Once you've created the CSS rules, it's now time to upload it using FTP or an FTP type of plugin, upload it to the theme directory. For uploading using FTP, you can follow this tutorial ."
                },
                {
                    "url": "https://www.wpbeginner.com/beginners-guide/how-to-use-ftp-to-upload-files-to-wordpress-for-beginners/"
                },
                {
                    "text": "For our tutorial, we used a WordPress plugin mentioned in this tutorial to have access to our server."
                },
                {
                    "url": "https://wordpress.org/plugins/wp-file-manager/"
                },
                {
                    "image_link": "https://wpforms.com/wp-content/uploads/2020/12/wpforms-upload-css-file.jpg"
                }
            ]
        },
        {
            "subtitle": "Viewing the conversational form",
            "content": [
                {
                    "text": "Now when visitors view the page, they'll see the new styles added just by the enqueue of our unique stylesheet."
                },
                {
                    "image_link": "https://wpforms.com/wp-content/uploads/2020/12/wpforms-enqueue-stylesheet-conversational-form.jpg"
                },
                {
                    "text": "And that's all you need to enqueue a specific stylesheet for the Conversational Forms addon. Would you like to link the logo that appears on your conversational forms? Take a look at our documentation on How to Link Your Conversational Form Logo ."
                },
                {
                    "url": "https://wpforms.com/developers/how-to-link-your-conversational-form-logo/"
                }
            ]
        },
        {
            "subtitle": "Reference Action",
            "content": [
                {
                    "text": "wpforms_conversational_forms_enqueue_styles"
                },
                {
                    "url": "https://wpforms.com/developers/wpforms_conversational_forms_enqueue_styles/"
                }
            ]
        },
        {
            "subtitle": "FAQ",
            "content": []
        },
        {
            "subtitle": "Q: Can I use this for the Form Pages addon as well?",
            "content": [
                {
                    "text": "A: To have a unique enqueue for the Form Pages addon, use this code snippet instead. You can read more about this action by reviewing this documentation ."
                },
                {
                    "url": "https://wpforms.com/developers/wpforms_form_pages_enqueue_styles/"
                },
                {
                    "code": "\n/**\n * Enqueue your own stylesheet for the Form Pages addon\n * \n * @link  https://wpforms.com/developers/wpforms_form_pages_enqueue_styles/\n */\n\nfunction wpfdev_formpages_custom_css() {\n\n\twp_enqueue_style( 'style', get_stylesheet_directory_uri().'/name-of-your-css-file.css' );\n\n}\nadd_action( 'wpforms_form_pages_enqueue_styles', 'wpfdev_formpages_custom_css', 10 );\n"
                }
            ]
        }
    ],
    "section": "Developers",
    "category": "Addons"
}