{
    "product_name": "WPForms",
    "document_id": 14,
    "document_name": "Error: JavaScript Not Loading Properly",
    "document_url": "https://wpforms.com/docs/error-javascript-not-loading-properly/",
    "author": "Umair Majeed",
    "reviewer": "David Ozokoye",
    "date": "Updated: Sep 30, 2024",
    "version": "1.0",
    "title": "Error: JavaScript Not Loading Properly",
    "content": [
        {
            "subtitle": "Summary",
            "content": [
                {
                    "text": "The error message 'This page isn't loading JavaScript properly, and the form will not be able to submit' indicates that there's an issue with JavaScript loading or execution on your website. This can prevent forms from submitting properly, as WPForms relies heavily on JavaScript for many of its features, including field validation, conditional logic, and reCAPTCHA."
                }
            ]
        },
        {
            "subtitle": "Causes",
            "content": [
                {
                    "text": "This error typically occurs when:"
                },
                {
                    "text": "JavaScript files fail to load correctly"
                },
                {
                    "text": "The form token is cached for more than 48 hours"
                },
                {
                    "text": "An optimization plugin is compressing, minifying, or altering the loading location of JavaScript files"
                },
                {
                    "text": "There are conflicts with other plugins or themes"
                },
                {
                    "text": "Note: Ensure you're using the latest version of WPForms before proceeding. Updating your version of WPForms often fixes common issues users experience with the plugin, including JavaScript-related problems."
                },
                {
                    "url": "https://wpforms.com/docs/why-you-should-always-use-the-latest-version-of-wpforms/"
                }
            ]
        },
        {
            "subtitle": "Solution",
            "content": [
                {
                    "text": "To resolve this issue, we suggest trying the following methods:"
                },
                {
                    "text": "Check for optimization plugins : If you have any optimization plugins installed, follow our guide on adjusting the optimization settings of these plugins for WPForms."
                },
                {
                    "text": "Clear and adjust caching : Clear your website's cache. If using a caching plugin, ensure it's not caching your forms for more than 48 hours."
                },
                {
                    "text": "Verify JavaScript loading: Check your browser's console for any JavaScript errors and ensure that all required JavaScript files are loading properly."
                },
                {
                    "url": "https://wpforms.com/docs/how-to-troubleshoot-javascript-issues-in-wpforms/#optimization-settings"
                }
            ]
        },
        {
            "subtitle": "Additional Resources",
            "content": [
                {
                    "text": "For more detailed information on troubleshooting and resolving issues with WPForms, please refer to the following guides:"
                },
                {
                    "text": "Troubleshooting Issues With WPForms"
                },
                {
                    "text": "Troubleshooting JavaScript Errors"
                },
                {
                    "text": "Troubleshooting Cache Settings"
                },
                {
                    "url": "https://wpforms.com/docs/getting-support-wpforms/"
                },
                {
                    "url": "https://wpforms.com/docs/how-to-troubleshoot-javascript-issues-in-wpforms/"
                },
                {
                    "url": "https://wpforms.com/docs/how-to-optimize-cache-settings-to-fix-submission-errors/"
                },
                {
                    "text": "That's it! Now you know how to troubleshoot and fix the 'JavaScript not loading properly' error."
                },
                {
                    "text": "For more information on resolving other common WPForms issues, check out our comprehensive guide on troubleshooting WPForms ."
                },
                {
                    "url": "https://wpforms.com/docs/getting-support-wpforms/"
                }
            ]
        }
    ],
    "section": "Documentation",
    "category": "Error Library"
}