{
    "product_name": "WPForms",
    "document_id": 413,
    "document_name": "How to Customize Printing An Entry",
    "document_url": "https://wpforms.com/developers/how-to-customize-printing-an-entry/",
    "author": "Editorial Team",
    "reviewer": "Molly Tyler",
    "date": "Updated: Apr 14, 2023, 12:30 PM",
    "version": "1.0",
    "title": "How to Customize Printing An Entry",
    "content": [
        {
            "subtitle": "Introduction",
            "content": [
                {
                    "text": "Would you like to customize the styles when printing an entry? There is default styling on the entries when you print them, however, with a small PHP snippet and some CSS rules you can easily add your own styling before printing. In this tutorial, we'll walk you through how to create your own styles when printing entries."
                }
            ]
        },
        {
            "subtitle": "Creating the form",
            "content": [
                {
                    "text": "First, you'll need to create a new form and add the fields that you need. If you need any help in creating a form, please see this tutorial ."
                },
                {
                    "url": "https://wpforms.com/docs/creating-first-form/"
                },
                {
                    "text": "Our form is a class registration form that will accept requests to sign up for particular classes so we have the Name , Email , Dropdown (to select the class), Numbers (for how many people are signing up for the class), Date (to select the requested date of the class) and Paragraph Text form fields."
                },
                {
                    "image_link": "https://wpforms.com/wp-content/uploads/2022/06/wpforms-customize-print-screen.jpg"
                }
            ]
        },
        {
            "subtitle": "Creating and uploading the stylesheet",
            "content": [
                {
                    "text": "Next, we're going to create a dedicated stylesheet and add our custom styles to this .css file."
                },
                {
                    "text": "Once you've created the CSS rules, it's now time to upload it using FTP or an FTP type of plugin, upload it to the theme directory. For uploading using FTP, you can follow this tutorial ."
                },
                {
                    "url": "https://www.wpbeginner.com/beginners-guide/how-to-use-ftp-to-upload-files-to-wordpress-for-beginners/"
                },
                {
                    "text": "We're going to use some CSS to change the labels, what the user entered into the field, the title, the border of the entry, and the body's background color."
                },
                {
                    "code": "\nbody {\n    background-color: #e1f5fe;\n}\n\n#print .page-title h1 {\n    color: #01579b;\n}\n\n#print .fields {\n    border: 15px solid #eee;\n}\n\n#print p.field-name {\n    color: #01579b;\n}\n\n#print p.field-value {\n    color: #0277bd;\n}\n"
                },
                {
                    "text": "Once the CSS file has been uploaded, you'll need to copy the URL to this file as we'll need that for the next step."
                },
                {
                    "text": "If you're not sure how to find the URL, reach out to your hosting company and they can help you with this."
                }
            ]
        },
        {
            "subtitle": "Adding the code to customize printing an entry",
            "content": [
                {
                    "text": "Now our final step is to add the code snippet that will point to our stylesheet."
                },
                {
                    "text": "If you need any help in adding code snippets, please see this tutorial ."
                },
                {
                    "url": "https://wpforms.com/developers/how-to-add-custom-php-or-javascript-for-wpforms/"
                },
                {
                    "code": "\n/*\n * Change the styles when printing an entry\n *\n * @link  https://wpforms.com/developers/how-to-customize-printing-an-entry/ \n */\n\nfunction print_page_additional_styles() {\n\t\n   // Change this link to your stylesheet\t\n   $link = 'http://yoursite.com/print-wpforms-entry-stylesheet.css';\n\t\n   //You can also echo your own custom styles by adding them inline to the top of the page\n   echo '<style> body { background-color: #e1f5fe;} </style>';\n\t\n   printf( '<link rel=\"stylesheet\" href=\"%s\">', $link ); \n\t\n}\nadd_action( 'wpforms_pro_admin_entries_printpreview_print_html_head', 'print_page_additional_styles', 10 );\n"
                },
                {
                    "text": "Now when you go to print your entries, you'll see your new custom styling."
                },
                {
                    "image_link": "https://wpforms.com/wp-content/uploads/2021/06/wpforms-printing-entries-custom-css.jpg"
                },
                {
                    "text": "Would you like also customize the styles on the Conversational Forms addon? Take a look at our tutorial on How to Enqueue a Stylesheet for Conversational Forms ."
                },
                {
                    "url": "https://wpforms.com/developers/how-to-enqueue-a-stylesheet-for-conversational-forms/"
                }
            ]
        },
        {
            "subtitle": "FAQ",
            "content": []
        },
        {
            "subtitle": "Q: How can I provide more spacing in the print view?",
            "content": [
                {
                    "text": "A: You can add padding, margins, and widths to anything in the print view just by using this snippet."
                },
                {
                    "code": "\n/*\n * Customize the print view with margins, padding, and widths\n *\n * @link  https://wpforms.com/developers/how-to-customize-printing-an-entry/ \n */\n\nfunction wpf_customize_print_entry_styles() {\n  echo '<style>\n  #print.wpforms-preview-mode-compact .print-item-title{\n\twidth: 200px;\n    min-width: 400px;\n  }\n  #print.wpforms-preview-mode-compact .print-item-title, #print.wpforms-preview-mode-compact .print-item-value{\n       padding-top: 4px;\n       padding-bottom: 4px;\n  }\n  #print .print-body{\n       margin-right: 20px;\n       margin-left: 20px;\n  }\n  </style>';\n}\n\nadd_action('wpforms_pro_admin_entries_printpreview_print_html_head', 'wpf_customize_print_entry_styles', 10);\n"
                }
            ]
        }
    ],
    "section": "Developers",
    "category": "Tutorials"
}