{
    "product_name": "WPForms",
    "document_id": 482,
    "document_name": "wpforms_pro_admin_entries_export_configuration",
    "document_url": "https://wpforms.com/developers/wpforms_pro_admin_entries_export_configuration/",
    "author": null,
    "reviewer": null,
    "date": null,
    "version": "1.0",
    "title": "wpforms_pro_admin_entries_export_configuration",
    "content": [
        {
            "subtitle": "Description",
            "content": [
                {
                    "text": "The wpforms_pro_admin_entries_export_configuration filter will filter the delimiter used in CSV exports of form entries."
                }
            ]
        },
        {
            "subtitle": "Parameters",
            "content": [
                {
                    "text": "$configuration: (string) (Required)Delimiter used in CSV exports. Default is a comma(',')"
                }
            ]
        },
        {
            "subtitle": "Source",
            "content": [
                {
                    "text": "wpforms/src/Pro/Admin/Entries/Export/Export.php"
                }
            ]
        },
        {
            "subtitle": "More Information",
            "content": [
                {
                    "text": "The wpforms_pro_admin_entries_export_configuration filter is applied to entry data exported to a CSV file . It can be used to change the type of delimiter used in the CSV."
                },
                {
                    "url": "https://wpforms.com/docs/how-to-export-form-entries-to-csv-in-wpforms/"
                }
            ]
        },
        {
            "subtitle": "Examples",
            "content": [
                {
                    "code": "\n/**\n * Filters the delimiter used in CSV exports of form entries.\n * \n * @link   https://wpforms.com/developers/wpforms_pro_admin_entries_export_configuration/\n *\n * @param  string $configuration   Delimiter used in CSV exports. Default is comma.\n * @return string \n */\n\nfunction wpf_dev_pro_admin_entries_export_configuration( $configuration ) {\n\n    // Set the CSV export separator from a comma to a semicolon\n    $configuration[ 'csv_export_separator' ] = ';';\n\n    return $configuration;\n}\n\nadd_filter( 'wpforms_pro_admin_entries_export_configuration', 'wpf_dev_pro_admin_entries_export_configuration', 10, 1 );\n"
                },
                {
                    "text": "To add this snippet to your site, you can review this documentation ."
                },
                {
                    "url": "https://wpforms.com/developers/how-to-add-custom-php-or-javascript-for-wpforms/"
                },
                {
                    "text": "Avoid using text or spaces for this separator."
                }
            ]
        },
        {
            "subtitle": "Related",
            "content": [
                {
                    "text": "Article Reference: Change CSV Export Delimiter"
                },
                {
                    "url": "https://wpforms.com/developers/how-to-change-csv-export-delimiter/"
                }
            ]
        }
    ],
    "section": "Developers",
    "category": "Filters Hooks"
}