{
    "product_name": "WPForms",
    "document_id": 369,
    "document_name": "Exporting Custom Templates",
    "document_url": "https://wpforms.com/docs/exporting-custom-templates/",
    "author": "David Ozokoye",
    "reviewer": "Molly Tyler",
    "date": "Updated: May 21, 2024",
    "version": "1.0",
    "title": "Exporting Custom Templates",
    "content": [
        {
            "subtitle": "Creating a Form to Use as a Template",
            "content": [
                {
                    "text": "To begin, you'll need a form that will later be copied to create your template. You can use an existing form or create a new one ."
                },
                {
                    "url": "https://wpforms.com/docs/creating-first-form/"
                },
                {
                    "text": "When creating a new form, you can choose to either start with a blank form or use one of our existing templates and customize it."
                },
                {
                    "text": "On the Setup page, enter the name of your template in the Name Your Form field."
                },
                {
                    "image_link": "https://wpforms.com/wp-content/uploads/2018/08/name-custom-form-template.png"
                },
                {
                    "text": "This title will be visible in the template library once you add your custom template to it, so make sure it's something descriptive but not too long."
                }
            ]
        },
        {
            "subtitle": "Adding and Customizing Fields",
            "content": [
                {
                    "text": "You can add fields to your template form by clicking on them in the panel on the left of the form builder, or by dragging and dropping them into the preview area."
                },
                {
                    "image_link": "https://wpforms.com/wp-content/uploads/2018/08/adding-checkboxes-field.gif"
                },
                {
                    "text": "You can click on any field in the preview panel to open and customize its field options."
                },
                {
                    "image_link": "https://wpforms.com/wp-content/uploads/2018/08/customizing-field-options.png 1116w, https://wpforms.com/wp-content/uploads/2018/08/customizing-field-options-300x119.png 300w, https://wpforms.com/wp-content/uploads/2018/08/customizing-field-options-1024x407.png 1024w, https://wpforms.com/wp-content/uploads/2018/08/customizing-field-options-768x306.png 768w"
                },
                {
                    "text": "Note: Looking for more guidance on setting up your template's fields? You can learn more about all the available options in our tutorials on choosing the right form fields and customizing field options ."
                },
                {
                    "url": "https://wpforms.com/docs/how-to-choose-the-right-form-field-for-your-forms/"
                },
                {
                    "url": "https://wpforms.com/docs/how-to-customize-form-field-options/"
                },
                {
                    "text": "You may also want to consider adding conditional logic to your template form or creating a multi-column layout . All of your changes and customizations will be carried over into your template."
                },
                {
                    "url": "https://wpforms.com/docs/how-to-use-conditional-logic-with-wpforms/"
                },
                {
                    "url": "https://wpforms.com/docs/how-to-create-multi-column-form-layouts-in-wpforms/"
                }
            ]
        },
        {
            "subtitle": "Configuring Form Settings",
            "content": [
                {
                    "text": "You can also customize your template form's settings to configure default settings for future forms that will use this template. All changes to your settings will carry over when you export this form to use it as a template."
                }
            ]
        },
        {
            "subtitle": "General",
            "content": [
                {
                    "text": "In your form's General settings, you can edit your template's title and add a description."
                },
                {
                    "image_link": "https://wpforms.com/wp-content/uploads/2018/08/adding-custom-form-template-description.png"
                },
                {
                    "text": "Both of these will later be visible in the template library, so it's a good idea to customize them. Make sure your description includes any key details for people using your template, such as its intended purpose."
                },
                {
                    "text": "Here you can also edit the submit button text, toggle anti-spam protection on or off, and add custom CSS if you wish."
                },
                {
                    "url": "https://wpforms.com/developers/how-to-add-custom-css-styles-for-wpforms/"
                }
            ]
        },
        {
            "subtitle": "Notifications",
            "content": [
                {
                    "text": "In your template form's notifications settings, you can create one or more default notifications for your template."
                },
                {
                    "image_link": "https://wpforms.com/wp-content/uploads/2018/08/customizing-template-default-notification.png"
                },
                {
                    "text": "Note: Need help customizing your template's notifications? Check out our tutorial on setting up notification emails for more details."
                },
                {
                    "url": "https://wpforms.com/docs/setup-form-notification-wpforms/"
                }
            ]
        },
        {
            "subtitle": "Confirmations",
            "content": [
                {
                    "text": "You can change your template's default confirmation in your confirmations settings."
                },
                {
                    "image_link": "https://wpforms.com/wp-content/uploads/2018/08/customizing-template-default-confirmation.png"
                },
                {
                    "text": "Note: Want to learn more about creating form confirmations? See our guide to WPForms' confirmations settings ."
                },
                {
                    "url": "https://wpforms.com/docs/setup-form-confirmation-wpforms/"
                },
                {
                    "text": "When you're happy with your template, save your changes by clicking the Save button in the top right corner of the form builder."
                },
                {
                    "image_link": "https://wpforms.com/wp-content/uploads/2021/03/save-form.png"
                },
                {
                    "text": "Then click on the X icon to exit the form builder."
                }
            ]
        },
        {
            "subtitle": "Exporting Form Code to Create a Template",
            "content": [
                {
                    "text": "Now that you've set up your template form, you can export it to add it to the template library."
                },
                {
                    "text": "First, you'll need to get your template's code by going to WPForms \" Tools and clicking on the Export tab."
                },
                {
                    "image_link": "https://wpforms.com/wp-content/uploads/2018/08/WPForms-export-tools.png"
                },
                {
                    "text": "On this page, scroll down to the Form Template Export section, which provides a dropdown list of all of your forms. Select the form you created to use as your template and click the Export Template button."
                },
                {
                    "image_link": "https://wpforms.com/wp-content/uploads/2018/08/form-template-export.png"
                },
                {
                    "text": "The template code will then be generated and displayed on your screen."
                },
                {
                    "image_link": "https://wpforms.com/wp-content/uploads/2018/08/form-template-export-code.png"
                },
                {
                    "text": "Copying and pasting this code to your site files will display this template in the form template library on the Setup page of the form builder."
                }
            ]
        },
        {
            "subtitle": "Adding Template Code to Your Site",
            "content": [
                {
                    "text": "We'll discuss three methods for adding your exported template's code to your site. For all of these options, you'll first need to make sure you have access to your site files ."
                },
                {
                    "url": "http://www.wpbeginner.com/beginners-guide/beginners-guide-to-wordpress-file-and-directory-structure/"
                },
                {
                    "text": "All of the following options will work for adding the template to the same site you build it on, or to another site."
                }
            ]
        },
        {
            "subtitle": "Method 1: Copying and Pasting Template Code to functions.php",
            "content": [
                {
                    "text": "If you would like the easiest and fastest solution for adding your custom template to your site, this is the way to go."
                },
                {
                    "text": "Open your site's functions.php file by going to /wp-content/themes/YOUR-THEME/functions.php in your site's files."
                },
                {
                    "text": "Then you can copy and paste the template code directly into functions.php . Save the file when you're done."
                },
                {
                    "text": "Note : Keep in mind that any custom code in functions.php can potentially disappear if you update your theme. You can avoid this by creating a child theme or using a custom plugin as described below."
                },
                {
                    "url": "http://www.wpbeginner.com/wp-themes/how-to-create-a-wordpress-child-theme-video/"
                }
            ]
        },
        {
            "subtitle": "Method 2: Pasting Template Code into a New PHP File and Including It in functions.php",
            "content": [
                {
                    "text": "This method is very similar to the first one we covered, except that you will put the template code in its own file. This will help to protect it from accidental changes and keep your site's code more organized."
                },
                {
                    "text": "If you choose this option, you will first need to open your site's functions.php file in /wp-content/themes/YOUR-THEME/functions.php . Then paste in the following code:"
                },
                {
                    "text": "This tells your site to run the code in a file named wpforms-custom-templates.php . Next, you need to create that file. Be sure to create it in the /wp-content/themes/YOUR-THEME/ directory (the same folder as functions.php )."
                },
                {
                    "text": "Lastly, you'll need to paste the template code into the wpforms-custom-templates.php file and save it."
                },
                {
                    "text": "Note: When creating your wpforms-custom-templates.php file, you must add <?php at the top of the file above the template code generated by the export tool. This is required for the file to be valid and for this method to work."
                }
            ]
        },
        {
            "subtitle": "Method 3: Creating a Custom Plugin",
            "content": [
                {
                    "text": "This is the best option if you expect to change your WordPress theme in the future or want to use the same template(s) on multiple sites."
                },
                {
                    "text": "Creating a plugin might sound complex, but in this case, it actually only requires a few steps."
                },
                {
                    "text": "First, create a new file in your text or code editor and paste in the following:"
                },
                {
                    "text": "Replace // Template code here with the generated code from the export tool and save the file as wpforms-custom-templates.php ."
                },
                {
                    "text": "Then open your site files and navigate to /wp-content/plugins/ . You'll need to move the wpforms-custom-templates.php file you created to this folder to install your plugin on your site."
                },
                {
                    "text": "After moving the file, log into your WordPress admin area and open the Plugins page. There should be a plugin named WPForms Custom Templates. Click on Activate to activate your plugin."
                },
                {
                    "image_link": "https://wpforms.com/wp-content/uploads/2018/08/custom-template-plugin.png"
                }
            ]
        },
        {
            "subtitle": "Using Your New Custom Template",
            "content": [
                {
                    "text": "Once you've completed one of the three methods described above, your template should be ready to go!"
                },
                {
                    "text": "To check that everything is working, go to WPForms \" Add New . In the menu on the left side of the template library, click on Custom Templates ."
                },
                {
                    "image_link": "https://wpforms.com/wp-content/uploads/2024/04/custom-templates.png"
                },
                {
                    "text": "Here you should see your custom template, including the form title and description you added earlier."
                },
                {
                    "image_link": "https://wpforms.com/wp-content/uploads/2024/04/custom-templates-volunteer.png"
                },
                {
                    "text": "You can use it as you would any other form template."
                }
            ]
        },
        {
            "subtitle": "Deleting the Original Form Template (Optional)",
            "content": [
                {
                    "text": "Lastly, you can delete the form you created in the first step if you'd like. The template doesn't rely on the original form in any way, so you only have to keep it if it has associated entries that you need."
                },
                {
                    "text": "To delete the form, go to WPForms \" All Forms , hover over the form's row, and click Delete ."
                },
                {
                    "image_link": "https://wpforms.com/wp-content/uploads/2018/08/delete-original-template-form.png"
                }
            ]
        },
        {
            "subtitle": "Frequently Asked Questions",
            "content": [
                {
                    "text": "These are some of the most common questions we receive related to custom form templates."
                }
            ]
        },
        {
            "subtitle": "Can I create a custom template without using code?",
            "content": [
                {
                    "text": "Yes. If you don't feel confident updating your site files, you can use the built-in template generator in the form builder. For more details, be sure to check our guide on creating custom form templates ."
                },
                {
                    "url": "https://wpforms.com/docs/how-to-create-a-custom-form-template/"
                },
                {
                    "text": "Note: Think your template should be included in our template library? Feel free to send us your suggestion . We'd love to hear it!"
                },
                {
                    "url": "https://wpforms.com/form-template-suggestion/"
                },
                {
                    "text": "That's it! You can now save time by making your own custom form templates in WPForms."
                },
                {
                    "text": "Want to personalize your forms even more? Check out our guide on how to customize your WPForms validation messages ."
                },
                {
                    "url": "https://wpforms.com/docs/customize-wpforms-validation-messages/"
                }
            ]
        }
    ],
    "section": "Documentation",
    "category": "Form Templates"
}