{
    "product_name": "WPForms",
    "document_id": 525,
    "document_name": "wpforms_frontend_output",
    "document_url": "https://wpforms.com/developers/wpforms_frontend_output/",
    "author": null,
    "reviewer": null,
    "date": null,
    "version": "1.0",
    "title": "wpforms_frontend_output",
    "content": [
        {
            "subtitle": "Description",
            "content": [
                {
                    "text": "The wpforms_frontend_output fires before a form is displayed on the site's frontend and inside the HTML form container. It will only fire if the form exists and contains fields."
                }
            ]
        },
        {
            "subtitle": "Parameters",
            "content": [
                {
                    "text": "$form_data: (array)Processed form settings/data, prepared to be used later."
                },
                {
                    "text": "$form: (WP_Post)Form post type."
                }
            ]
        },
        {
            "subtitle": "Source",
            "content": [
                {
                    "text": "wpforms/src/Frontend/Frontend.php"
                }
            ]
        },
        {
            "subtitle": "More Information",
            "content": [
                {
                    "text": "While wpforms_frontend_output only fires for valid non-empty forms, it executes early on in the output rendering process. However, what you place with this action will be displayed inside the HTML form container."
                },
                {
                    "text": "An alternate action to consider is wpforms_frontend_output_before , as it functions similarly, except it will be outside of the HTML form container."
                },
                {
                    "url": "https://wpforms.com/developers/wpforms_frontend_output_before/"
                }
            ]
        },
        {
            "subtitle": "Examples",
            "content": [
                {
                    "text": "In our example, we have a form that will be taken down on Christmas day. We want to display a message above the form that will calculate today's date less Christmas day and give the user a count of how many days are left to submit the form."
                },
                {
                    "code": "\n/**\n * Output something before your form(s).\n * \n * @link  https://wpforms.com/developers/wpforms_frontend_output/\n *\n * @param array   $form_data Form data and settings.\n * @param object  $form      Form post type.\n */\n\nfunction wpf_dev_frontend_output( $form_data, $form ) {\n\n    // Optional, you can limit to specific forms. Below, we restrict output to\n    // form #898.\n    if ( absint( $form_data[ 'id' ] ) !== 898 ) {\n    return;\n    }\n\n\t// Set the PHP timezone\n\tdate_default_timezone_set( 'America/New_York' );\n\n\t// Set the variable to Christmas day\n\t$christmasDay = strtotime( 'December 25' );\n\n\t// Get the current date\n\t$time = time();\n\n\t// Calculate how many days from today's date to Christmas day\t\n\t$days = ceil(($christmasDay - $time)/60/60/24);\n\n\techo '<div class=\"countdown_wrapper\"> <p>' . __( 'This contest closes on <strong>12/25/2024</strong>, enter now! There are only <strong>', 'text-domain' ) . $days . __( '</strong> days left to enter!', 'text-domain' ) . '</p></div>';\n\t\n}\n\nadd_action( 'wpforms_frontend_output', 'wpf_dev_frontend_output', 10, 2 );\n\n"
                }
            ]
        },
        {
            "subtitle": "Reference Articles",
            "content": [
                {
                    "text": "How to Display Remaining Entry Limit Number"
                },
                {
                    "url": "https://wpforms.com/developers/how-to-display-remaining-entry-limit-number/"
                }
            ]
        }
    ],
    "section": "Developers",
    "category": "Actions Hooks"
}