{
    "product_name": "WPForms",
    "document_id": 451,
    "document_name": "Setting Up Akismet Anti-Spam Protection",
    "document_url": "https://wpforms.com/docs/setting-up-akismet-anti-spam-protection/",
    "author": "Umair Majeed",
    "reviewer": "David Ozokoye",
    "date": "Updated: Sep 24, 2024",
    "version": "1.0",
    "title": "Setting Up Akismet Anti-Spam Protection",
    "content": [
        {
            "subtitle": "1. Installing the Akismet Spam Protection Plugin",
            "content": [
                {
                    "text": "Some WordPress installations come with the Akismet Spam Protection plugin preinstalled. However, it isn't activated by default. If you already have the plugin installed, be sure to activate it."
                },
                {
                    "url": "https://wordpress.org/plugins/akismet/"
                },
                {
                    "text": "If you don't have the plugin installed on your WordPress site, you'll need to install and activate it."
                },
                {
                    "image_link": "https://wpforms.com/wp-content/uploads/2023/11/akismet-anti-spam-protection-plugin-1.png"
                },
                {
                    "text": "For extra help, be sure to check out WPBeginner's guide to installing WordPress plugins ."
                },
                {
                    "url": "https://www.wpbeginner.com/beginners-guide/step-by-step-guide-to-install-a-wordpress-plugin-for-beginners/"
                }
            ]
        },
        {
            "subtitle": "2. Setting Up an Akismet Account",
            "content": [
                {
                    "text": "Once you've installed and activated the plugin, you'll be redirected to the Akismet settings in Settings \" Akismet Anti-Spam ."
                },
                {
                    "image_link": "https://wpforms.com/wp-content/uploads/2023/11/akismet-setup.png"
                },
                {
                    "text": "From here, you'll need to set up an Akismet account to obtain an API key. If you already have an API key, feel free to skip this step. If you don't have an API key, click the Set up your Akismet account button to get one."
                },
                {
                    "image_link": "https://wpforms.com/wp-content/uploads/2023/11/set-up-akismet-account-button.png"
                },
                {
                    "text": "This will take you to the Akismet pricing page , where you can select your preferred account tier. This integration will work with the Personal account that Akismet offers for free. However, feel free to choose whichever plan fits your needs."
                },
                {
                    "url": "https://akismet.com/signup/"
                },
                {
                    "text": "For our example, we'll sign up for the free account by clicking the Get Personal button."
                },
                {
                    "image_link": "https://wpforms.com/wp-content/uploads/2023/11/akismet-click-get-personal-button.png"
                },
                {
                    "text": "After that, Akismet will redirect you to the signup page."
                },
                {
                    "image_link": "https://wpforms.com/wp-content/uploads/2022/08/akisment-signup-form.png"
                },
                {
                    "text": "Go ahead and enter your email address, name, and URL for the WordPress site you'll be using Akismet on."
                },
                {
                    "image_link": "https://wpforms.com/wp-content/uploads/2022/08/account-signup-details.png"
                },
                {
                    "text": "Then, be sure to check the boxes next to each qualification and click the continue with personal subscription button."
                },
                {
                    "image_link": "https://wpforms.com/wp-content/uploads/2022/08/click-continue-with-personal-subscription.png"
                },
                {
                    "text": "At this point, Akismet might send you an email containing a verification code. If this is the case, be sure to follow the steps in the email to complete the verification process."
                }
            ]
        },
        {
            "subtitle": "3. Adding Your Akismet API Key",
            "content": [
                {
                    "text": "After successfully creating an account, Akismet will send you an email containing your API key. Go ahead and copy your Akismet API key from the email."
                },
                {
                    "image_link": "https://wpforms.com/wp-content/uploads/2022/08/copy-api-key-from-email.png"
                },
                {
                    "text": "If you've lost your API key, you can use Akismet's API key recovery form to get a new one."
                },
                {
                    "url": "https://akismet.com/resend/"
                },
                {
                    "text": "Then, head back to your Akismet Spam Protection settings in the WordPress dashboard and click Manually enter an API key ."
                },
                {
                    "image_link": "https://wpforms.com/wp-content/uploads/2023/11/manually-enter-api-key.png"
                },
                {
                    "text": "On the next page, paste your API key into the field provided and click Connect with API key ."
                },
                {
                    "image_link": "https://wpforms.com/wp-content/uploads/2023/11/click-connect-with-api-key-button.png"
                },
                {
                    "text": "A success message will appear at the top of the next screen, along with additional Akismet settings. Although it's not required, feel free to customize your settings as you see fit."
                },
                {
                    "image_link": "https://wpforms.com/wp-content/uploads/2022/08/additional-akismet-settings.png"
                }
            ]
        },
        {
            "subtitle": "4. Enabling Akismet in WPForms",
            "content": [
                {
                    "text": "Now that you've set up the Akismet Spam Protection plugin, it's time to add Akismet anti-spam protection to your form."
                },
                {
                    "text": "To start, you'll need to create a new form or edit an existing one to access the form builder."
                },
                {
                    "url": "https://wpforms.com/docs/creating-first-form/"
                },
                {
                    "text": "Once you've opened the form builder, navigate to Settings \" Spam Protection and Security ."
                },
                {
                    "image_link": "https://wpforms.com/wp-content/uploads/2022/10/spam-protection-settings.png"
                },
                {
                    "text": "You'll need to toggle on the Enable Akismet anti-spam protection option on the right side panel."
                },
                {
                    "image_link": "https://wpforms.com/wp-content/uploads/2023/08/enable-akismet-anti-spam-protection.png"
                },
                {
                    "text": "WPForms lets you choose whether to block spam entries completely or store them in your database."
                },
                {
                    "text": "If you toggle the Store spam entries in the database option to the on position, Akismet will save these spam submissions for your review rather than blocking them. This option does not prevent the submission of spam, but instead collects spam entries for your reference."
                },
                {
                    "image_link": "https://wpforms.com/wp-content/uploads/2023/09/enable-storing-spam-entries.png"
                },
                {
                    "text": "If you decide not to store spam entries by toggling the Store spam entries in the database option to the off position, Akismet will actively block these submissions, preventing them from entering your database."
                },
                {
                    "image_link": "https://wpforms.com/wp-content/uploads/2023/08/store-spam-entries-in-database.png"
                },
                {
                    "text": "The Enable minimum time to submit option helps prevent bot submissions by setting a minimum time before submissions are allowed on the form. See our spam prevention guide for more details."
                },
                {
                    "url": "https://wpforms.com/docs/how-to-prevent-spam-in-wpforms/#minimum-time"
                },
                {
                    "text": "Finally, be sure to click the Save button to apply the changes."
                },
                {
                    "image_link": "https://wpforms.com/wp-content/uploads/2022/08/click-to-save-form.png"
                },
                {
                    "text": "With Akismet anti-spam protection enabled, your form entries will not be saved if Akismet detects them as spam."
                },
                {
                    "url": "https://wpforms.com/docs/complete-guide-to-form-entries/"
                },
                {
                    "text": "If you'd like to add Akismet anti-spam protection to other forms, you'll need to repeat the same process for each form."
                }
            ]
        },
        {
            "subtitle": "5. Testing a Form With Akismet Enabled",
            "content": [
                {
                    "text": "Now that you've successfully added Akismet anti-spam protection to your form, it's time to confirm that it's working correctly."
                },
                {
                    "text": "To do this, first, you'll need to preview your form on the frontend of your site."
                },
                {
                    "url": "https://wpforms.com/docs/how-to-properly-test-your-wordpress-forms-before-launching-checklist/#preview"
                },
                {
                    "image_link": "https://wpforms.com/wp-content/uploads/2022/09/akismet-form-preview.png"
                },
                {
                    "text": "Ready to start building anti-spam forms in WordPress? Explore our ready-to-use and customizable Anti-Spam GDPR Contact Form template."
                },
                {
                    "url": "https://wpforms.com/templates/anti-spam-gdpr-contact-form-template/"
                },
                {
                    "text": "Then, go ahead and add one of Akismet's spam triggers to a corresponding field in your form. Here are the spam triggers that Akismet has available for testing:"
                },
                {
                    "url": "https://docs.akismet.com/getting-started/confirm/"
                },
                {
                    "text": "Name: spam-test-123"
                },
                {
                    "text": "Email: [email protected]"
                },
                {
                    "text": "Comment Body: akismet-guaranteed-spam"
                },
                {
                    "url": "/cdn-cgi/l/email-protection"
                },
                {
                    "text": "As an example, we'll add all three spam triggers and click the Submit button to test our form."
                },
                {
                    "image_link": "https://wpforms.com/wp-content/uploads/2022/08/add-akismet-spam-triggers.png"
                },
                {
                    "text": "If Akismet is working correctly, it will detect the spam triggers and prevent your form from submitting. You'll also see a notice at the top of the form that reads \"Anti-spam verification failed, please try again later.\""
                },
                {
                    "image_link": "https://wpforms.com/wp-content/uploads/2022/08/anti-spam-failure-notice-2.png"
                }
            ]
        },
        {
            "subtitle": "6. Viewing Spam Entries",
            "content": [
                {
                    "text": "Enabling spam entry storage allows you to review spam submissions from your Entries page. There is also an option to recover entries that may have been mistakenly flagged as spam by Akismet."
                },
                {
                    "image_link": "https://wpforms.com/wp-content/uploads/2023/08/spam-detected-by-akismet.png"
                },
                {
                    "text": "For a detailed guide, please see our tutorial on viewing and managing spam entries ."
                },
                {
                    "url": "https://wpforms.com/docs/viewing-and-managing-spam-entries/"
                },
                {
                    "text": "That's it! Now you know how to set up Akismet anti-spam protection in WPForms."
                },
                {
                    "text": "Next, would you like to learn about more ways to prevent spam? Be sure to check out our guide to preventing spam in WPForms for more helpful tips."
                },
                {
                    "url": "https://wpforms.com/docs/how-to-prevent-spam-in-wpforms/"
                }
            ]
        }
    ],
    "section": "Documentation",
    "category": "Spam Prevention and Security"
}