{
    "product_name": "WPForms",
    "document_id": 305,
    "document_name": "wpforms_process_validate_richtext",
    "document_url": "https://wpforms.com/developers/wpforms_process_validate_richtext/",
    "author": null,
    "reviewer": null,
    "date": null,
    "version": "1.0",
    "title": "wpforms_process_validate_richtext",
    "content": [
        {
            "subtitle": "Description",
            "content": [
                {
                    "text": "The wpforms_process_validate_richtext action fires validation on the Rich Text form field when the form is submitted."
                }
            ]
        },
        {
            "subtitle": "Parameters",
            "content": [
                {
                    "text": "$field_id: (int)Field ID."
                },
                {
                    "text": "$field_submit: (array)Original raw/unsanitized field value submitted for the field."
                },
                {
                    "text": "$form_data: (array)Processed form settings/data, prepared to be used later."
                }
            ]
        },
        {
            "subtitle": "Source",
            "content": [
                {
                    "text": "wpforms/includes/fields/class-base.php"
                }
            ]
        },
        {
            "subtitle": "More Information",
            "content": [
                {
                    "text": "The action is applied to an array for Rich Text form field. This function can be used for all form fields do_action( wpforms_process_validate_{$field_type}, $field_id, $field_submit, $form_data ) ."
                },
                {
                    "text": "For example, to use this for an Email field, you would use do_action( wpforms_process_validate_email, $field_id, $field_submit, $form_data ) ."
                },
                {
                    "text": "It's important to note that field values are not sanitized until later on in the processing, at wpforms_process_format_{$field_type} .the"
                }
            ]
        },
        {
            "subtitle": "Examples",
            "content": [
                {
                    "text": "You can use this action to scan the Rich Text for a list of words that you'd like block the form from sending, such as profanity or you could use this action to look for certain words that would trigger another action like setting a value in a hidden field on your form that you can filter from entries."
                },
                {
                    "text": "This example, we're going to search for any profanity in this field. If there is any profanity, the form will display an error and not send."
                },
                {
                    "code": "\n/*\n * Check the paragraph text field for profanity.\n *\n * @link https://wpforms.com/developers/wpforms_process_validate_richtext/\n *\n * @param int     $field_id        Field ID.\n * @param array   $field_submit    Unsanitized field value submitted for the field.\n * @param array   $form_data       Form data and settings.\n*/\n\n    // Optional, you can limit to specific forms. Below, we restrict output to form #3382.\n    if ( absint( $form_data[ 'id' ] ) !== 3382 ) {\n        return $field_id;\n    }\n\nfunction wpf_dev_profanity_filter_rich_text( $field_id, $field_submit, $form_data ) {\n    //Create your list of profanity words separated by commas\n    $blocked_words = array( \n        'badword1', \n        'badword2'\n    );\n \n    foreach( $blocked_words as $word ) {\n        if(strpos($field_submit, $word) !== FALSE ) {\n            wpforms()->process->errors[ $form_data[ 'id' ] ][ $field_id ] = esc_html__( 'No profanity allowed.', 'wpforms' );\n            return;\n        }\n    }\n \n}\n \nadd_action( 'wpforms_process_validate_richtext', 'wpf_dev_profanity_filter_rich_text', 10, 3 );\n"
                }
            ]
        },
        {
            "subtitle": "Reference Articles",
            "content": [
                {
                    "text": "How to Block Form Submissions Containing Profanity"
                },
                {
                    "text": "How to Block Domains From Your Text Fields"
                },
                {
                    "text": "How to Limit Characters For the Rich Text Field"
                },
                {
                    "url": "https://wpforms.com/developers/how-to-block-form-submissions-containing-profanity/"
                },
                {
                    "url": "https://wpforms.com/developers/how-to-block-domains-from-your-text-fields/"
                },
                {
                    "url": "https://wpforms.com/developers/how-to-limit-characters-for-the-rich-text-field/"
                }
            ]
        }
    ],
    "section": "Developers",
    "category": "Actions Hooks"
}