{
    "product_name": "WPForms",
    "document_id": 645,
    "document_name": "wpforms_process_before",
    "document_url": "https://wpforms.com/developers/wpforms_process_before/",
    "author": null,
    "reviewer": null,
    "date": null,
    "version": "1.0",
    "title": "wpforms_process_before",
    "content": [
        {
            "subtitle": "Description",
            "content": [
                {
                    "text": "The wpforms_process_before action that fires after a form's submit button is clicked, but before form data is validated or cleaned."
                }
            ]
        },
        {
            "subtitle": "Parameters",
            "content": [
                {
                    "text": "$entry: (array)Unvalidated entry data."
                },
                {
                    "text": "$form_data: (array)Processed form settings/data, prepared to be used later."
                }
            ]
        },
        {
            "subtitle": "Source",
            "content": [
                {
                    "text": "wpforms/includes/class-process.php"
                }
            ]
        },
        {
            "subtitle": "More Information",
            "content": [
                {
                    "text": "The action fires almost immediately after the form's submit button is clicked, before validation takes place for the entry. Since entry data has not been validated or cleaned at this point in pre-processing, this hook should be used with caution ."
                },
                {
                    "text": "The snippets below show more details about the parameters included in this hook (which each include an additional filter option)."
                },
                {
                    "code": "\n$entry = apply_filters( 'wpforms_process_before_filter', $entry, $form_data );\n\n$form_data = apply_filters( 'wpforms_process_before_form_data', wpforms_decode( $form->post_content ), $entry );\n"
                },
                {
                    "text": "Perhaps you want to store all the form entries in a CRM and tag them as 'failed' until they fully process. Then using one of the later hooks, you could remove that 'failed' tag and update it with 'completed'."
                },
                {
                    "text": "Just remember this hook is used prior to the data being validated so use this hook with caution."
                }
            ]
        },
        {
            "subtitle": "Examples",
            "content": [
                {
                    "text": "Just remember to change the form ID from 5 to match the specific form ID you're wanting to run your code on. Or remove it all together if you want to run this on all of your WPForms."
                },
                {
                    "code": "\n/**\n * This action fires almost immediately after the form\u2019s submit button is clicked, before validation takes place for the entry.\n *\n * @link  https://wpforms.com/developers/wpforms_process_before/\n *\n * @param array  $entry     Unvalidated entry data.\n * @param array  $form_data Form data and settings.\n */\n\nfunction wpf_dev_process_before( $entry, $form_data ) {\n\n\t// Only run on my form with ID = 5\n\tif ( absint( $form_data[ 'id' ] ) !== 5 ) {\n        return;\n    } \n\n\t// place your custom code here\n}\nadd_action( 'wpforms_process_before', 'wpf_dev_process_before', 10, 2 );\n"
                }
            ]
        }
    ],
    "section": "Developers",
    "category": "Actions Hooks"
}