{
    "product_name": "WPForms",
    "document_id": 518,
    "document_name": "Allowing Visitors to Choose a Payment Method",
    "document_url": "https://wpforms.com/docs/how-to-allow-users-to-choose-a-payment-method-on-your-form/",
    "author": "David Ozokoye",
    "reviewer": "Molly Tyler",
    "date": "Updated: Sep 23, 2024",
    "version": "1.0",
    "title": "Allowing Visitors to Choose a Payment Method",
    "content": [
        {
            "subtitle": "Adding a Payment Method Selection Field to Your Form",
            "content": [
                {
                    "text": "For this tutorial, we'll use conditional logic to show or hide certain fields and process payments through a certain provider, depending on users' selections in your form."
                },
                {
                    "url": "https://wpforms.com/docs/how-to-use-conditional-logic-with-wpforms/"
                },
                {
                    "text": "Note: We recommend using the PayPal Commerce addon if you have a Business PayPal account. This addon allows you to accept both PayPal and credit card payments without using conditional logic. See our FAQ for more details."
                },
                {
                    "url": "https://wpforms.com/docs/paypal-commerce-addon/"
                },
                {
                    "url": "#paypal-commerce"
                },
                {
                    "text": "Once all your addons are installed and activated, you'll need to either create a new form or edit an existing one."
                },
                {
                    "url": "https://wpforms.com/docs/creating-first-form/"
                },
                {
                    "text": "If you haven't already, go ahead and add a Multiple Choice field to your form, as well as one of the following payment fields:"
                },
                {
                    "text": "Stripe Credit Card"
                },
                {
                    "text": "Square"
                },
                {
                    "text": "Authorize.Net"
                },
                {
                    "text": "You can click on a field in the left panel of the builder or drag and drop it into the preview area to add it to your form."
                },
                {
                    "text": "Next, you'll need to add options to your Multiple Choice field for each available payment method in your form."
                },
                {
                    "image_link": "https://wpforms.com/wp-content/uploads/2021/03/edit-multiple-choice-options.png"
                },
                {
                    "text": "Note: For more details on how to add items to your Multiple Choice field, as well as other options available for this field type, see our tutorial on customizing the Multiple Choice field ."
                },
                {
                    "url": "https://wpforms.com/docs/how-to-customize-the-multiple-choice-field-in-wpforms/"
                },
                {
                    "text": "For our example, we'll change the Multiple Choice field label to Payment Method and label the choices to PayPal and Credit Card ."
                },
                {
                    "image_link": "https://wpforms.com/wp-content/uploads/2021/03/multiple-choice-payment-method-example.png"
                },
                {
                    "text": "We recommend you use similar labels, but you can customize this text to suit your form."
                },
                {
                    "text": "To be sure that users select a payment method before they submit your form, toggle on the Required setting in the field options for your Multiple Choice field."
                },
                {
                    "image_link": "https://wpforms.com/wp-content/uploads/2021/03/require-payment-method-field.png"
                },
                {
                    "text": "To see this in action, check out our PayPal or Credit Card Payment Form Template , which showcases how to offer multiple payment options in a single form."
                },
                {
                    "url": "https://wpforms.com/templates/paypal-or-credit-card-payment-form-template/"
                }
            ]
        },
        {
            "subtitle": "Enabling Conditional Logic for the Credit Card Field",
            "content": [
                {
                    "text": "Next, you'll need to apply conditional logic to your form's payment field to hide it unless a user selects it as their payment method."
                },
                {
                    "url": "https://wpforms.com/docs/how-to-use-conditional-logic-with-wpforms/"
                },
                {
                    "text": "In our example, we're using the Stripe Credit Card field. However, the steps are essentially the same if you choose to use the Square or Authorize.Net field instead."
                },
                {
                    "text": "Note: If you're using Stripe with WPForms Lite , you won't have access to conditional logic in your Stripe Credit Card field options."
                },
                {
                    "url": "https://wpforms.com/docs/using-stripe-with-wpforms-lite/"
                },
                {
                    "text": "To enable conditional logic for your credit card field, open its field options by clicking on it in the preview area. Then click on the Smart Logic tab."
                },
                {
                    "image_link": "https://wpforms.com/wp-content/uploads/2021/03/payment-method-field-options-smart-logic.png"
                },
                {
                    "text": "From here, toggle on the Enable Conditional Logic option."
                },
                {
                    "image_link": "https://wpforms.com/wp-content/uploads/2021/03/stripe-enable-conditional-logic.png"
                },
                {
                    "text": "Then, create a rule to show the credit card field if a user selects the corresponding option from your Multiple Choice field."
                },
                {
                    "text": "Our example rule reads, Show this field if Payment Method is Credit Card ."
                },
                {
                    "image_link": "https://wpforms.com/wp-content/uploads/2021/03/stripe-conditional-logic-rule-example.png"
                },
                {
                    "text": "Note: Need help setting up your conditional logic rule? Our beginner's tutorial on using conditional logic in WPForms has all the details."
                },
                {
                    "url": "https://wpforms.com/docs/how-to-use-conditional-logic-with-wpforms/"
                }
            ]
        },
        {
            "subtitle": "Configuring Payment Settings for Your Form",
            "content": [
                {
                    "text": "Finally, you will need to configure the settings for the payment methods you offer in your form. Notably, you'll need to use conditional logic to process users' payments through their chosen method."
                },
                {
                    "text": "We've covered the options for all the available methods below."
                }
            ]
        },
        {
            "subtitle": "PayPal Standard Settings",
            "content": [
                {
                    "text": "In order to configure your PayPal Standard settings, navigate to Payments \" PayPal Standard in the form builder. Then, toggle on the Enable PayPal Standard payments option in the right panel."
                },
                {
                    "image_link": "https://wpforms.com/wp-content/uploads/2022/08/enable-paypal-standard-payments-1.png"
                },
                {
                    "text": "There are a handful of options you need to configure next, including adding your PayPal email, putting your account in production mode, and determining whether users must provide a shipping address."
                },
                {
                    "image_link": "https://wpforms.com/wp-content/uploads/2022/08/paypal-standard-settings.png"
                },
                {
                    "text": "Note: For the complete steps to set up PayPal Standard, check out our full PayPal Standard addon tutorial ."
                },
                {
                    "url": "https://wpforms.com/docs/install-use-paypal-addon-wpforms/"
                },
                {
                    "text": "Then scroll down to the Enable Conditional Logic option and toggle it on to reveal more settings."
                },
                {
                    "image_link": "https://wpforms.com/wp-content/uploads/2021/03/paypal-enable-conditional-logic.png"
                },
                {
                    "text": "Set the conditional logic rule to read Process this charge if Payment Method is PayPal ."
                },
                {
                    "image_link": "https://wpforms.com/wp-content/uploads/2021/03/paypal-payment-method-conditional-logic-rule-example.png"
                }
            ]
        },
        {
            "subtitle": "Stripe Settings",
            "content": [
                {
                    "text": "To configure your Stripe settings, first navigate to the Payments tab in the form builder and click on Stripe . Then, toggle the Enable Stripe payments option to the on position."
                },
                {
                    "image_link": "https://wpforms.com/wp-content/uploads/2022/08/enable-stripe-payments-1.png"
                },
                {
                    "text": "Add a payment description and map your form's email field to the Stripe Payment Receipt option if you wish. Then scroll down and toggle on the Enable Conditional Logic setting."
                },
                {
                    "image_link": "https://wpforms.com/wp-content/uploads/2021/03/stripe-payment-settings.png"
                },
                {
                    "text": "Note: For complete setup instructions for Stripe, be sure to check out our Stripe Pro addon tutorial ."
                },
                {
                    "url": "https://wpforms.com/docs/how-to-install-and-use-the-stripe-addon-with-wpforms/"
                },
                {
                    "text": "Configure the rule to read Process this charge if Payment Method is Credit Card ."
                },
                {
                    "image_link": "https://wpforms.com/wp-content/uploads/2021/03/payment-method-credit-card-conditional-logic-rule-example.png"
                }
            ]
        },
        {
            "subtitle": "Square Settings",
            "content": [
                {
                    "text": "To configure your Square settings, go to Payments \" Square in the form builder and toggle on the Enable Square payments option."
                },
                {
                    "image_link": "https://wpforms.com/wp-content/uploads/2022/08/enable-square-payments-1.png"
                },
                {
                    "text": "This will reveal several settings. Enter a payment description, map any fields you'd like to collect information from, then toggle on the Enable Conditional Logic option."
                },
                {
                    "image_link": "https://wpforms.com/wp-content/uploads/2021/03/square-payment-settings.png"
                },
                {
                    "text": "Note: For more details on how to set up Square payments for a form, see our complete guide to the Square addon ."
                },
                {
                    "url": "https://wpforms.com/docs/how-to-install-and-use-the-square-addon-with-wpforms/"
                },
                {
                    "text": "Using the dropdowns that appear, set your rule to read, Process this charge if Payment Method is Credit Card ."
                },
                {
                    "image_link": "https://wpforms.com/wp-content/uploads/2021/03/payment-method-credit-card-conditional-logic-rule-example-1.png"
                }
            ]
        },
        {
            "subtitle": "Authorize.Net Settings",
            "content": [
                {
                    "text": "To configure your Authorize.Net settings, go to the Payments tab in the form builder and click Authorize.Net . From here, select the Enable Authorize.Net payments option."
                },
                {
                    "image_link": "https://wpforms.com/wp-content/uploads/2022/08/enable-authorize-dot-net.png"
                },
                {
                    "text": "Next, add a payment description and map any relevant fields from your form to your Authorize.Net account. Then toggle on the Enable Conditional Logic option at the bottom of the settings."
                },
                {
                    "image_link": "https://wpforms.com/wp-content/uploads/2021/03/authorize-net-payment-settings.png"
                },
                {
                    "text": "Note: For complete details on how to set up the Authorize.Net addon, be sure to check out our Authorize.Net tutorial ."
                },
                {
                    "url": "https://wpforms.com/docs/how-to-install-and-use-the-authorize-net-addon-with-wpforms/"
                },
                {
                    "text": "Then, you can configure your conditional logic rule to read Process this charge if Payment Method is Credit Card ."
                },
                {
                    "image_link": "https://wpforms.com/wp-content/uploads/2021/03/payment-method-credit-card-conditional-logic-rule-example-2.png"
                }
            ]
        },
        {
            "subtitle": "Frequently Asked Questions",
            "content": [
                {
                    "text": "These are answers to some top questions about allowing users to choose a payment method."
                }
            ]
        },
        {
            "subtitle": "Do I need to use conditional logic if I have the PayPal Commerce addon?",
            "content": [
                {
                    "text": "The PayPal Commerce addon supports credit card and PayPal checkout options by default. After configuring the addon, you won't need to use conditional logic to enable this functionality on your form. However, you'll need to have a PayPal Business account to configure the addon."
                },
                {
                    "text": "To confirm that both payment method is enabled, click the PayPal Commerce field to open its Field Options. Then look under the Supported Payment Methods section and ensure PayPal Checkout and Credit Card are enabled for your form."
                },
                {
                    "image_link": "https://wpforms.com/wp-content/uploads/2023/06/supported-payment-method.png"
                },
                {
                    "text": "To learn more about using PayPal Commerce, see our guide on how to set up and use the PayPal Commerce addon ."
                },
                {
                    "url": "https://wpforms.com/docs/paypal-commerce-addon/"
                },
                {
                    "text": "That's it! Now you can enable your users to choose between paying with PayPal or one of our supported credit card payment methods when filling out your forms."
                },
                {
                    "text": "Next, would you like to ensure that your form and all payments are working as expected before you publish it? Check out our tutorial on how to properly test your forms for more details."
                },
                {
                    "url": "https://wpforms.com/docs/how-to-properly-test-your-wordpress-forms-before-launching-checklist/"
                }
            ]
        }
    ],
    "section": "Documentation",
    "category": "Payment Forms"
}