{
    "product_name": "WPForms",
    "document_id": 494,
    "document_name": "How to Retain the Original File Name for File Uploads",
    "document_url": "https://wpforms.com/developers/how-to-retain-the-original-file-name-for-file-uploads/",
    "author": "Editorial Team",
    "reviewer": "Molly Tyler",
    "date": "Updated: Nov 17, 2023, 12:02 PM",
    "version": "1.0",
    "title": "How to Retain the Original File Name for File Uploads",
    "content": [
        {
            "subtitle": "Introduction",
            "content": [
                {
                    "text": "Would you like to retain the original file name on files inside the email notifications when you've enabled the option Enable File Upload Attachments from the Advanced options on the Notifications tab? By default, WPForms will add a string of letters and numbers to the original file name for security purposes and in case of duplicate file names. However, if you'd like to remove this layer of security, you can easily achieve this with a PHP filter. In this tutorial, we'll show you exactly how to achieve this!"
                },
                {
                    "text": "This snippet can only be used on WordPress version 6.2."
                }
            ]
        },
        {
            "subtitle": "Creating the form",
            "content": [
                {
                    "text": "We'll begin by creating a new form. For the purpose of this documentation, we're doing a simple sign-up sheet for a recreation baseball team to order their own team shirts. We'll have some basic information but will also add a File Upload field to allow teams to upload their own design."
                },
                {
                    "image_link": "https://wpforms.com/wp-content/uploads/2023/04/wpforms-orignal-file-name-create-form.jpg"
                },
                {
                    "text": "If you need any help in creating your form, please check out this helpful guide ."
                },
                {
                    "url": "https://wpforms.com/docs/creating-first-form/"
                }
            ]
        },
        {
            "subtitle": "Enabling the option to include the file attachment",
            "content": [
                {
                    "text": "Once the form fields are added, click on the Settings tab inside the form builder. Next head to the Notifications tab and scroll down to open the Advanced options."
                },
                {
                    "text": "Click to toggle on the button for the Enable File Upload Attachments and select the fields you want to include the attachments for. In this tutorial, we only have one File Upload field, so we'll just need to add that field to this section."
                },
                {
                    "image_link": "https://wpforms.com/wp-content/uploads/2023/04/wpforms-enable-file-uploads.jpg"
                }
            ]
        },
        {
            "subtitle": "Adding the snippet",
            "content": [
                {
                    "text": "Next, we're going to add the snippet to our site. If you need any assistance with how to add snippets to your own site, check out this tutorial for further information ."
                },
                {
                    "url": "https://wpforms.com/developers/how-to-add-custom-php-or-javascript-for-wpforms/"
                },
                {
                    "text": "Please note by adding this snippet, it will be the same for all forms and file uploads."
                },
                {
                    "code": "\n/**\n * Retain original file name on file uploads\n *\n * @link https://wpforms.com/developers/how-to-retain-the-original-file-name-for-file-uploads/\n */\n  \nfunction wpf_emails_send_email_data( $email, $email_obj ) {\n\n\tif ( empty( $email[ 'attachments' ] ) ) {\n\t\treturn $email;\n\t}\n\n\tif ( ! isset( $email_obj->form_data, $email_obj->notification_id, $email_obj->fields ) ) {\n\t\treturn $email;\n\t}\n\n\t$form_data       = $email_obj->form_data;\n\t$notification_id = $email_obj->notification_id;\n\t$entry_fields    = $email_obj->fields;\n\n\tif (\n\t\tempty( $entry_fields ) ||\n\t\tempty( $form_data[ 'settings' ][ 'notifications' ][ $notification_id ][ 'file_upload_attachment_enable' ] ) ||\n\t\tempty( $form_data[ 'settings' ][ 'notifications' ][ $notification_id ][ 'file_upload_attachment_fields' ] )\n\t) {\n\t\treturn $email;\n\t}\n\n\t$attachment_fields       = $form_data[ 'settings' ][ 'notifications' ][ $notification_id ]['file_upload_attachment_fields'];\n\t$entry_attachment_fields = [];\n\n\tforeach ( $attachment_fields as $field_id ) {\n\t\tif ( ! empty( $entry_fields[ $field_id ] ) ) {\n\t\t\t$entry_field = $entry_fields[ $field_id ];\n\n\t\t\tif ( ! empty( $entry_field[ 'style' ] ) && $entry_field[ 'style' ] === 'modern' ) {\n\t\t\t\tforeach ( $entry_field[ 'value_raw' ] as $file ) {\n\t\t\t\t\t$entry_attachment_fields[ $file[ 'file' ] ] = $file;\n\t\t\t\t}\n\t\t\t} else {\n\t\t\t\t$entry_attachment_fields[ $entry_field['file'] ] = $entry_field;\n\t\t\t}\n\t\t}\n\t}\n\n\t$attachments = [];\n\n\tforeach ( $email[ 'attachments' ] as $attachment ) {\n\t\t$file_name = basename( $attachment );\n\n\t\tif ( empty( $entry_attachment_fields[ $file_name ][ 'file_user_name' ] ) ) {\n\t\t\t$attachments[] = $attachment;\n\n\t\t\tcontinue;\n\t\t}\n\n\t\t$attachments[ $entry_attachment_fields[ $file_name ][ 'file_user_name' ] ] = $attachment;\n\t}\n\n\t$email[ 'attachments' ] = $attachments;\n\n\treturn $email;\n}\n\nadd_filter( 'wpforms_emails_send_email_data', 'wpf_emails_send_email_data', 30, 2 );\n"
                },
                {
                    "text": "This snippet will look for any attachments to the email and instead of adding the hashed string, it will retain the original file name that was uploaded."
                },
                {
                    "text": "Now instead of our email attachment file having a file name like theres-no-base-like-home-svg-8abdd7ea434445587fb0e1b560b137b1.png , the name after the snippet was added will be theres-no-base-like-home-svg.png ."
                },
                {
                    "image_link": "https://wpforms.com/wp-content/uploads/2023/04/wpforms-retain-file-name.jpg"
                },
                {
                    "text": "The file name is hashed to prevent manually figuring out the correct URLs to download those files from the server as well as protect the files from duplicate file names. Using this snippet will negate these security measures WPForms puts in place."
                },
                {
                    "text": "And that's it! You've successfully used a PHP filter to retain the original file name for file attachments on your email notifications. Would you also like to alter the time your visitors have for uploading larger files? Take a look at our article on How to Change the Timeout on the Modern File Upload ."
                },
                {
                    "url": "https://wpforms.com/developers/how-to-change-the-timeout-on-the-modern-file-upload/"
                }
            ]
        }
    ],
    "section": "Developers",
    "category": "Tutorials"
}