{
    "product_name": "WPForms",
    "document_id": 498,
    "document_name": "How to Provide an Age Restriction on the Date Picker Form Field",
    "document_url": "https://wpforms.com/developers/how-to-provide-an-age-restriction-on-the-datepicker-form-field/",
    "author": "Editorial Team",
    "reviewer": "Molly Tyler",
    "date": "Updated: Jun 13, 2024, 13:59 PM",
    "version": "1.0",
    "title": "How to Provide an Age Restriction on the Date Picker Form Field",
    "content": [
        {
            "subtitle": "Setting up your form",
            "content": [
                {
                    "text": "In the first step, just create a new form and add a Date / Time form field to your form."
                },
                {
                    "image_link": "https://wpforms.com/wp-content/uploads/2020/10/wpforms-add-date-field.jpg"
                },
                {
                    "text": "Once you've saved your form, you can move on to the next step."
                }
            ]
        },
        {
            "subtitle": "Providing the age restriction",
            "content": [
                {
                    "text": "If you would just like to stop the form from submitting and provide a message under the form field, you can simply add this code snippet to your site instead."
                },
                {
                    "code": "\n/**\n * Display an error message on submission of the form if the date doesn't fall within the guidelines.\n *\n * @link  https://wpforms.com/developers/how-to-provide-an-age-restriction-on-the-datepicker-form-field/ *\n */\n\nfunction wpf_dev_process( $fields, $entry, $form_data ) {\n \n    // Optional, you can limit to specific forms. Below, we restrict output to\n    // form #6.\n    if ( absint( $form_data[ 'id' ] ) !== 6 ) {\n        return $fields;\n    }\n     \n    if ( isset( $fields[3][ 'value' ] ) && !empty( $fields[3][ 'value' ] ) ) {\n        $timestamp = strtotime( $fields[3][ 'value' ] );\n        if ($timestamp === false) {\n            // Invalid date format\n            wpforms()->process->errors[ $form_data[ 'id' ] ][ '3' ] = esc_html__( 'Invalid date format', 'plugin-domain' );\n        } else {\n            $birth_year = date('Y', $timestamp);\n            $current_year = date('Y');\n            $age = $current_year - $birth_year;\n            \n            if ($age < 12 || $age > 18) {\n                // Show an error message at the top of the form and under the specific field\n                wpforms()->process->errors[ $form_data[ 'id' ] ][ '3' ] = esc_html__( 'Minimum age requirement is 12 and maximum age requirement is 18', 'plugin-domain' );\n            }\n        }\n    } else {\n        // Date field is empty\n        wpforms()->process->errors[ $form_data[ 'id' ] ][ '3' ] = esc_html__( 'Date field is required', 'plugin-domain' );\n    }\n    \n    return $fields;\n}\nadd_action( 'wpforms_process', 'wpf_dev_process', 10, 3 );\n\n"
                },
                {
                    "text": "Please make sure to adjust the form ID ( 6 ) and field ID ( 3 ) to match your own IDs. If you're not sure where to find these IDs, please take a look at this helpful guide ."
                },
                {
                    "url": "https://wpforms.com/developers/how-to-locate-form-id-and-field-id/"
                },
                {
                    "text": "With this code snippet, if the dates fail the age restriction, a message will display under the field when the Submit button is clicked."
                },
                {
                    "image_link": "https://wpforms.com/wp-content/uploads/2020/10/wpforms-error-message-age-restriction.jpg"
                },
                {
                    "text": "And that's it! You've successfully implemented the age restriction on your form for your date picker field. Would you like to also customize the date picker field in other ways? Check out our tutorial on How to Customize the Date Time Field Date Options ."
                },
                {
                    "url": "https://wpforms.com/developers/customize-the-date-time-field-date-options/"
                }
            ]
        },
        {
            "subtitle": "Reference Actions",
            "content": [
                {
                    "text": "wpforms_process"
                },
                {
                    "url": "https://wpforms.com/developers/wpforms_process/"
                }
            ]
        },
        {
            "subtitle": "FAQ",
            "content": []
        },
        {
            "subtitle": "Q: How can this work if my date field is inside the Repeater Field?",
            "content": [
                {
                    "text": "A: No worries! If you're using a Repeater field and want the code to check all of the available dates in the form, use this snippet instead."
                },
                {
                    "code": "\nfunction wpf_dev_process( $fields, $entry, $form_data ) {\n\n    // Optional, you can limit to specific forms. Below, we restrict output to\n    // form #6.\n    if ( absint( $form_data[ 'id' ] ) !== 6 ) {\n        return $fields;\n    }\n\n    // Loop through all fields\n    foreach ( $fields as $field_id => $field ) {\n        // Check if the field ID matches the pattern for the repeater field\n        // Field ID 3\n        if ( preg_match( '/^3(_\\d+)?$/', $field_id ) ) {\n            if ( isset( $field[ 'value' ] ) && !empty( $field[ 'value' ] ) ) {\n                $timestamp = strtotime( $field[ 'value' ] );\n                if ( $timestamp === false ) {\n                    // Invalid date format\n                    wpforms()->process->errors[ $form_data[ 'id' ] ][ $field_id ] = esc_html__( 'Invalid date format', 'plugin-domain' );\n                } else {\n                    $birth_year = date('Y', $timestamp);\n                    $current_year = date('Y');\n                    $age = $current_year - $birth_year;\n\n                    if ( $age < 12 || $age > 18 ) {\n                        // Show an error message at the top of the form and under the specific field\n                        wpforms()->process->errors[ $form_data[ 'id' ] ][ $field_id ] = esc_html__( 'Minimum age requirement is 12 and maximum age requirement is 18', 'plugin-domain' );\n                    }\n                }\n            } else {\n                // Date field is empty\n                wpforms()->process->errors[ $form_data[ 'id' ] ][ $field_id ] = esc_html__( 'Date field is required', 'plugin-domain' );\n            }\n        }\n    }\n\n    return $fields;\n}\nadd_action( 'wpforms_process', 'wpf_dev_process', 10, 3 );\n\n"
                },
                {
                    "text": "Remember, our field ID is 3 so if you take a look at this line of the code if ( preg_match( '/^3(_\\d+)?$/', $field_id ) ) { you can see the 3 just after the /^, you'll need to update this to match your own field ID, but once you've updated this and the form ID ( 6 ) at the beginning of the snippet, it doesn't matter how many rows would be added, the snippet will search through each one to compare the date for age restrictions."
                },
                {
                    "image_link": "https://wpforms.com/wp-content/uploads/2020/10/age-restriction-repeater.jpg"
                }
            ]
        },
        {
            "subtitle": "Q: Can I compare the literal date instead of just the year?",
            "content": [
                {
                    "text": "A: Absolutely! In this snippet, we're going to check to see if the person completing the form is 18 years or older."
                },
                {
                    "code": "\n/**\n * Check if the date makes the user 18 years or older.\n *\n * @link  https://wpforms.com/developers/how-to-provide-an-age-restriction-on-the-datepicker-form-field/ *\n */\n\nfunction wpf_dev_compare_dates( $fields, $entry, $form_data ) {\n       \n    // Optional, you can limit to specific forms. Below, we restrict output to\n    // form #3116.\n    if ( absint( $form_data[ 'id' ] ) !== 3116 ) {\n        return $fields;\n    }\n\t// Minimum age to complete the form\n\t$age = 18;\n       \n    // 19 is the ID of date field\n    $date_1 = $fields[19][ 'unix' ]; \n\t\n    // $date_1 can be UNIX_TIMESTAMP or just a string-date.\n    if( is_string( $date_1 ) ) {\n        $date_1 = strtotime( $date_1 );\n    }\n     \n    // Check date of birth makes the user 18 years or older\n    if( time() - $date_1 < $age * 31536000 )\n \n\n    wpforms()->process->errors[ $form_data[ 'id' ] ][ 'header' ] = esc_html__( 'Apologies, you need to be 18 or older to submit this form.', 'plugin-domain' );\n    }\n    \nadd_action( 'wpforms_process', 'wpf_dev_compare_dates', 10, 3 );\n"
                }
            ]
        }
    ],
    "section": "Developers",
    "category": "Fields"
}