{
    "product_name": "WPForms",
    "document_id": 513,
    "document_name": "How to Change the Styling of the Stripe Credit Card Placeholder",
    "document_url": "https://wpforms.com/developers/how-to-add-change-the-styling-of-the-stripe-credit-card-placeholder/",
    "author": "Editorial Team",
    "reviewer": "Molly Tyler",
    "date": "Updated: Nov 17, 2023, 13:52 PM",
    "version": "1.0",
    "title": "How to Change the Styling of the Stripe Credit Card Placeholder",
    "content": [
        {
            "subtitle": "Introduction",
            "content": [
                {
                    "text": "Would you like to change the styling of the Stripe Credit Card form field placeholder text with WPForms? Using a small PHP snippet and also custom CSS, you can easily change the style of the placeholder text. In this tutorial, we'll walk you through each step."
                },
                {
                    "text": "By default, the field that you enter your credit card with is styled with some default styling."
                },
                {
                    "image_link": "https://wpforms.com/wp-content/uploads/2021/04/wpforms-default-styling-stripe-credit-card.jpg"
                },
                {
                    "text": "Please note that this snippet will only be applied to the Stripe Credit Card form field when using the Credit Card Field Mode from the WPForms Settings Payments tab is set to Card Element ."
                },
                {
                    "image_link": "https://wpforms.com/wp-content/uploads/2021/04/wpforms-card-element-stripe.jpg"
                },
                {
                    "text": "To learn more about this option, please see this useful guide ."
                },
                {
                    "url": "https://wpforms.com/docs/how-to-install-and-use-the-stripe-addon-with-wpforms/#Selecting_a_Credit_Card_Field_Mode"
                }
            ]
        },
        {
            "subtitle": "Creating the form",
            "content": [
                {
                    "text": "We'll begin by creating a new form and adding a Stripe Credit Card field to the form."
                },
                {
                    "image_link": "https://wpforms.com/wp-content/uploads/2022/07/wpforms-create-stripe-credit-card-form.jpg"
                },
                {
                    "text": "If you need any help in creating this type of form, please check out this documentation ."
                },
                {
                    "url": "https://wpforms.com/docs/how-to-install-and-use-the-stripe-addon-with-wpforms/"
                },
                {
                    "text": "Once you've added the field to the form, select the field and click Field Options , then click the Advanced tab and place some Placeholder text inside the Name on Card Placeholder Text ."
                },
                {
                    "image_link": "https://wpforms.com/wp-content/uploads/2022/07/wpforms-stripe-placeholder-text.jpg"
                }
            ]
        },
        {
            "subtitle": "Adding the snippet",
            "content": [
                {
                    "text": "In order to change the styling of the placeholder text such as font-size, color, font-family, etc, we can just add a little PHP to our site."
                },
                {
                    "text": "If you need help in adding snippets to your site, please see this tutorial ."
                },
                {
                    "url": "https://wpforms.com/developers/how-to-add-custom-php-or-javascript-for-wpforms/"
                },
                {
                    "code": "\n/*\n * Update placeholder text styles on Stripe Credit Card form field\n *\n * @link https://wpforms.com/developers/how-to-add-change-the-styling-of-the-stripe-credit-card-placeholder/\n */\n\nfunction wpf_dev_stripe_card_field_style( $element_style ) {\n\t\n\t$element_style = [\n\t\t'base' => [\n\t\t\t'iconColor' => '#b95d52',\n      \t\t'fontFamily' => 'Roboto, sans-serif',\n      \t\t'fontSize' => '16px',\n\t\t\t'fontWeight' => '100',\n\t\t\t'backgroundColor' => '#f6f6f6',\n\t\t\t'::placeholder' => [\n        \t\t    'color' => '#b95d52',\n\t\t\t\t    'font-family' => 'Roboto, sans-serif',\n\t\t\t\t    'font-size' => '16px',\n\t\t\t\t    'font-weight' => '100',\n\t\t\t]\n\t\t],\n\t];\n\t\n\treturn $element_style;\n}\n\nadd_filter( 'wpforms_stripe_api_payment_intents_set_config_element_style', 'wpf_dev_stripe_card_field_style', 10, 1 );\n"
                },
                {
                    "text": "For a full list of all object properties, please see this documentation ."
                },
                {
                    "url": "https://stripe.com/docs/js/appendix/style"
                },
                {
                    "text": "Now, you'll see the styling of the Stripe Credit Card field has changed."
                },
                {
                    "image_link": "https://wpforms.com/wp-content/uploads/2022/07/wpforms-customize-styling-stripe-credit-card.jpg"
                }
            ]
        },
        {
            "subtitle": "Styling the placeholder text",
            "content": [
                {
                    "text": "The above snippet will only style the actual Card Number field, if you want to style the placeholder text to match, you'll need to add some CSS."
                },
                {
                    "text": "If you need help in adding CSS to your site, please see this tutorial ."
                },
                {
                    "url": "https://wpforms.com/developers/how-to-add-custom-css-styles-for-wpforms/"
                },
                {
                    "code": "\ninput.wpforms-field-stripe-credit-card-cardname::-webkit-input-placeholder { /* Chrome/Opera/Safari */\n    color: #b95d52 !important;\n    font-family: 'Roboto', sans-serif;\n    font-size: 16px;\n    font-weight: 100;\n    background-color: #f6f6f6;\n}\n\ninput.wpforms-field-stripe-credit-card-cardname::-moz-placeholder { /* Firefox 19+ */\n    color: #b95d52 !important;\n    font-family: 'Roboto', sans-serif;\n    font-size: 16px;\n    font-weight: 100;\n    background-color: #f6f6f6;\n}\n\ninput.wpforms-field-stripe-credit-card-cardname:-ms-input-placeholder { /* IE 10+ */\n    color: #b95d52 !important;\n    font-family: 'Roboto', sans-serif;\n    font-size: 16px;\n    font-weight: 100;\n    background-color: #f6f6f6;\n}\n\ninput.wpforms-field-stripe-credit-card-cardname:-moz-placeholder { /* Firefox 18- */\n    color: #b95d52 !important;\n    font-family: 'Roboto', sans-serif;\n    font-size: 16px;\n    font-weight: 100;\n    background-color: #f6f6f6;\n}\n"
                },
                {
                    "image_link": "https://wpforms.com/wp-content/uploads/2022/07/wpforms-customize-styling-stripe-credit-card.jpg"
                },
                {
                    "text": "And that's all you need! Would you like to also send metadata through to Stripe? Take a look at our article on How To Send Metadata to Stripe Payments ."
                },
                {
                    "url": "https://wpforms.com/developers/how-to-send-metadata-to-stripe-payments/"
                }
            ]
        }
    ],
    "section": "Developers",
    "category": "Tutorials"
}