{
    "product_name": "WPForms",
    "document_id": 276,
    "document_name": "Campaign Monitor Addon",
    "document_url": "https://wpforms.com/docs/how-to-install-and-use-campaign-monitor-addon-with-wpforms/",
    "author": "David Ozokoye",
    "reviewer": "Claire Broadley",
    "date": "Updated: May 21, 2024",
    "version": "1.0",
    "title": "Campaign Monitor Addon",
    "content": [
        {
            "subtitle": "1. Connecting Your Campaign Monitor Account to WPForms",
            "content": [
                {
                    "text": "Once the Campaign Monitor addon is installed, the next step is to integrate your site with your Campaign Monitor account. To do so, you'll need to go to WPForms \" Settings and click on the Integrations tab."
                },
                {
                    "image_link": "https://wpforms.com/wp-content/uploads/2018/10/wpforms-integrations-settings.png"
                },
                {
                    "text": "On the next screen, expand the Campaign Monitor section, then click Add New Account ."
                },
                {
                    "image_link": "https://wpforms.com/wp-content/uploads/2018/10/wpforms-campaign-monitor-add-account.png"
                },
                {
                    "text": "This will reveal fields for your Campaign Monitor API key, Client ID, and account nickname."
                },
                {
                    "image_link": "https://wpforms.com/wp-content/uploads/2018/10/wpforms-campaign-monitor-settings.png"
                },
                {
                    "text": "To locate the details you need for these fields, log in to your Campaign Monitor account . We recommend opening this in a new browser tab or window as you'll need to flip back to your WordPress site again soon."
                },
                {
                    "url": "https://login.createsend.com/l"
                },
                {
                    "text": "After logging in to Campaign Monitor, hover over your profile name in the upper right corner to view the menu. Then click Account Settings ."
                },
                {
                    "image_link": "https://wpforms.com/wp-content/uploads/2018/10/campaign-monitor-account-settings.png"
                },
                {
                    "text": "From the list on the following page, select API Keys ."
                },
                {
                    "image_link": "https://wpforms.com/wp-content/uploads/2018/10/campaign-monitor-api-keys.png"
                },
                {
                    "text": "On the API Keys page, click Generate API Key to view your key."
                },
                {
                    "image_link": "https://wpforms.com/wp-content/uploads/2018/10/campaign-monitor-generate-api-key.png"
                },
                {
                    "text": "Note: If you've previously created an API key in your Campaign Monitor account, you can use your existing key to connect WPForms to Campaign Monitor."
                },
                {
                    "text": "Click on Show API Key on the API Keys screen in your Campaign Monitor account and copy your credentials as described below."
                },
                {
                    "text": "Copy your API key, return to your WPForms settings, and paste it into the Campaign Monitor API Key field. Then copy the Client ID from your Campaign Monitor account and paste it into the Campaign Monitor Client ID field."
                },
                {
                    "image_link": "https://wpforms.com/wp-content/uploads/2018/10/campaign-monitor-enter-credentials.png"
                },
                {
                    "text": "For the Campaign Monitor Account Nickname , enter any name you'd like. It's for internal reference only and will be helpful if you later add an additional Campaign Monitor account."
                },
                {
                    "text": "When you're ready, click on the Connect to Campaign Monitor button to continue."
                },
                {
                    "image_link": "https://wpforms.com/wp-content/uploads/2018/10/connect-to-campaign-monitor.png"
                },
                {
                    "text": "Once WPForms has successfully connected to your Campaign Monitor account, it will show a green Connected status next to your Campaign Monitor integration in your settings."
                },
                {
                    "image_link": "https://wpforms.com/wp-content/uploads/2018/10/campaign-monitor-connected.png"
                }
            ]
        },
        {
            "subtitle": "2. Adding Campaign Monitor Integration to Your Forms",
            "content": [
                {
                    "text": "Next, you'll need to connect Campaign Monitor to a specific form to send user data to your Campaign Monitor account. First, create a new form or edit an existing one to open the form builder."
                },
                {
                    "url": "https://wpforms.com/docs/creating-first-form/"
                },
                {
                    "text": "Then go to Marketing \" Campaign Monitor and click on the Add New Connection button."
                },
                {
                    "image_link": "https://wpforms.com/wp-content/uploads/2018/10/marketing-campaign-monitor.png"
                },
                {
                    "text": "This will open an overlay where you can provide a nickname for this connection. You can use any nickname you like, as this is for internal reference only."
                },
                {
                    "image_link": "https://wpforms.com/wp-content/uploads/2018/10/nickname-campaign-monitor-connection.png"
                },
                {
                    "text": "Once the connection is created, choose the account you connected in your WPForms settings from the Select Account dropdown."
                },
                {
                    "text": "Then you can connect this form to a specific list from your Campaign Monitor account using the Select List dropdown."
                },
                {
                    "image_link": "https://wpforms.com/wp-content/uploads/2018/10/campaign-monitor-select-account-list.png"
                },
                {
                    "text": "Note: Mailing lists are managed in Campaign Monitor. For more details on how to create and use mailing lists, see Campaign Monitor's documentation ."
                },
                {
                    "url": "https://help.campaignmonitor.com/category-lists-and-subscribers"
                },
                {
                    "text": "Next, the fields available within your Campaign Monitor mailing list will be listed. In order to send data to these fields, you'll need to select the corresponding form fields from the dropdowns."
                },
                {
                    "image_link": "https://wpforms.com/wp-content/uploads/2018/10/campaign-monitor-map-fields.png"
                },
                {
                    "text": "Note: In order for subscribers to be sent to your Campaign Monitor list, be sure to connect the Email field."
                },
                {
                    "text": "Make sure to save your form once you've finished connecting it to Campaign Monitor."
                }
            ]
        },
        {
            "subtitle": "3. Enabling Conditional Logic (Optional)",
            "content": [
                {
                    "text": "Conditional logic lets you set rules for events based on users' selections in their form entries."
                },
                {
                    "text": "As an example, we'll use conditional logic to let users choose if they want to be added to our Campaign Monitor email list . First, we'll add a Checkboxes field to our form and change the label to, \"Would you like to join our mailing list?\""
                },
                {
                    "url": "https://wpforms.com/how-to-create-a-campaign-monitor-subscribe-form-in-wordpress/"
                },
                {
                    "image_link": "https://wpforms.com/wp-content/uploads/2018/10/campaign-monitor-checkboxes-example.png"
                },
                {
                    "text": "We'll add 2 choices to the Checkboxes field and label them, \"Yes, sign me up!\" and \"No thanks, not now.\""
                },
                {
                    "image_link": "https://wpforms.com/wp-content/uploads/2018/10/campaign-monitor-checkboxes-choices-example.png"
                },
                {
                    "text": "Then we'll go back to Marketing \" Campaign Monitor and toggle on the Enable Conditional Logic option."
                },
                {
                    "image_link": "https://wpforms.com/wp-content/uploads/2018/10/campaign-monitor-enable-conditional-logic.png"
                },
                {
                    "text": "Finally, we'll set up our conditional logic rule to read, \" Process this connection if Would you like to join our mailing list? is Yes, sign me up! \""
                },
                {
                    "image_link": "https://wpforms.com/wp-content/uploads/2018/10/campaign-monitor-conditional-logic-rule.png"
                },
                {
                    "text": "Note: Need help setting up your conditional logic rule? Our beginner's tutorial on using conditional logic in WPForms has all the details."
                },
                {
                    "url": "https://wpforms.com/docs/how-to-use-conditional-logic-with-wpforms/"
                },
                {
                    "text": "Once we save our form, users will only be added to our Campaign Monitor mailing list if they select the choice labeled \"Yes, sign me up!\" from the Checkboxes field."
                },
                {
                    "text": "That's it! You can now grow your Campaign Monitor mailing list with each form submission."
                },
                {
                    "text": "Next, would you like to offer incentives to potential subscribers? Be sure to check out our article on lead magnets to find out how to offer downloadable content in exchange for subscribing to your mailing list."
                },
                {
                    "url": "https://wpforms.com/how-to-create-a-simple-lead-magnet-optin-form-in-wordpress/"
                }
            ]
        }
    ],
    "section": "Documentation",
    "category": "Marketing Integrations"
}