{
    "product_name": "WPForms",
    "document_id": 392,
    "document_name": "How to Change the Expiry Date On Partial Entries",
    "document_url": "https://wpforms.com/developers/how-to-change-the-expiry-date-on-partial-entries/",
    "author": "Editorial Team",
    "reviewer": "Molly Tyler",
    "date": "Updated: Mar 19, 2024, 14:42 PM",
    "version": "1.0",
    "title": "How to Change the Expiry Date On Partial Entries",
    "content": [
        {
            "subtitle": "Creating the form",
            "content": [
                {
                    "text": "To begin, you'll create your form and add your fields. You'll then need to enable the Save and Resume settings for your form."
                },
                {
                    "image_link": "https://wpforms.com/wp-content/uploads/2023/03/wpforms-enable-save-resume.jpg 1116w, https://wpforms.com/wp-content/uploads/2023/03/wpforms-enable-save-resume-300x154.jpg 300w, https://wpforms.com/wp-content/uploads/2023/03/wpforms-enable-save-resume-1024x526.jpg 1024w, https://wpforms.com/wp-content/uploads/2023/03/wpforms-enable-save-resume-768x394.jpg 768w"
                },
                {
                    "text": "For any assistance with creating this type of form, please check out this helpful guide ."
                },
                {
                    "url": "https://wpforms.com/docs/how-to-install-and-use-the-save-and-resume-addon-with-wpforms/"
                }
            ]
        },
        {
            "subtitle": "Changing the expiry date",
            "content": [
                {
                    "text": "Now it's time to add the snippet to your site. If you need any assistance on how and where to add snippets to your site, please review this tutorial ."
                },
                {
                    "url": "https://wpforms.com/developers/how-to-add-custom-php-or-javascript-for-wpforms/"
                },
                {
                    "code": "\n/*\n * Set the number of days to delete partial entries when using the Save and Resume addon\n *\n * @link https://wpforms.com/developers/how-to-change-the-expiry-date-on-partial-entries/\n */\n\nfunction wpf_dev_delete_expired_entries( $expire_period ) {\n \n    // deleted partial entries after 15 days\n    return '-15 days'; \n\n}\n\nadd_filter( 'wpforms_save_resume_tasks_deleteexpiredentriestask_expire_period', 'wpf_dev_delete_expired_entries', 10, 1 );\n\n"
                },
                {
                    "text": "The snippet above will overwrite the default setting of 30 days to remove partial entries and now change it to 15 days."
                },
                {
                    "text": "And that's all you need to change the expiry date for partial entries! Would you like to change the email subject line for Save and Resume email notifications? Check out the tutorial on How to Change the Email Subject on Save and Resume Email Notifications ."
                },
                {
                    "url": "https://wpforms.com/developers/how-to-change-the-email-subject-on-save-and-resume-email-notifications/"
                }
            ]
        },
        {
            "subtitle": "Reference Filter",
            "content": [
                {
                    "text": "wpforms_save_resume_tasks_deleteexpiredentriestask_expire_period"
                },
                {
                    "url": "https://wpforms.com/developers/wpforms_save_resume_tasks_deleteexpiredentriestask_expire_period/"
                }
            ]
        },
        {
            "subtitle": "FAQ",
            "content": []
        },
        {
            "subtitle": "Q: Why do I still see my partial entries?",
            "content": [
                {
                    "text": "A: When altering the expiry period with this filter, it may become necessary to manually run the task associated with removing these entries. In order to do this, navigate to your WordPress admin WPForms \" Tools \" Scheduled Actions , and from the Pending section, look for the wpforms_save_resume_clean action. Under this task, you'll see an option to Run or Cancel . Select Run to manually run this task and remove these partial entries."
                },
                {
                    "image_link": "https://wpforms.com/wp-content/uploads/2022/01/wpforms-run-task-manually.jpg"
                },
                {
                    "text": "This will manually trigger the task to run and remove these partial entries for you."
                }
            ]
        },
        {
            "subtitle": "Q: Will this always have to be in days?",
            "content": [
                {
                    "text": "A: Not at all, you can certainly use minutes if you'd like by using this snippet."
                },
                {
                    "code": "\n/*\n * Set the number of days to delete partial entries when using the Save and Resume addon\n *\n * @link https://wpforms.com/developers/how-to-change-the-expiry-date-on-partial-entries/\n */\n\nfunction wpf_dev_delete_expired_entries( $expire_period ) {\n \n    // delete partials after 1 minute\n    return '-60 seconds'; \n\n}\n\nadd_filter( 'wpforms_save_resume_tasks_deleteexpiredentriestask_expire_period', 'wpf_dev_delete_expired_entries', 10, 1 );\n\n"
                }
            ]
        }
    ],
    "section": "Developers",
    "category": "Extending"
}