{
    "product_name": "WPForms",
    "document_id": 52,
    "document_name": "Kit Addon",
    "document_url": "https://wpforms.com/docs/convertkit-addon/",
    "author": "David Ozokoye",
    "reviewer": "Molly Tyler",
    "date": "Updated: Nov 4, 2024",
    "version": "1.0",
    "title": "Kit Addon",
    "content": [
        {
            "subtitle": "1. Installing the Kit Addon",
            "content": [
                {
                    "text": "Before you get started, you'll first need to ensure WPForms is installed and activated on your WordPress site and that you've verified your license ."
                },
                {
                    "url": "https://wpforms.com/docs/install-wpforms-plugin/"
                },
                {
                    "url": "https://wpforms.com/docs/verify-wpforms-license/"
                },
                {
                    "text": "After that, you'll be able to quickly install and activate the Kit addon ."
                },
                {
                    "url": "https://wpforms.com/docs/install-activate-wpforms-addons/"
                }
            ]
        },
        {
            "subtitle": "2. Setting Up Kit Integration",
            "content": [
                {
                    "text": "After installing and activating the Kit addon, you'll need to connect your site with your Kit account."
                },
                {
                    "text": "To do so, go to WPForms \" Settings and then select the Integrations tab."
                },
                {
                    "image_link": "https://wpforms.com/wp-content/uploads/2023/05/wpforms-integration-tab.png"
                },
                {
                    "text": "Next, click on Kit to reveal the details for this integration. Then click the + Add New Account button to connect your account."
                },
                {
                    "image_link": "https://wpforms.com/wp-content/uploads/2024/10/add-new-Kit-connection.png"
                },
                {
                    "text": "You'll need to enter the API Key and API Secret from your Kit account dashboard."
                },
                {
                    "image_link": "https://wpforms.com/wp-content/uploads/2024/10/kit-integration.png"
                },
                {
                    "text": "Keep this browser tab open, as we'll return to it later."
                }
            ]
        },
        {
            "subtitle": "Retrieving API Details",
            "content": [
                {
                    "text": "To get your API keys, log in to your Kit account dashboard . Next, click on your company name located at the top right corner and select Settings ."
                },
                {
                    "url": "https://app.kit.com/dashboard"
                },
                {
                    "image_link": "https://wpforms.com/wp-content/uploads/2024/10/kit-account-settings.png"
                },
                {
                    "text": "In the Settings page, scroll down and select the Developer option to open additional settings."
                },
                {
                    "image_link": "https://wpforms.com/wp-content/uploads/2024/10/kit-developers-settings-option-1.png"
                },
                {
                    "text": "From there, you'll see 2 API keys: Your API Key and API Secret in the V3 Key section."
                },
                {
                    "image_link": "https://wpforms.com/wp-content/uploads/2024/10/kit-api-key.png"
                },
                {
                    "text": "Click the Copy button next to Your API Key to copy the API Key."
                },
                {
                    "image_link": "https://wpforms.com/wp-content/uploads/2024/10/copy-kit-api-key.png"
                }
            ]
        },
        {
            "subtitle": "Saving Your API Details in WPForms",
            "content": [
                {
                    "text": "After copying your API key, return to the browser tab with WPForms open and paste the key you just copied into the Kit API Key field."
                },
                {
                    "image_link": "https://wpforms.com/wp-content/uploads/2024/10/add-Kit-API-key-to-WPForms.png"
                },
                {
                    "text": "Similarly, you'll need to copy your API Secret from Kit and paste it into the Kit API Secret field."
                },
                {
                    "image_link": "https://wpforms.com/wp-content/uploads/2024/10/add-Kit-secret-key-to-WPForms.png"
                },
                {
                    "text": "When you're ready, click the Connect to Kit button to connect your account."
                },
                {
                    "image_link": "https://wpforms.com/wp-content/uploads/2024/10/connect-to-kit.png"
                },
                {
                    "text": "You should see Connected next to the addon name after saving your changes."
                },
                {
                    "image_link": "https://wpforms.com/wp-content/uploads/2024/10/kit-account-connected.png"
                },
                {
                    "text": "Note: You can connect multiple accounts to the Kit addon. To add an additional account, click the + Add New Account button and follow the same steps to retrieve and save your API keys."
                }
            ]
        },
        {
            "subtitle": "3. Using Kit With Your Forms",
            "content": [
                {
                    "text": "After you've connected your account, you'll be able to link Kit to your WordPress forms. To proceed, create a new form or edit an existing one to access the form builder."
                },
                {
                    "url": "https://wpforms.com/docs/creating-first-form/"
                },
                {
                    "text": "Note: To see these features in action and get started quickly, you can use our pre-built ConvertKit Signup Contact Form Template as a foundation for your own form."
                },
                {
                    "url": "https://wpforms.com/templates/convertkit-signup-contact-form-template/"
                },
                {
                    "text": "In the form builder, add the fields you'd like to include in your form. After that, go to Marketing \" Kit to access the Kit configuration page."
                },
                {
                    "text": "Then, click on the Add New Connection button."
                },
                {
                    "image_link": "https://wpforms.com/wp-content/uploads/2024/10/add-new-Kit-connection-in-WPForms.png"
                },
                {
                    "text": "In the overlay that appears, enter a name for your connection. This name is for internal use only, so you can use any name you like."
                },
                {
                    "image_link": "https://wpforms.com/wp-content/uploads/2023/05/enter-connection-nickname.png"
                },
                {
                    "text": "Once you've named your connection, you'll need to choose the account you connected under Select Account ."
                },
                {
                    "image_link": "https://wpforms.com/wp-content/uploads/2023/11/select-account-form-builder.png"
                },
                {
                    "text": "Note: You can create as many connections as you need. Simply click the Add New Connection button and select an account from the Select Account dropdown."
                }
            ]
        },
        {
            "subtitle": "Choosing an Action to Perform",
            "content": [
                {
                    "text": "There are 3 available options to choose from:"
                },
                {
                    "text": "Subscribe"
                },
                {
                    "text": "Unsubscribe"
                },
                {
                    "text": "Remove subscriber's tags"
                },
                {
                    "url": "#subscribe"
                },
                {
                    "url": "#unsubscribe"
                },
                {
                    "url": "#remove"
                },
                {
                    "image_link": "https://wpforms.com/wp-content/uploads/2023/11/select-action-to-perform.png"
                }
            ]
        },
        {
            "subtitle": "Subscribe",
            "content": [
                {
                    "text": "This action lets you add a new contact to your mailing list. When selected, additional options will appear."
                },
                {
                    "image_link": "https://wpforms.com/wp-content/uploads/2023/11/subscribe-action-selected.png"
                },
                {
                    "text": "Below, we'll explain the available options in more detail."
                }
            ]
        },
        {
            "subtitle": "Email",
            "content": [
                {
                    "text": "This field contains the user's email you wish to add to your subscriber list. You'll need to map this field to the Email field on your form."
                },
                {
                    "image_link": "https://wpforms.com/wp-content/uploads/2023/05/select-email-field.png"
                }
            ]
        },
        {
            "subtitle": "New Email",
            "content": [
                {
                    "text": "This optional email field is particularly useful when you create a form allowing users to update their email address on your Kit account."
                },
                {
                    "image_link": "https://wpforms.com/wp-content/uploads/2023/05/select-new-email-field.png"
                },
                {
                    "text": "Kit will replace the subscriber's email address with the one mapped to the New Email field."
                }
            ]
        },
        {
            "subtitle": "First Name",
            "content": [
                {
                    "text": "This is an optional field to capture the users' name. This is useful if you'd like to send personalized emails to your subscribers."
                },
                {
                    "image_link": "https://wpforms.com/wp-content/uploads/2023/11/first-name.png"
                }
            ]
        },
        {
            "subtitle": "Form",
            "content": [
                {
                    "text": "If you've created any form on your Kit account, you'll be able to link the form to your WordPress form. To do so, click the Form dropdown and choose the form you'd like to connect with your WordPress form."
                },
                {
                    "image_link": "https://wpforms.com/wp-content/uploads/2023/11/select-form.png"
                }
            ]
        },
        {
            "subtitle": "Tags",
            "content": [
                {
                    "text": "Tags allow you to segment your subscribers into groups. For example, you can group users who have shown interest in a particular product and then send promotional emails to the user group."
                },
                {
                    "image_link": "https://wpforms.com/wp-content/uploads/2023/05/select-tags.png"
                },
                {
                    "text": "If you've set up tags on your Kit dashboard, you'll be able to choose any of them from the Tags dropdown."
                }
            ]
        },
        {
            "subtitle": "New Tags",
            "content": [
                {
                    "text": "WPForms lets you create new tags that'll be added to your Kit account. You simply need to enter the tag name in the New Tags field."
                },
                {
                    "image_link": "https://wpforms.com/wp-content/uploads/2023/05/create-new-tags.png"
                },
                {
                    "text": "Note: If you'd like to create multiple tags, enter the tag names in the New Tags field and separate each tag with a comma."
                }
            ]
        },
        {
            "subtitle": "Custom Fields",
            "content": [
                {
                    "text": "When the Subscribe action is selected, you'll be able to map any of your form's Field Values to Kit custom fields ."
                },
                {
                    "url": "https://help.kit.com/en/articles/2502504-how-to-add-custom-fields-to-subscribers"
                },
                {
                    "image_link": "https://wpforms.com/wp-content/uploads/2023/05/custom-fields.png"
                }
            ]
        },
        {
            "subtitle": "Unsubscribe",
            "content": [
                {
                    "text": "This action allows you to remove a contact from your mailing list without deleting their information from your account."
                },
                {
                    "image_link": "https://wpforms.com/wp-content/uploads/2023/05/select-email-to-unsubscribe.png"
                },
                {
                    "text": "When you choose the Unsubscribe action, you only need to select the email field from your form."
                },
                {
                    "image_link": "https://wpforms.com/wp-content/uploads/2023/11/unsubscribe-action.png"
                },
                {
                    "text": "Once the form is submitted, the email address matching the one submitted through your form will be unsubscribed from your mailing list."
                }
            ]
        },
        {
            "subtitle": "Remove Subscriber's Tags",
            "content": [
                {
                    "text": "Use this option if you'd like to delete a subscriber from a specific tag(s) on your Kit account. Once selected, you'll need to map the email field on your form to the Email field in Kit."
                },
                {
                    "image_link": "https://wpforms.com/wp-content/uploads/2023/11/remove-tags-email-field.png"
                },
                {
                    "text": "Next, you'll need to choose the tag(s) you'd like to remove the user from in the Tags field."
                },
                {
                    "image_link": "https://wpforms.com/wp-content/uploads/2023/11/select-tags-to-remove.png"
                }
            ]
        },
        {
            "subtitle": "Enabling Conditional Logic",
            "content": [
                {
                    "text": "Conditional logic allows you to configure rules that must be met for the connection to work. Once you enable it, you can set any rule(s) you like following WPForms conditional logic system."
                },
                {
                    "image_link": "https://wpforms.com/wp-content/uploads/2023/05/enable-conditional-logic.png"
                },
                {
                    "text": "For example, we can add the Checkboxes field with one option requesting the users' permission before adding them as subscribers."
                },
                {
                    "url": "https://wpforms.com/docs/how-to-customize-the-checkboxes-field-in-wpforms/"
                },
                {
                    "text": "Then in the conditional logic block, we set the rule to process this connection if Join Our Newsletter? is Yes ."
                },
                {
                    "image_link": "https://wpforms.com/wp-content/uploads/2023/05/configuring-conditional-logic.png"
                },
                {
                    "text": "Note: For more details on using conditional logic in WPForms, we recommend checking out our conditional logic tutorial ."
                },
                {
                    "url": "https://wpforms.com/docs/how-to-use-conditional-logic-with-wpforms/"
                },
                {
                    "text": "That's it! Now you know how to install and use the Kit addon with WPForms."
                },
                {
                    "text": "Next, would you like to learn how to create a dedicated lead-capturing form? Check our tutorial to learn how to use the Lead Forms addon."
                },
                {
                    "url": "https://wpforms.com/docs/lead-forms-addon/"
                }
            ]
        }
    ],
    "section": "Documentation",
    "category": "Marketing Integrations"
}