{
    "product_name": "WPForms",
    "document_id": 599,
    "document_name": "Hiding the Currency Symbol in WPForms Total Field",
    "document_url": "https://wpforms.com/developers/hiding-the-currency-symbol-in-wpforms-total-field/",
    "author": "Umair Majeed",
    "reviewer": "Dimitris Mitsis",
    "date": "Updated: Oct 17, 2024, 04:31 AM",
    "version": "1.0",
    "title": "Hiding the Currency Symbol in WPForms Total Field",
    "content": [
        {
            "subtitle": "Adding the Code Snippet",
            "content": [
                {
                    "text": "To hide the currency symbol, you'll need to add a custom code snippet to your site. If you need help adding custom code, please see our tutorial on adding code snippets ."
                },
                {
                    "url": "https://wpforms.com/developers/how-to-add-custom-php-or-javascript-for-wpforms/"
                },
                {
                    "text": "Add the following PHP code snippet to your site:"
                },
                {
                    "code": "\n/**\n * Removes the currency symbol in the Total Field \n *\n * @link https://wpforms.com/developers/hiding-the-currency-symbol-in-wpforms-total-field\n *\n */\nfunction remove_currency_symbol() {\n    ?>\n    <script type=\"text/javascript\">\n        (function($){\n            $(document).ready(function(){\n                const targetNode = document.querySelector('#wpforms-100-field_12-container .wpforms-payment-total');\n                if (!targetNode) return;\n\n                const config = { childList: true, subtree: true, characterData: true };\n                \n                const callback = function(mutationsList, observer) {\n                    for(let mutation of mutationsList) {\n                        if (mutation.type === 'childList' || mutation.type === 'characterData') {\n                            targetNode.textContent = targetNode.textContent.replace('$', '');\n                        }\n                    }\n                };\n\n                const observer = new MutationObserver(callback);\n                observer.observe(targetNode, config);\n            });\n        })(jQuery);\n    </script>\n    <?php\n}\nadd_action('wpforms_wp_footer_end', 'remove_currency_symbol', 30);\n"
                }
            ]
        },
        {
            "subtitle": "Customizing the Snippet",
            "content": [
                {
                    "text": "Before using this snippet, you need to customize it for your specific form:"
                },
                {
                    "text": "1. Form ID : Replace 100 in #wpforms-100-field_12-container with your actual form ID."
                },
                {
                    "text": "2. Field ID : Replace 12 in #wpforms-100-field_12-container with the ID of your Total field."
                },
                {
                    "text": "3. Currency Symbol : The snippet currently removes the $ symbol. If you're using a different currency, replace '$' with your currency symbol in the replace() function."
                },
                {
                    "text": "To find your form and field IDs, please see our guide on how to find form and field IDs ."
                },
                {
                    "url": "https://wpforms.com/developers/how-to-locate-form-id-and-field-id/"
                },
                {
                    "text": "After adding the snippet and customizing it for your form, be sure to test your form thoroughly. Submit the form with various inputs to ensure the Total field updates correctly and the currency symbol remains hidden in all scenarios."
                },
                {
                    "text": "And that's it! You've now hidden the currency symbol in your WPForms Total field. This creates a cleaner look for your form while still maintaining the functionality of the Total field."
                },
                {
                    "text": "Would you like to learn more about customizing payment field labels in WPForms? Check out our tutorial on customizing payment form labels for more details."
                },
                {
                    "url": "https://wpforms.com/developers/how-to-customize-payment-form-labels/"
                }
            ]
        }
    ],
    "section": "Developers",
    "category": "Fields"
}