{
    "product_name": "WPForms",
    "document_id": 429,
    "document_name": "wpforms_frontend_output_after",
    "document_url": "https://wpforms.com/developers/wpforms_frontend_output_after/",
    "author": null,
    "reviewer": null,
    "date": null,
    "version": "1.0",
    "title": "wpforms_frontend_output_after",
    "content": [
        {
            "subtitle": "Description",
            "content": [
                {
                    "text": "The wpforms_frontend_output_after action fires after a form is displayed on the site's front end, only if the form exists and contains fields."
                }
            ]
        },
        {
            "subtitle": "Parameters",
            "content": [
                {
                    "text": "$form_data: (array)Processed form settings/data, prepared to be used later."
                },
                {
                    "text": "$form: (WP_Post)Form post type object."
                }
            ]
        },
        {
            "subtitle": "Source",
            "content": [
                {
                    "text": "wpforms/src/Frontend/Frontend.php"
                }
            ]
        },
        {
            "subtitle": "More Information",
            "content": [
                {
                    "text": "While wpforms_frontend_output_after only fires for valid non-empty forms, it executes after the output rendering process."
                },
                {
                    "text": "An alternate action to consider is wpforms_frontend_output_before , as it functions similarly, except only fires before the form is displayed."
                },
                {
                    "url": "https://wpforms.com/developers/wpforms_frontend_output_before/"
                }
            ]
        },
        {
            "subtitle": "Examples",
            "content": [
                {
                    "text": "An example to use this particular action may be to display a link just after the Submit button on the form."
                },
                {
                    "text": "Just remember to change the form ID from 731 to match the specific form ID you're wanting to run your code on as well as the images directory (if calling an image) to match that of your theme structure."
                },
                {
                    "text": "If you need help in finding your form ID, please review this tutorial ."
                },
                {
                    "url": "https://wpforms.com/developers/how-to-locate-form-id-and-field-id/"
                },
                {
                    "code": "\n/**\n * Output something after your form(s).\n *\n * @link  https://wpforms.com/developers/wpforms_frontend_output_after/\n *\n * @param array  $form_data Form data and settings.\n * @param object $form      Form post type object.\n */\n\nfunction wpf_dev_frontend_output_after( $form_data, $form ) {\n    \n    // Optional, you can limit to specific forms. Below, we restrict output to\n    // form #731.\n    if ( absint( $form_data[ 'id' ] ) !== 731 ) {\n        return;\n    } \n\n    // Run code or see the example echo statement below.\n    _e( 'Click here for our Black Friday Offers!  <a href=\"http://yourlinkurl.com/black-friday\" target=\"_blank\">Check out our Black Friday deals!</a>.', 'plugin-domain' );\n\n}\nadd_action( 'wpforms_frontend_output_after', 'wpf_dev_frontend_output_after', 10, 2 );\n"
                }
            ]
        },
        {
            "subtitle": "Reference Articles",
            "content": [
                {
                    "text": "How to Display An Image After Your Form"
                },
                {
                    "text": "How to Schedule a Form Base on the Time of Day"
                },
                {
                    "url": "https://wpforms.com/developers/how-to-display-an-image-after-your-form/"
                },
                {
                    "url": "https://wpforms.com/developers/how-to-schedule-a-form-base-on-the-time-of-day/"
                }
            ]
        }
    ],
    "section": "Developers",
    "category": "Actions Hooks"
}