{
    "product_name": "WPForms",
    "document_id": 355,
    "document_name": "Troubleshooting Action Scheduler",
    "document_url": "https://wpforms.com/docs/how-to-troubleshoot-action-scheduler-issues-in-wpforms/",
    "author": "Umair Majeed",
    "reviewer": "David Ozokoye",
    "date": "Updated: Jun 4, 2024",
    "version": "1.0",
    "title": "Troubleshooting Action Scheduler",
    "content": [
        {
            "subtitle": "What is Action Scheduler?",
            "content": [
                {
                    "text": "Action Scheduler is a versatile library that is used to manage and schedule cron jobs in WordPress. It works by strategically scheduling certain action hooks to repeat or execute at a specific time in the future. By delaying or repeating hooks, Action Scheduler improves your site's overall ability to process large tasks."
                },
                {
                    "url": "https://www.wpbeginner.com/plugins/how-to-view-and-control-wordpress-cron-jobs/"
                },
                {
                    "text": "Many other popular WordPress plugins like WooCommerce and All in One SEO also rely on Action Scheduler to help execute actions more efficiently."
                },
                {
                    "url": "https://woocommerce.com/"
                },
                {
                    "url": "https://aioseo.com/"
                },
                {
                    "text": "Note: For more specific details and helpful resources, be sure to check out Action Scheduler's website ."
                },
                {
                    "url": "https://actionscheduler.org/"
                }
            ]
        },
        {
            "subtitle": "How WPForms Uses Action Scheduler",
            "content": [
                {
                    "text": "WPForms uses Action Scheduler to help run larger tasks in the background without slowing down your site. These tasks are often time and resource-consuming."
                },
                {
                    "text": "For example, in your WPForms settings, you can choose to send emails asynchronously . This enables Action Scheduler to help your forms process email notifications separately from form confirmations, which may help speed up your form's submission time."
                },
                {
                    "url": "https://wpforms.com/docs/a-complete-guide-to-wpforms-settings/#email"
                }
            ]
        },
        {
            "subtitle": "Troubleshooting Common Action Scheduler Issues",
            "content": [
                {
                    "text": "Action Scheduler-related issues most commonly occur when setting this tool up for the first time. In most cases, this includes an error message saying, \"There has been a critical error on your website.\" Additionally, you might see something similar that mentions there's a fatal error because the wp_actionscheduler_actions table doesn't exist yet."
                },
                {
                    "text": "This error can be caused by a variety of factors in your site's configuration. In the next section, we'll go over the steps needed to help troubleshoot this issue."
                },
                {
                    "text": "Note: We release plugin updates regularly, and a past updated may have addressed the issue you're seeing. Before continuing, be sure to update WPForms to the latest version."
                },
                {
                    "url": "https://wpforms.com/docs/getting-support-wpforms/#is-wpforms-updated"
                }
            ]
        },
        {
            "subtitle": "1. Deactivating the WPForms Plugin",
            "content": [
                {
                    "text": "To get started, you'll need to deactivate WPForms. Depending on your hosting provider's options, you'll be able to do this by accessing site files through either File Transfer Protocol (FTP) or cPanel ."
                },
                {
                    "url": "https://www.wpbeginner.com/glossary/ftp/"
                },
                {
                    "url": "https://www.wpbeginner.com/glossary/cpanel/"
                },
                {
                    "text": "Once you've opened your site files, navigate to /wp-content/plugins/ . Within the plugins folder, you should see a folder named wpforms (or wpforms-lite if you're using our free version)."
                },
                {
                    "text": "You'll need to rename this folder. To adjust the name in an FTP program like FileZilla , you'd do this by right-clicking on the folder name and then selecting Rename ."
                },
                {
                    "url": "https://filezilla-project.org/"
                },
                {
                    "image_link": "https://wpforms.com/wp-content/uploads/2021/01/Rename-WPForms-via-FTP.png"
                },
                {
                    "text": "By changing the name, WordPress will automatically deactivate the plugin for you. For our example, we'll simply add -zz to the end of the plugin name, changing it to wpforms-zz ."
                },
                {
                    "image_link": "https://wpforms.com/wp-content/uploads/2021/01/Renamed-WPForms-plugin-via-FTP-1.png"
                },
                {
                    "text": "We'll return to these site files later, so we recommend keeping this program open as you move on to the next steps."
                }
            ]
        },
        {
            "subtitle": "2. Installing the Action Scheduler Plugin",
            "content": [
                {
                    "text": "After manually deactivating WPForms, go ahead and log into your WordPress site. The admin area should be working normally now."
                },
                {
                    "text": "The next step is to install the Action Scheduler plugin. This will help your site to resolve any setup issues so you can get things back on track."
                },
                {
                    "text": "You can install the plugin directly from the WordPress admin area of your site by going to Plugins \" Add New and searching for \"Action Scheduler.\""
                },
                {
                    "text": "Alternatively, you can download the plugin from Action Scheduler's page on WordPress.org."
                },
                {
                    "url": "https://wordpress.org/plugins/action-scheduler/"
                },
                {
                    "text": "The downloaded file should be named something like action-scheduler.3.4.0.zip , where the numbers match the version number."
                },
                {
                    "text": "Once you've downloaded this zipped file, you'll need to install and activate it on your WordPress site."
                },
                {
                    "url": "https://www.wpbeginner.com/beginners-guide/step-by-step-guide-to-install-a-wordpress-plugin-for-beginners/"
                }
            ]
        },
        {
            "subtitle": "3. Creating Action Scheduler Tables",
            "content": [
                {
                    "text": "After installing the Action Scheduler plugin, go to the WordPress admin sidebar and navigate to Tools \" Scheduled Actions ."
                },
                {
                    "text": "Note: When plugins such as WPForms, WP Mail SMTP, and WooCommerce are activated on your site, the option to select Scheduled Actions from the WordPress admin sidebar may be hidden to prevent duplication. Please see our frequently asked questions section for more details."
                },
                {
                    "url": "https://wpforms.com/docs/how-to-troubleshoot-action-scheduler-issues-in-wpforms/#hidden-in-sidebar"
                },
                {
                    "text": "From here, you should see two notices: \"Action Scheduler migration in progress. The list of scheduled actions may be incomplete.\" and \"It appears one or more database tables were missing. Attempting to re-create the missing table(s).\""
                },
                {
                    "image_link": "https://wpforms.com/wp-content/uploads/2021/01/Scheduled-Actions-Error-Messages.png"
                },
                {
                    "text": "You'll need to wait at least a few seconds so that Action Scheduler has time to run. Then, go ahead and refresh the page."
                },
                {
                    "text": "If the tables have been created successfully, then the notices mentioned above will no longer be visible after you refresh the page. This means that you're ready to go on to the next step!"
                },
                {
                    "image_link": "https://wpforms.com/wp-content/uploads/2021/01/Scheduled-Action-Table.png"
                },
                {
                    "text": "Note: If these notices do not disappear, then there are most likely server/database configuration issues preventing your site from working properly. Please contact your site's hosting provider. You'll need to ask them to check the site's database logs to see what's causing this issue."
                }
            ]
        },
        {
            "subtitle": "4. Reactivating WPForms",
            "content": [
                {
                    "text": "You're now ready to get WPForms back up and running on your site."
                },
                {
                    "text": "To do this, you'll need to return to your site files. Then, change the plugin folder back to its original name (either wpforms or wpforms-lite , depending on which plugin version you're using)."
                },
                {
                    "image_link": "https://wpforms.com/wp-content/uploads/2021/01/Renamed-WPForms-plugin-via-FTP.png"
                },
                {
                    "text": "Now that you've restored the original name, you can switch back over to your WordPress admin area. From there, go to Plugins \" All Plugins and make sure that WPForms is activated on your site."
                },
                {
                    "image_link": "https://wpforms.com/wp-content/uploads/2021/10/WPForms-plugin-installed-1.png"
                },
                {
                    "text": "Once WPForms is active, be sure to deactivate the Action Scheduler plugin. After deactivating Action Scheduler, you can go ahead and delete this plugin from your site."
                }
            ]
        },
        {
            "subtitle": "Frequently Asked Questions",
            "content": [
                {
                    "text": "Below, we've answered some of the top questions about troubleshooting Action Scheduler issues in WPForms."
                }
            ]
        },
        {
            "subtitle": "If the error I'm receiving isn't causing my entire site to go down, do I still need to go through the troubleshooting steps?",
            "content": [
                {
                    "text": "If you're running into an Action Scheduler error, but still have access to your site's backend, then most likely the Action Scheduler tables haven't been created yet."
                },
                {
                    "text": "To resolve this issue, you can try automatically generating your Action Scheduler tables by navigating to WPForms \" Tools \" Scheduled Actions ."
                },
                {
                    "image_link": "https://wpforms.com/wp-content/uploads/2021/10/scheduled-actions-settings-WPForms.png"
                },
                {
                    "text": "By navigating to this area, new Action Scheduler tables should automatically be created for you and the issue should be resolved. However, if this doesn't do the trick, we recommend working through each of the troubleshooting steps outlined above."
                },
                {
                    "url": "https://wpforms.com/docs/how-to-troubleshoot-action-scheduler-issues-in-wpforms/#troubleshooting"
                }
            ]
        },
        {
            "subtitle": "There are a lot of Action Scheduler tasks, doesn't this affect my site's performance?",
            "content": [
                {
                    "text": "Action Scheduler checks every minute to see if there are any scheduled tasks (cron jobs) to run. However, it will only execute jobs if it finds them. Don't worry, if no jobs are scheduled, Action Scheduler just uses a small number of resources."
                },
                {
                    "text": "Though we don't recommend doing so, you can change when Action Scheduler runs its checks via the action_scheduler_run_schedule hook."
                },
                {
                    "text": "Changing it to a lower frequency leads to less frequent checks of the scheduled jobs, which can affect other site functions that use Action Scheduler. For example, asynchronous emails in WPForms won't send as promptly and can be delayed by the new schedule."
                }
            ]
        },
        {
            "subtitle": "How long are completed scheduled tasks stored in Action Scheduler?",
            "content": [
                {
                    "text": "By default, Action Scheduler will automatically remove completed tasks after thirty days. However, this time period can be changed with the action_scheduler_retention_period filter."
                },
                {
                    "text": "Here is a code snippet that decreases the retention period to one week:"
                },
                {
                    "text": "Note: For extra guidance, please see WPBeginner's tutorial on adding custom code ."
                },
                {
                    "url": "https://www.wpbeginner.com/plugins/how-to-easily-add-custom-code-in-wordpress-without-breaking-your-site/"
                }
            ]
        },
        {
            "subtitle": "Why can't I see the Scheduled Actions option in the WordPress admin sidebar?",
            "content": [
                {
                    "text": "Some plugins that install the Action Scheduler library (such as the Action Scheduler plugin itself) add a Scheduled Actions option to the WordPress sidebar's Tools menu. However, other plugins that include the Action Scheduler library, such as WPForms, WP Mail SMTP, and WooCommerce remove this option to avoid duplication."
                },
                {
                    "url": "https://wordpress.org/plugins/action-scheduler/"
                },
                {
                    "text": "Instead, once WPForms is activated, this option is provided in WPForms \" Tools under the Scheduled Actions tab."
                },
                {
                    "image_link": "https://wpforms.com/wp-content/uploads/2021/01/Scheduled-actions.png"
                },
                {
                    "text": "If you'd like to, you can still access the Scheduled Actions page using the WordPress Tools menu. This can be done by adding the following filter:"
                },
                {
                    "text": "Note: This filter will work if WPForms is the only active plugin that includes the Action Scheduler library. If you have other plugins that add the Action Scheduler library, such as WP Mail SMTP or WooCommerce, the filter likely won't work as expected."
                },
                {
                    "text": "That's it! If the steps above were successful, your WordPress site and Action Scheduler should now be working properly."
                },
                {
                    "text": "Next, would you like to keep a record of events that occur within your WordPress forms? Be sure to check out our guide on enabling activity logging for more details."
                },
                {
                    "url": "https://wpforms.com/docs/how-to-enable-activity-logging-for-wpforms/"
                }
            ]
        }
    ],
    "section": "Documentation",
    "category": "Troubleshooting and Support"
}