{
    "product_name": "WPForms",
    "document_id": 405,
    "document_name": "Using the Repeater Field with Google Sheets Addon",
    "document_url": "https://wpforms.com/docs/using-the-repeater-field-with-google-sheets-addon/",
    "author": "David Ozokoye",
    "reviewer": "Claire Broadley",
    "date": "Updated: Sep 26, 2024",
    "version": "1.0",
    "title": "Using the Repeater Field with Google Sheets Addon",
    "content": [
        {
            "subtitle": "Setting Up the Google Sheets Addon",
            "content": [
                {
                    "text": "To start, you'll first need to install and set up the Google Sheets addon on your WordPress site. For more details, be sure to check our tutorial on setting up the Google Sheets addon ."
                },
                {
                    "url": "https://wpforms.com/docs/google-sheets-addon/"
                }
            ]
        },
        {
            "subtitle": "Creating a Form",
            "content": [
                {
                    "text": "Start by creating a new form or editing an existing one to access the form builder. In the form builder, go ahead and add the fields you'd like to use."
                },
                {
                    "url": "https://wpforms.com/docs/creating-first-form/"
                },
                {
                    "text": "Be sure to include the Repeater field in your form. For our example, we'll create a form to collect user's details and social media profiles."
                },
                {
                    "text": "Check out our customizable Google Sheets Survey Form Template to get started easily."
                },
                {
                    "url": "https://wpforms.com/templates/google-sheets-survey-template/"
                },
                {
                    "image_link": "https://wpforms.com/wp-content/uploads/2024/07/repeater-field-form-builder.png"
                },
                {
                    "text": "After adding the fields, you can configure the Field Options for your fields as you like."
                },
                {
                    "text": "Note: To learn more about using the Repeater field in WPForms, check out our complete guide to using the Repeater field ."
                },
                {
                    "url": "https://wpforms.com/docs/using-the-repeater-field/"
                }
            ]
        },
        {
            "subtitle": "Connecting Your Form With Google Sheets",
            "content": [
                {
                    "text": "In the form builder, go to Settings \" Google Sheets and select the Add New Connection button."
                },
                {
                    "image_link": "https://wpforms.com/wp-content/uploads/2024/07/add-new-connection.png"
                },
                {
                    "text": "After that, you can select an existing Google Sheets spreadsheet from your account or create a new one by selecting the Select Existing or Create New options, respectively. For this example, we'll select the Create New option."
                },
                {
                    "image_link": "https://wpforms.com/wp-content/uploads/2024/07/create-new-sheet.png"
                },
                {
                    "text": "After that, you can enter a Spreadsheet Name and Sheet Name if you'd like."
                },
                {
                    "image_link": "https://wpforms.com/wp-content/uploads/2024/07/spreadsheet-name.png"
                },
                {
                    "text": "Next, you'll need to map the fields on your forms to columns in Google Sheets."
                },
                {
                    "image_link": "https://wpforms.com/wp-content/uploads/2024/07/field-mapping.png"
                },
                {
                    "text": "Be sure to map the Repeater field to a column on your Spreadsheet."
                },
                {
                    "image_link": "https://wpforms.com/wp-content/uploads/2024/07/map-repeater-field.png"
                },
                {
                    "text": "Note: See our Google Sheets addon tutorial to learn more about mapping fields to Google Sheets columns."
                },
                {
                    "url": "https://wpforms.com/docs/google-sheets-addon/"
                },
                {
                    "text": "Once you're done mapping your form fields, save your changes. We recommend testing your form to ensure it looks and functions properly."
                },
                {
                    "url": "https://wpforms.com/docs/how-to-properly-test-your-wordpress-forms-before-launching-checklist/"
                }
            ]
        },
        {
            "subtitle": "Viewing Repeater Field Entries in Google Sheets",
            "content": [
                {
                    "text": "After sending some test submissions, you'll be able to view your entries in the new Google Sheets spreadsheet. All the data in the Repeater field will be added to a single column."
                },
                {
                    "image_link": "https://wpforms.com/wp-content/uploads/2024/07/viewing-spreadsheet.png"
                },
                {
                    "text": "That's it! Now you know how to use the Repeater field with our Google Sheets addon."
                },
                {
                    "text": "Next, would you like to learn how to add extra columns in Google Sheets? Our tutorial on adding additional columns covers all the steps in detail."
                },
                {
                    "url": "https://wpforms.com/docs/adding-extra-columns-in-google-sheets/"
                }
            ]
        }
    ],
    "section": "Documentation",
    "category": "Advanced Form Features"
}