{
    "product_name": "WPForms",
    "document_id": 91,
    "document_name": "Styling WPForms With Custom CSS (Beginner\u2019s Guide)",
    "document_url": "https://wpforms.com/docs/how-to-style-wpforms-with-custom-css-beginners-guide/",
    "author": "Umair Majeed",
    "reviewer": "David Ozokoye",
    "date": "Updated: May 21, 2024",
    "version": "1.0",
    "title": "Styling WPForms With Custom CSS (Beginner\u2019s Guide)",
    "content": [
        {
            "subtitle": "What Is CSS?",
            "content": [
                {
                    "text": "CSS stands for Cascading Style Sheets, and is the code read by web browsers to style almost everything you see on the internet. It controls everything from font size and style to colors and hover effects. Without it, most of the web would look like a very boring text file."
                },
                {
                    "url": "http://www.wpbeginner.com/glossary/css/"
                },
                {
                    "text": "Note : If you'd prefer to style your form but skip the code, consider checking out our form styling tutorial."
                },
                {
                    "url": "https://wpforms.com/docs/styling-your-forms/"
                }
            ]
        },
        {
            "subtitle": "Reading CSS",
            "content": [
                {
                    "text": "Unlike many other types of code, CSS is fairly easy to learn even with absolutely no coding experience. The first step is just to understand the three main components of CSS:"
                },
                {
                    "text": "Selectors : the 'target' that you want to apply styles to"
                },
                {
                    "text": "Properties : the specific style you want to change, such as font size or color"
                },
                {
                    "text": "Values : the specific style effect you want to apply"
                },
                {
                    "text": "As an example, check out this snippet of CSS which sets the size of your form title:"
                },
                {
                    "code": ".wpforms-form .wpforms-title {\n    font-size: 26px !important;\n}\n"
                },
                {
                    "text": "The selector in this example is .wpforms-form .wpforms-title and it will apply your CSS to the title of all of the WPForms on your site."
                },
                {
                    "text": "Then, in the curly brackets, there is one CSS property in this example: font-size . This property has a value of 26 pixels."
                },
                {
                    "text": "Note : When adding CSS to your site, it might be necessary to include !important before the semicolon to ensure your custom styles are applied successfully. Check out our guide on troubleshooting CSS for more details."
                },
                {
                    "url": "https://wpforms.com/docs/how-to-troubleshoot-css-not-working/"
                },
                {
                    "text": "If we decide that we want our form's title text to be bigger (let's say 35 pixels), we would just need to change that value in the CSS:"
                },
                {
                    "code": ".wpforms-form .wpforms-title {\n    font-size: 35px !important;\n}\n"
                }
            ]
        },
        {
            "subtitle": "Choosing a CSS Selector",
            "content": [
                {
                    "text": "The first step in writing CSS is to identify the correct selector for targeting a specific part of your form. There are two ways of choosing a selector:"
                }
            ]
        },
        {
            "subtitle": "1) Copying a selector from our list",
            "content": [
                {
                    "text": "We have created a comprehensive list of selectors for every available field in our forms, so you can just pick the selector for whichever area you would like to apply CSS to."
                },
                {
                    "url": "https://wpforms.com/docs/how-to-customize-the-style-of-individual-form-fields"
                }
            ]
        },
        {
            "subtitle": "2) Using developer tools in your browser",
            "content": [
                {
                    "text": "This more advanced approach may offer a bit of a learning curve but is a great option if you want to create a bunch of custom CSS."
                },
                {
                    "text": "Developer tools allow you to inspect any part of the webpage to see what CSS is being applied. You can also test changes to CSS on the fly and see it applied right in your browser. WPBeginner has a great tutorial on using developer tools that should help get you started, including a step-by-step video on using Chrome's developer tools."
                },
                {
                    "url": "http://www.wpbeginner.com/wp-tutorials/basics-of-inspect-element-with-your-wordpress-site/"
                }
            ]
        },
        {
            "subtitle": "Using CSS Properties and Values",
            "content": [
                {
                    "text": "Now that you know how to choose a CSS selector, we can discuss how to change specific styles with CSS properties and values."
                },
                {
                    "text": "Below, you'll find some basic CSS properties that you may find useful for your forms. Additionally, you'll find examples of style changes you can make by combining selectors, properties, and values to make a complete snippet of CSS."
                },
                {
                    "text": "Just click the link in this list to skip ahead to the section you need:"
                },
                {
                    "text": "font-family"
                },
                {
                    "text": "color"
                },
                {
                    "text": "font-size"
                },
                {
                    "text": "background-color"
                },
                {
                    "text": "padding"
                },
                {
                    "text": "border"
                },
                {
                    "text": "border-radius"
                },
                {
                    "url": "#font-family"
                },
                {
                    "url": "#color"
                },
                {
                    "url": "#font-size"
                },
                {
                    "url": "#background-color"
                },
                {
                    "url": "#padding"
                },
                {
                    "url": "#border"
                },
                {
                    "url": "#border-radius"
                },
                {
                    "text": "Note: Looking for other properties? Check out this CSS Reference for a comprehensive list."
                },
                {
                    "url": "https://www.w3schools.com/cssref/"
                }
            ]
        },
        {
            "subtitle": "font-family",
            "content": [
                {
                    "text": "Definition: The default font style Example: To change the default font of the title in your site's forms to Arial, you would use:"
                },
                {
                    "text": "Definition: The default font style"
                },
                {
                    "text": "Example: To change the default font of the title in your site's forms to Arial, you would use:"
                },
                {
                    "text": "Definition: The default font style"
                },
                {
                    "text": "Example: To change the default font of the title in your site's forms to Arial, you would use:"
                },
                {
                    "code": ".wpforms-form .wpforms-title {\n    font-family: 'Arial', sans-serif !important;\n}\n"
                },
                {
                    "image_link": "https://wpforms.com/wp-content/uploads/2018/01/CSS-Example-change-title-font-Arial.png"
                },
                {
                    "text": "Note: It's common to provide fallback fonts in case the primary font is not available. In the example above, if Arial is not available, the browser would use any available sans-serif font."
                }
            ]
        },
        {
            "subtitle": "color",
            "content": [
                {
                    "text": "Definition: Font color Example: To make the title on all of your site's forms blue, you could use:"
                },
                {
                    "text": "Definition: Font color"
                },
                {
                    "text": "Example: To make the title on all of your site's forms blue, you could use:"
                },
                {
                    "text": "Definition: Font color"
                },
                {
                    "text": "Example: To make the title on all of your site's forms blue, you could use:"
                },
                {
                    "code": ".wpforms-form .wpforms-title {\n    color: #007acc !important;\n}\n"
                },
                {
                    "image_link": "https://wpforms.com/wp-content/uploads/2018/01/CSS-Example-make-form-title-blue.png"
                }
            ]
        },
        {
            "subtitle": "font-size",
            "content": [
                {
                    "text": "Definition: How big the font will be (units can be px, em, or rem) Example: To make the title on all of your site's forms 35px, you would use:"
                },
                {
                    "text": "Definition: How big the font will be (units can be px, em, or rem)"
                },
                {
                    "text": "Example: To make the title on all of your site's forms 35px, you would use:"
                },
                {
                    "text": "Definition: How big the font will be (units can be px, em, or rem)"
                },
                {
                    "text": "Example: To make the title on all of your site's forms 35px, you would use:"
                },
                {
                    "code": ".wpforms-form .wpforms-title {\n    font-size: 35px !important;\n}\n"
                },
                {
                    "image_link": "https://wpforms.com/wp-content/uploads/2018/01/CSS-Example-increase-title-font-size.png"
                }
            ]
        },
        {
            "subtitle": "background-color",
            "content": [
                {
                    "text": "Definition: The color that will fill the background of the selector area Example: To make the entire background of a form a light grey, you could use the following CSS:"
                },
                {
                    "text": "Definition: The color that will fill the background of the selector area"
                },
                {
                    "text": "Example: To make the entire background of a form a light grey, you could use the following CSS:"
                },
                {
                    "text": "Definition: The color that will fill the background of the selector area"
                },
                {
                    "text": "Example: To make the entire background of a form a light grey, you could use the following CSS:"
                },
                {
                    "code": ".wpforms-form {\n    background-color: #eee !important;\n}\n"
                },
                {
                    "image_link": "https://wpforms.com/wp-content/uploads/2018/01/CSS-Example-make-form-background-grey.png"
                }
            ]
        },
        {
            "subtitle": "padding",
            "content": [
                {
                    "text": "Definition: The distance between the selector element and its border Example: Did you notice how the example above doesn't have any distance between the text and the edges of the colored box? In addition to the background color, let's add 20 pixels of padding to the top and bottom of the form, as well as 15 pixels of padding to the right and left sides. We'll do this by adding padding: 20px 15px; to the CSS from the previous example:"
                },
                {
                    "text": "Definition: The distance between the selector element and its border"
                },
                {
                    "text": "Example: Did you notice how the example above doesn't have any distance between the text and the edges of the colored box? In addition to the background color, let's add 20 pixels of padding to the top and bottom of the form, as well as 15 pixels of padding to the right and left sides. We'll do this by adding padding: 20px 15px; to the CSS from the previous example:"
                },
                {
                    "text": "Definition: The distance between the selector element and its border"
                },
                {
                    "text": "Example: Did you notice how the example above doesn't have any distance between the text and the edges of the colored box? In addition to the background color, let's add 20 pixels of padding to the top and bottom of the form, as well as 15 pixels of padding to the right and left sides. We'll do this by adding padding: 20px 15px; to the CSS from the previous example:"
                },
                {
                    "code": ".wpforms-form {\n    background-color: #eee !important;\n    padding: 20px 15px !important;\n}\n"
                },
                {
                    "image_link": "https://wpforms.com/wp-content/uploads/2018/01/CSS-Example-add-padding-to-a-form-2.png"
                }
            ]
        },
        {
            "subtitle": "border",
            "content": [
                {
                    "text": "Definition: Determines the style and thickness of an element's edge Example: Let's add a border that is 3 pixels thick, a solid line, and dark grey to our example above. We'll do this by adding border: 3px solid #666; to the existing CSS for .wpforms-form :"
                },
                {
                    "text": "Definition: Determines the style and thickness of an element's edge"
                },
                {
                    "text": "Example: Let's add a border that is 3 pixels thick, a solid line, and dark grey to our example above. We'll do this by adding border: 3px solid #666; to the existing CSS for .wpforms-form :"
                },
                {
                    "text": "Definition: Determines the style and thickness of an element's edge"
                },
                {
                    "text": "Example: Let's add a border that is 3 pixels thick, a solid line, and dark grey to our example above. We'll do this by adding border: 3px solid #666; to the existing CSS for .wpforms-form :"
                },
                {
                    "code": ".wpforms-form {\n    background-color: #eee !important;\n    padding: 20px 15px !important;\n    border: 3px solid #666 !important;\n}\n"
                },
                {
                    "image_link": "https://wpforms.com/wp-content/uploads/2018/01/CSS-Example-add-border-to-form.png"
                }
            ]
        },
        {
            "subtitle": "border-radius",
            "content": [
                {
                    "text": "Definition: How curved the corners of an element will be (0px is a square edge, higher numbers are more curved) Example: We will continue to build off of the above example, adding a border-radius of 20 pixels to round our forms edges. We can do this by adding border-radius: 20px; to the CSS we've already made:"
                },
                {
                    "text": "Definition: How curved the corners of an element will be (0px is a square edge, higher numbers are more curved)"
                },
                {
                    "text": "Example: We will continue to build off of the above example, adding a border-radius of 20 pixels to round our forms edges. We can do this by adding border-radius: 20px; to the CSS we've already made:"
                },
                {
                    "text": "Definition: How curved the corners of an element will be (0px is a square edge, higher numbers are more curved)"
                },
                {
                    "text": "Example: We will continue to build off of the above example, adding a border-radius of 20 pixels to round our forms edges. We can do this by adding border-radius: 20px; to the CSS we've already made:"
                },
                {
                    "code": ".wpforms-form {\n    background-color: #eee !important;\n    padding: 20px 15px !important;\n    border: 3px solid #666 !important;\n    border-radius: 20px !important;\n}\n"
                },
                {
                    "image_link": "https://wpforms.com/wp-content/uploads/2018/01/CSS-Example-add-border-radius-to-form.png"
                },
                {
                    "text": "Note: If you'd like to change the CSS styling of specific form fields, see our guide on customizing the style of individual form fields ."
                },
                {
                    "url": "https://wpforms.com/docs/how-to-customize-the-style-of-individual-form-fields/"
                }
            ]
        },
        {
            "subtitle": "Styling an Individual Form",
            "content": [
                {
                    "text": "By using the CSS selectors described above, you can easily apply the same styles to all WPForms on your site. If you'd like to apply some styles only to a single form, however, you'll need to add the form's ID to the selector."
                },
                {
                    "text": "To easily find the form's ID, you can look in its shortcode. This can be seen in the page/post editor, or you can go to WPForms \" All Forms and look in the Shortcode column."
                },
                {
                    "image_link": "https://wpforms.com/wp-content/uploads/2021/08/Find-ID-of-a-form.png"
                },
                {
                    "text": "In this example, our form has an ID of 4. To apply our earlier styles only to this single form, we'd need to add #wpforms-4 to the beginning of the selector. Here's our modified CSS:"
                },
                {
                    "code": "#wpforms-4 .wpforms-form {\n    background-color: #eee !important;\n    padding: 20px 15px !important;\n    border: 3px solid #666 !important;\n    border-radius: 20px !important;\n}\n"
                },
                {
                    "text": "Once you've created your CSS snippet, the next step is to add it to your site. You can learn how to do this by following WPBeginner's guide to adding custom CSS to WordPress ."
                },
                {
                    "url": "http://www.wpbeginner.com/plugins/how-to-easily-add-custom-css-to-your-wordpress-site/"
                },
                {
                    "text": "That's it! You can now create custom CSS styles for your forms. For more CSS examples to create custom form designs, please see our article on beautiful form designs you can steal ."
                },
                {
                    "url": "https://wpforms.com/beautiful-contact-form-designs-you-can-steal/"
                },
                {
                    "text": "Next, would you like to add custom submit button styles to your forms? Check out our tutorial on customizing the submit button for details and examples."
                },
                {
                    "url": "https://wpforms.com/docs/how-to-customize-the-submit-button/"
                }
            ]
        }
    ],
    "section": "Documentation",
    "category": "Styling and Customization"
}