{
    "product_name": "WPForms",
    "document_id": 230,
    "document_name": "Displaying Forms on Your Site",
    "document_url": "https://wpforms.com/docs/displaying-forms-on-your-site/",
    "author": "David Ozokoye",
    "reviewer": "Molly Tyler",
    "date": "Updated: Mar 19, 2024",
    "version": "1.0",
    "title": "Displaying Forms on Your Site",
    "content": [
        {
            "subtitle": "Embedding Your Form on a WordPress Page",
            "content": [
                {
                    "text": "There are two different ways to embed your forms on a WordPress page. You can use the built-in embed wizard in the form builder or add your form to a page manually with the block editor."
                }
            ]
        },
        {
            "subtitle": "Embedding a Form with the WPForms Embed Wizard",
            "content": [
                {
                    "text": "To start, you'll need to create a new form or edit an existing one to access the form builder. Once you've finished customizing your form, you can use the Embed Wizard right from the form builder by clicking the Embed button."
                },
                {
                    "url": "https://wpforms.com/docs/creating-first-form/"
                },
                {
                    "image_link": "https://wpforms.com/wp-content/uploads/2020/11/form-builder-embed-button.png"
                },
                {
                    "text": "From here, you'll have the option to either create a new page to embed your form on, or to select an existing page to add your form to."
                },
                {
                    "image_link": "https://wpforms.com/wp-content/uploads/2020/11/embed-create-page-select-page.png"
                },
                {
                    "text": "If you select the Create New Page option, you'll be asked to enter a name for the page. Then click the Let's Go button to continue."
                },
                {
                    "image_link": "https://wpforms.com/wp-content/uploads/2020/11/embed-create-new-page.png"
                },
                {
                    "text": "After that, you'll be redirected to the new page with the form embedded. When you're ready, go ahead and click the Publish button to publish your form."
                },
                {
                    "image_link": "https://wpforms.com/wp-content/uploads/2024/02/publish-page.png"
                },
                {
                    "text": "If you choose the Select Existing Page option, you'll be asked to pick which page to embed your form on from the dropdown."
                },
                {
                    "image_link": "https://wpforms.com/wp-content/uploads/2020/11/embed-select-existing-page.png"
                },
                {
                    "text": "After selecting the page, click the Let's Go button to be redirected to the block editor. In the block editor, you'll need to add a new block to embed WPForms to the page."
                },
                {
                    "image_link": "https://wpforms.com/wp-content/uploads/2024/02/display-form-existing-page.png"
                },
                {
                    "text": "We'll walk you through the steps in the next section."
                }
            ]
        },
        {
            "subtitle": "Embedding a Form with the Block Editor",
            "content": [
                {
                    "text": "Once you've opened the page editor, you can add a new block by clicking the plus (+) icon in the upper left corner."
                },
                {
                    "image_link": "https://wpforms.com/wp-content/uploads/2020/11/add-new-block.png"
                },
                {
                    "text": "This will open a menu of block options. To locate the WPForms block, you can search for \"WPForms\" or scroll to the Widgets category. Then click the WPForms block."
                },
                {
                    "image_link": "https://wpforms.com/wp-content/uploads/2017/10/add-WPForms-block-3.png"
                },
                {
                    "text": "This will add the WPForms block to the page editor. Next, select the form you want to embed from the Select a Form dropdown."
                },
                {
                    "image_link": "https://wpforms.com/wp-content/uploads/2017/10/select-form-WPForms-block-1.png"
                },
                {
                    "text": "After you select a form title, the full form will display within the WPForms block. On the right sidebar menu, you'll see additional customization settings. Within these block options, you can customize the following settings:"
                },
                {
                    "image_link": "https://wpforms.com/wp-content/uploads/2020/11/wpforms-block-settings-1.png"
                },
                {
                    "text": "Form: This setting allows you to choose a different form to display."
                },
                {
                    "text": "Show Title and Show Description : With these options, you can hide or show additional form details."
                },
                {
                    "text": "Form Styling Options: WPForms allows you to style your forms in the block editor without writing any CSS. To learn more, be sure to check our tutorial on styling your form in the block editor ."
                },
                {
                    "text": "Advanced: Here you can copy any customization you've applied to this form and reuse it on a different form. You'll also be able to add CSS classes to your form. This option is recommended for advanced users only."
                },
                {
                    "url": "https://wpforms.com/docs/styling-your-forms/"
                },
                {
                    "url": "https://wpforms.com/docs/how-to-add-custom-css-to-your-wpforms/"
                },
                {
                    "text": "Once you're happy with your form and its settings, publish the page and visit your website's frontend to see your form in action. Here's what our example would look like on a live site:"
                }
            ]
        },
        {
            "subtitle": "Try this Form Demo!",
            "content": []
        },
        {
            "subtitle": "Embedding Your Form in a Widget",
            "content": [
                {
                    "text": "Note: These instructions are for the Block Widgets editor that shipped with WordPress 5.8. If you're still using the Classic Widgets editor, please see our tutorial on using forms with the Classic Editor for steps to embed a form in a widget."
                },
                {
                    "url": "https://wpforms.com/docs/creating-your-first-form-with-the-wordpress-classic-editor"
                },
                {
                    "text": "A WordPress widget is a small block of content on your site that performs a specific function. For instance, you can add the WPForms block to a widget area to embed a form in the sidebar or footer of your site."
                },
                {
                    "text": "Note: Want to learn more about WordPress widgets? Check out WPBeginner's guide to using widgets ."
                },
                {
                    "url": "https://www.wpbeginner.com/beginners-guide/how-to-add-and-use-widgets-in-wordpress/"
                },
                {
                    "text": "To access your site's widgets, navigate to Appearance \" Widgets in the WordPress admin area. This will open the Widgets editing screen."
                },
                {
                    "image_link": "https://wpforms.com/wp-content/uploads/2020/11/appearance-widgets-1.png"
                },
                {
                    "text": "From here the process is very similar to embedding a form in a post or page. First, find the widget area you want to add your form to. Click on it to be sure you're editing the right area."
                },
                {
                    "image_link": "https://wpforms.com/wp-content/uploads/2020/11/select-widget-area-1.png"
                },
                {
                    "text": "Then click on the blue plus (+) button in the top left corner of the editor."
                },
                {
                    "image_link": "https://wpforms.com/wp-content/uploads/2020/11/add-block-widgets.png"
                },
                {
                    "text": "In the block library, search for \"WPForms\" or scroll to the Widgets section and click on the WPForms block."
                },
                {
                    "image_link": "https://wpforms.com/wp-content/uploads/2020/11/widget-wpforms-block-1.png"
                },
                {
                    "text": "This will add the WPForms block to your selected widget area. You can drag and drop blocks to rearrange them as needed. Then choose the form you wish to display from the Select a Form dropdown."
                },
                {
                    "image_link": "https://wpforms.com/wp-content/uploads/2020/11/widget-select-form-1.png"
                },
                {
                    "text": "Be sure to click on the Update button in the top right corner of the Widgets editing screen to save your changes."
                },
                {
                    "image_link": "https://wpforms.com/wp-content/uploads/2020/11/update-widgets-1.png"
                },
                {
                    "text": "Here's a sample of what a form would look like in the footer on a live site:"
                },
                {
                    "image_link": "https://wpforms.com/wp-content/uploads/2020/11/live-widget-form-example.png"
                }
            ]
        },
        {
            "subtitle": "Frequently Asked Questions",
            "content": [
                {
                    "text": "Below, we've answered some top questions about creating your first form."
                }
            ]
        },
        {
            "subtitle": "Can I embed the form to an Elementor page?",
            "content": [
                {
                    "text": "Yes, you can use the WPForms Elementor widget to easily add a form to your Elementor page. Once you're in the Elementor builder, simply drag and drop the WPForms widget to your page."
                },
                {
                    "image_link": "https://wpforms.com/wp-content/uploads/2020/11/add-wpforms-to-elementor.png"
                },
                {
                    "text": "For a complete walkthrough, be sure to check our guide on adding WPForms to an Elementor page ."
                },
                {
                    "url": "https://wpforms.com/docs/how-to-add-wpforms-to-an-elementor-page/"
                },
                {
                    "text": "That's it! Now you've learned the different ways to embed WPForms to your WordPress site."
                },
                {
                    "text": "Next, would you like to view entries submitted by users through your WordPress forms? Be sure to check our complete guide to managing entries in WPForms for a complete walkthrough."
                },
                {
                    "url": "https://wpforms.com/docs/complete-guide-to-form-entries/"
                }
            ]
        }
    ],
    "section": "Documentation",
    "category": "Getting Started"
}