{
    "product_name": "WPForms",
    "document_id": 108,
    "document_name": "How to Display the Confirmation and the Form Again After Submission",
    "document_url": "https://wpforms.com/developers/how-to-display-the-confirmation-and-the-form-again-after-submission/",
    "author": "Editorial Team",
    "reviewer": "Molly Tyler",
    "date": "Updated: Feb 29, 2024, 14:51 PM",
    "version": "1.0",
    "title": "How to Display the Confirmation and the Form Again After Submission",
    "content": [
        {
            "subtitle": "Creating the form",
            "content": [
                {
                    "text": "First, you'll need to create a new form. For the purpose of this tutorial, we've already completed this step. However, if you need assistance in creating a form with WPForms, please review this documentation ."
                },
                {
                    "url": "https://wpforms.com/docs/creating-first-form/"
                },
                {
                    "text": "For our form, we've added just the Name , Email and Paragraph Text form field."
                },
                {
                    "image_link": "https://wpforms.com/wp-content/uploads/2021/03/wpforms-create-new-form.jpg"
                }
            ]
        },
        {
            "subtitle": "Disabling AJAX on the form",
            "content": [
                {
                    "text": "Next, you'll need to make sure the Enable AJAX form submission is disabled on the form. To check this setting click on the Settings tab inside the form builder and then click General ."
                },
                {
                    "image_link": "https://wpforms.com/wp-content/uploads/2021/03/wpforms-disable-ajax-2.jpg"
                }
            ]
        },
        {
            "subtitle": "Displaying the confirmation and the form",
            "content": [
                {
                    "text": "Next, you'll need to add a small code snippet to your site that will allow the form to display again before the confirmation message."
                },
                {
                    "text": "If you need help adding snippets to your site, please review this tutorial ."
                },
                {
                    "url": "https://wpforms.com/developers/how-to-add-custom-php-or-javascript-for-wpforms/"
                },
                {
                    "code": "\n/*\n * Display confirmation message and form after successful submission.\n *\n * @link  https://wpforms.com/developers/how-to-display-the-confirmation-and-the-form-again-after-submission/\n */\n  \nfunction wpf_dev_frontend_output_success(  $form_data, $fields, $entry_id ) {\n       \n    // Optional, you can limit it to specific forms. Below, we restrict output to form #235.\n    if ( absint( $form_data[ 'id' ] ) !== 235 ) {\n        return;\n    }\n\n    // Reset the fields to blank\n\tunset(\n\t\t$_GET[ 'wpforms_return' ],\n\t\t$_POST[ 'wpforms' ][ 'id' ]\n\t);\n \n\t// Comment this line out if you want to clear the form field values after submission\n\tunset( $_POST[ 'wpforms' ][ 'fields' ] );\n\n\t// Actually render the form.\n\twpforms()->frontend->output( $form_data[ 'id' ] );\n  \n}\n \nadd_action( 'wpforms_frontend_output_success', 'wpf_dev_frontend_output_success', 10, 3 );\n\n"
                },
                {
                    "text": "Since we only want this snippet to run on a particular form, we're using the if ( absint( $form_data[ 'id' ] ) !== 235 ) . This means that this snippet will only run if the form ID matches 235 ."
                },
                {
                    "text": "If you need help in identifying your form ID number, please see this tutorial ."
                },
                {
                    "url": "https://wpforms.com/developers/how-to-locate-form-id-and-field-id/"
                },
                {
                    "text": "If you want to keep the values inside the form fields after the form submits, just comment out the unset( $_POST[ 'wpforms' ][ 'fields' ] ); . You can do this by adding two slashes (//) in front of the unset fields code."
                },
                {
                    "text": "Example:"
                },
                {
                    "text": "// unset( $_POST[ 'wpforms' ][ 'fields' ] );"
                },
                {
                    "text": "Now you'll see when the form is submitted, your visitors will see the confirmation and the form on the same page after the form is submitted!"
                },
                {
                    "image_link": "https://wpforms.com/wp-content/uploads/2021/03/wpforms-confirmation-and-form-new.jpg"
                },
                {
                    "text": "And that's it! Would you like to set a default date on your date picker? Take a look at our tutorial on How to Set a Default Date for Your Date Picker Form Field ."
                },
                {
                    "url": "https://wpforms.com/developers/how-to-set-a-default-date-for-your-date-picker-form-field/"
                }
            ]
        },
        {
            "subtitle": "Reference Action",
            "content": [
                {
                    "text": "wpforms_frontend_output_success"
                },
                {
                    "url": "https://wpforms.com/developers/wpforms_frontend_output_success/"
                }
            ]
        },
        {
            "subtitle": "FAQ",
            "content": []
        },
        {
            "subtitle": "Q: Why does my confirmation message appear below the form?",
            "content": [
                {
                    "text": "A: If your confirmation message is appearing above your form and you'd like it to appear below, please change the priority of this function."
                },
                {
                    "text": "To explain what the priority of a function is, let's take a look at the snippet above, specifically the last line."
                },
                {
                    "code": "add_action( 'wpforms_frontend_output_success', 'wpf_dev_frontend_output_success', 10, 3 );"
                },
                {
                    "text": "In this case, the name of the action hook (as defined by WPForms) is wpforms_frontend_output_success , the name of our function is wpf_dev_frontend_output_success . Inside this function, we are pass 3 arguments ( $form_data, $fields, $entry_id ), and we have the default priority set to 10 ."
                },
                {
                    "text": "Since we want the default functionality of the form to appear first, in this case, the confirmation message, we need to change the priority so that the message appears first and the function runs after. To do this, we are going to increase the priority to 1000 ."
                },
                {
                    "text": "Most functions use 10 as a default priority number so if you want something to run before you would make the priority something under 10 if you want the function to run after, increase the priority to something over 10 ."
                },
                {
                    "code": "\n/*\n * Display confirmation message and form after successful submission.\n *\n * @link  https://wpforms.com/developers/how-to-display-the-confirmation-and-the-form-again-after-submission/\n */\n \nfunction wpf_dev_frontend_output_success(  $form_data, $fields, $entry_id ) {\n      \n    // Optional, you can limit it to specific forms. Below, we restrict output to form #235.\n    if ( absint( $form_data[ 'id' ] ) !== 235 ) {\n        return;\n    }\n                // Reset the fields to blank\n\t\tunset(\n\t\t\t$_GET[ 'wpforms_return' ],\n\t\t\t$_POST[ 'wpforms' ][ 'id' ]\n\t\t);\n\n\t\t// Comment this line out if you want to clear the form field values after submission\n\t\tunset( $_POST[ 'wpforms' ][ 'fields' ] );\n\n\t\t// Actually render the form.\n\t\twpforms()->frontend->output( $form_data[ 'id' ] );\n \n}\n\nadd_action( 'wpforms_frontend_output_success', 'wpf_dev_frontend_output_success', 1000, 3 );\n"
                }
            ]
        },
        {
            "subtitle": "Q: Why isn't the snippet working for me?",
            "content": [
                {
                    "text": "A: If the snippet isn't working, please make sure you've changed the 235 to match your own form ID on your site. Please see this tutorial to help find your form ID ."
                },
                {
                    "url": "https://wpforms.com/developers/how-to-locate-form-id-and-field-id/"
                }
            ]
        },
        {
            "subtitle": "Q: Why do I see a blank page after I submit the second time?",
            "content": [
                {
                    "text": "A: If you're seeing a blank page or an AJAX error in the console log, please make sure you've disabled AJAX as mentioned in the steps above. This snippet will only work if AJAX is disabled on the form."
                },
                {
                    "image_link": "https://wpforms.com/wp-content/uploads/2021/03/wpforms-disable-ajax-2.jpg"
                }
            ]
        }
    ],
    "section": "Developers",
    "category": "Extending"
}