{
    "product_name": "WPForms",
    "document_id": 118,
    "document_name": "How to Send the Email Address to Square with WPFoms",
    "document_url": "https://wpforms.com/developers/how-to-send-the-email-address-to-square-with-wpfoms/",
    "author": "Editorial Team",
    "reviewer": "Molly Tyler",
    "date": "Published: Nov 19, 2021, 12:15 PM",
    "version": "1.0",
    "title": "How to Send the Email Address to Square with WPFoms",
    "content": [
        {
            "subtitle": "Introduction",
            "content": [
                {
                    "text": "Do you want to automatically transmit the email address to Square upon form submission? When utilizing the Square addon, you can seamlessly map the Name , Email , and Address fields to Square. These details are securely stored within Square's system but aren't displayed within the transaction view."
                },
                {
                    "image_link": "https://wpforms.com/wp-content/uploads/2021/11/wpforms-defaault-square-transaction-view.jpg"
                },
                {
                    "text": "To display any form field data on the transaction detail page, you'll need to implement a brief PHP snippet. This tutorial will guide you through the process step by step."
                }
            ]
        },
        {
            "subtitle": "Creating your form",
            "content": [
                {
                    "text": "To begin, you'll want to create a new form, configure your fields, and ensure that you've included the Square credit card form field."
                },
                {
                    "text": "If you require assistance in setting up a form that accepts Square payments, please refer to this documentation for detailed instructions ."
                },
                {
                    "url": "https://wpforms.com/docs/how-to-install-and-use-the-square-addon-with-wpforms/"
                },
                {
                    "image_link": "https://wpforms.com/wp-content/uploads/2021/11/wpforms-email-to-square-create-form.jpg"
                }
            ]
        },
        {
            "subtitle": "Enabling the Square payments",
            "content": [
                {
                    "text": "After configuring your fields and incorporating the Square form field, proceed to the Payments tab. Then, select Square to activate Square as the payment processing method."
                },
                {
                    "image_link": "https://wpforms.com/wp-content/uploads/2021/11/wpforms-enable-square.jpg"
                }
            ]
        },
        {
            "subtitle": "Adding the field ID to the payment description",
            "content": [
                {
                    "text": "Next, we'll embed the field ID corresponding to the Email Address into the payment description that Square presents on the transaction details page."
                },
                {
                    "image_link": "https://wpforms.com/wp-content/uploads/2021/11/wpforms-add-email-address-to-square.jpg"
                },
                {
                    "text": "For our specific form, the Email Address is field ID is 2 . Consequently, in the Payment Description , we've modified this field to read as Payment from {field_id=\"2\u2033} . Should you prefer to display a different field from your form, such as the name instead of the email address, simply adjust the field ID number accordingly."
                },
                {
                    "text": "If you require assistance in locating your field ID, please refer to this tutorial . Additionally, you have the flexibility to utilize any WPForms Smart Tag. For a comprehensive list of built-in Smart Tags, consult this documentation ."
                },
                {
                    "url": "https://wpforms.com/developers/how-to-locate-form-id-and-field-id/"
                },
                {
                    "url": "https://wpforms.com/docs/how-to-use-smart-tags-in-wpforms/"
                }
            ]
        },
        {
            "subtitle": "Adding the snippet",
            "content": [
                {
                    "text": "As a default setting, the payment description doesn't support Smart Tags. To enable this functionality, you'll need to incorporate a code snippet. Simply copy and paste the following snippet into your website."
                },
                {
                    "text": "If you require guidance on how to add code snippets to your site, please consult this tutorial for step-by-step instructions ."
                },
                {
                    "url": "https://wpforms.com/developers/how-to-add-custom-php-or-javascript-for-wpforms/"
                },
                {
                    "code": "\n/**\n * Send the email address to Square\n *\n * @link   https://wpforms.com/developers/how-to-send-the-email-address-to-square-with-wpfoms/\n */\n\nfunction wpf_dev_process_smart_tags_in_payment_description( $args, $process ) {\n\t\n\tif ( isset( $args[ 'note' ] ) ) {\n\t\t$note = apply_filters( 'wpforms_process_smart_tags', $args[ 'note' ], $process->form_data, $process->fields, 0 );\n\n\t\t// The maximum length for the Square notes field is 500 characters.\n\t\t$args[ 'note' ] = wp_html_excerpt( $note, 500 );\n\t}\n\n\treturn $args;\n\t\n}\nadd_filter( 'wpforms_square_process_get_payment_args_single', 'wpf_dev_process_smart_tags_in_payment_description', 10, 2 );\n\n"
                },
                {
                    "text": "Keep in mind that Square's API imposes restrictions on the maximum number of characters you can transmit. For instance, the note field will only accommodate a maximum of 500 characters."
                },
                {
                    "text": "In the provided code snippet, we've enabled the note field displayed on the transaction detail page to process WPForms Smart Tags."
                },
                {
                    "image_link": "https://wpforms.com/wp-content/uploads/2021/11/wpforms-email-address-payment-transaction.jpg"
                },
                {
                    "text": "And that's it! Following this tutorial, you can easily send the email address to Square inside the payment description. Would you like to learn how to create custom Smart Tags? Check out our tutorial on How to Create a Custom Smart Tag ."
                },
                {
                    "url": "https://wpforms.com/developers/how-to-create-a-custom-smart-tag/"
                }
            ]
        }
    ],
    "section": "Developers",
    "category": "Tutorials"
}