{
    "product_name": "WPForms",
    "document_id": 437,
    "document_name": "How to Customize the From Email Address for the Save and Resume Addon",
    "document_url": "https://wpforms.com/developers/how-to-customize-the-from-email-address-for-the-save-and-resume-addon/",
    "author": "Editorial Team",
    "reviewer": "Molly Tyler",
    "date": "Updated: Mar 28, 2024, 15:46 PM",
    "version": "1.0",
    "title": "How to Customize the From Email Address for the Save and Resume Addon",
    "content": [
        {
            "subtitle": "Introduction",
            "content": [
                {
                    "text": "Would you like to customize the from email address that the Save and Resume addon uses when sending the resume link? Using a small snippet, you can easily customize this email to be different from your WordPress admin email. In this tutorial, we'll walk you through how to achieve this."
                }
            ]
        },
        {
            "subtitle": "Creating the form",
            "content": [
                {
                    "text": "First, you'll need to create a new form. We're using one of the many helpful templates for our form. To learn more about WPForms templates, please have a look at this documentation ."
                },
                {
                    "url": "https://wpforms.com/templates/"
                },
                {
                    "image_link": "https://wpforms.com/wp-content/uploads/2022/08/saveandresume_form.jpg"
                },
                {
                    "text": "If you need assistance in creating a form, you can always review this documentation ."
                },
                {
                    "url": "https://wpforms.com/docs/creating-first-form/"
                }
            ]
        },
        {
            "subtitle": "Enabling the Save and Resume",
            "content": [
                {
                    "text": "Next, we'll need to enable Save and Resume on the form. To do this, click on Settings from inside the form builder and toggle the switch for Enable Save and Resume . Once you've enabled this, you can proceed with configuring the settings and messages. For further assistance on the Save and Resume addon and setup, please review this documentation ."
                },
                {
                    "url": "https://wpforms.com/docs/how-to-install-and-use-the-save-and-resume-addon-with-wpforms/"
                },
                {
                    "image_link": "https://wpforms.com/wp-content/uploads/2022/08/enable-save-and-resume-link.jpg"
                }
            ]
        },
        {
            "subtitle": "Adding the snippet",
            "content": [
                {
                    "text": "Now it's time to add the snippet to your site. If you need help with how and where to add snippets to your site, check out this tutorial ."
                },
                {
                    "url": "https://wpforms.com/developers/how-to-add-custom-php-or-javascript-for-wpforms/"
                },
                {
                    "code": "\n/*\n * Customize the from email address that Save and Resume addon uses\n * \n * @link https://wpforms.com/developers/how-to-customize-the-from-email-address-for-the-save-and-resume-addon/\n */\n\nfunction save_resume_change_from_email( $from_address, $email ) {\n\n\tif ( $email->template instanceof WPFormsSaveResume\\Email\\Templates\\SaveResume ) {\n\t\t\n\t\t// Change from address with Save and Resume email\n\t\t$from_address = '[email\u00a0protected]'; \n\t\t\n\t}\n\t\n\treturn $from_address;\n\t\n}\nadd_action( 'wpforms_emails_mailer_get_from_address', 'save_resume_change_from_email', 10, 2 );\n"
                },
                {
                    "url": "/cdn-cgi/l/email-protection"
                },
                {
                    "text": "You'll need to change the $from_address to match the email address you want to set it to. And simply by adding this snippet, any email sent with the Save and Resume addon will appear to be from [email protected] ."
                },
                {
                    "url": "/cdn-cgi/l/email-protection"
                },
                {
                    "text": "The email settings may experience a malfunction if the SMTP plugins or custom codes are altered."
                },
                {
                    "text": "And that's it! You've successfully used a snippet to customize the from email address. Would you like to also customize the reply-to email address? Check out our tutorial on How to Change the Reply-to Email for the Save and Resume Addon ."
                },
                {
                    "url": "https://wpforms.com/developers/how-to-change-the-reply-to-email-for-the-save-and-resume-addon/"
                }
            ]
        },
        {
            "subtitle": "FAQ",
            "content": []
        },
        {
            "subtitle": "Q: Can I change the name it comes from as well?",
            "content": [
                {
                    "text": "A: Absolutely! To change the name, use this snippet."
                },
                {
                    "code": "\n/*\n* Customize the from name address that Save and Resume addon uses\n* \n* @link https://wpforms.com/developers/how-to-customize-the-from-email-address-for-the-save-and-resume-addon/\n*/\n     \n    function save_resume_change_from_name( $from_name, $email ) {\n     \n        if ( $email->template instanceof WPFormsSaveResume\\Email\\Templates\\SaveResume ) {\n             \n            // Change from name with Save and Resume email\n            $from_name = 'Sullie Eloso'; \n             \n        }\n         \n        return $from_name;\n         \n    }\n    add_action( 'wpforms_emails_mailer_get_from_name', 'save_resume_change_from_name', 10, 2 );\n"
                }
            ]
        },
        {
            "subtitle": "Q: Can I use this for the User Registration addon as well?",
            "content": [
                {
                    "text": "A: Absolutely! You would just use this snippet instead."
                },
                {
                    "code": "\n/*\n * Change the reply-to email address that the User and Registration addon uses\n* \n* @link https://wpforms.com/developers/how-to-customize-the-from-email-address-for-the-save-and-resume-addon/\n*/\n \nfunction user_registration_change_reply_to( $reply_to, $email ) {\n \n    if ( $email->template instanceof WPFormsUserRegistration\\EmailNotifications\\Templates\\General ) {\n         \n        // Change reply-to address on User Registration email\n        $reply_to = '[email\u00a0protected]'; \n         \n    }\n \n    return $reply_to;\n     \n}\nadd_action( 'wpforms_emails_mailer_get_reply_to_address', 'user_registration_change_reply_to', 10, 2 );\n"
                },
                {
                    "url": "/cdn-cgi/l/email-protection"
                }
            ]
        }
    ],
    "section": "Developers",
    "category": "Tutorials"
}