{
    "product_name": "WPForms",
    "document_id": 240,
    "document_name": "Disconnecting Google Sheets Addon",
    "document_url": "https://wpforms.com/docs/disconnecting-google-sheets-addon/",
    "author": "David Ozokoye",
    "reviewer": "Claire Broadley",
    "date": "Updated: Jul 15, 2024",
    "version": "1.0",
    "title": "Disconnecting Google Sheets Addon",
    "content": [
        {
            "subtitle": "Removing Connection for Individual Forms",
            "content": [
                {
                    "text": "If you'd like to disable Google Sheets connection for a single form without disconnecting your account, you can do so from the form builder."
                },
                {
                    "text": "For this, open the form you wish to remove its connection. In the form builder, go to Settings \" Google Sheets to access the addon's settings page."
                },
                {
                    "image_link": "https://wpforms.com/wp-content/uploads/2023/01/google-sheets-addon-settings.png"
                },
                {
                    "text": "To remove a connection, click on the trash icon next to the connection name."
                },
                {
                    "image_link": "https://wpforms.com/wp-content/uploads/2024/01/click-trash-icon.png"
                },
                {
                    "text": "An overlay will appear, prompting you to confirm your selection. Click OK to continue and delete the connection."
                },
                {
                    "image_link": "https://wpforms.com/wp-content/uploads/2023/01/delete-connection-single-form.png"
                }
            ]
        },
        {
            "subtitle": "Removing Your Google Sheets Connection",
            "content": [
                {
                    "text": "If you'd like to disconnect the Google Sheets addon from your WordPress site, go to WPForms \" Settings . Then select the Integrations tab."
                },
                {
                    "image_link": "https://wpforms.com/wp-content/uploads/2022/10/click-integrations-tab.png"
                },
                {
                    "text": "Next, click on the Google Sheets addon to open its options. To remove your connection, click the Disconnect link."
                },
                {
                    "image_link": "https://wpforms.com/wp-content/uploads/2023/01/disconnect-google-sheet-addon.png"
                },
                {
                    "text": "An overlay will appear, prompting you to confirm your selection. Go ahead and click OK to disconnect your account."
                },
                {
                    "image_link": "https://wpforms.com/wp-content/uploads/2023/01/confirm-disconnection.png"
                },
                {
                    "text": "Note: After disconnecting your account from the Google Sheets addon, all connections you've set up on individual forms will also be deleted."
                },
                {
                    "text": "That's it! Now you know how to disconnect your Google Sheets connection in WPForms."
                },
                {
                    "text": "Next, would you like to add users who fill out your form to your email newsletter? Our marketing integration tutorials contain details for various email service providers."
                },
                {
                    "url": "https://wpforms.com/categories/docs/marketing-integrations/"
                }
            ]
        }
    ],
    "section": "Documentation",
    "category": "Advanced Form Features"
}