{
    "product_name": "WPForms",
    "document_id": 172,
    "document_name": "How to Provide a Flexible Height to the Layout Field",
    "document_url": "https://wpforms.com/developers/how-to-provide-a-flexible-height-to-the-layout-field/",
    "author": "Editorial Team",
    "reviewer": "Molly Tyler",
    "date": "Published: Sep 27, 2022, 12:58 PM",
    "version": "1.0",
    "title": "How to Provide a Flexible Height to the Layout Field",
    "content": [
        {
            "subtitle": "Introduction",
            "content": [
                {
                    "text": "Would you like to provide a flexible height for a Paragraph field when using it inside a Layout field? When using the new Layout field, you can easily break your form into columns simply by dragging and dropping. When using the Paragraph text field, the height is a standard default height."
                },
                {
                    "image_link": "https://wpforms.com/wp-content/uploads/2022/09/wpforms-flexible-height-default-view.jpg"
                },
                {
                    "text": "In this tutorial, we're going to share a small snippet that will easily adjust the height of the Paragraph Text form field to stretch the height of the entire form."
                }
            ]
        },
        {
            "subtitle": "Creating the form",
            "content": [
                {
                    "text": "First, we'll begin by creating a new form and using the Layout field to drag and drop our other form field into place. If you need assistance with how to use the Layout field, please review this documentation ."
                },
                {
                    "url": "https://wpforms.com/docs/using-the-layout-field"
                },
                {
                    "image_link": "https://wpforms.com/wp-content/uploads/2022/09/wpforms-flexible-height-create-form.jpg"
                },
                {
                    "text": "Notice that for the purpose of this tutorial, all of our fields with the exception of one are on the left and the Paragraph Text form field is on the right by itself."
                }
            ]
        },
        {
            "subtitle": "Adding the snippet",
            "content": [
                {
                    "text": "Now it's time to add the snippet to our site. If you need help on where and how to add snippets to your site, please review this tutorial ."
                },
                {
                    "url": "https://wpforms.com/developers/how-to-add-custom-php-or-javascript-for-wpforms/"
                },
                {
                    "code": "\n/**\n * Add a flexible height to the Paragraph Text field when using with the Layout field\n *\n * @link   https://wpforms.com/developers/how-to-provide-a-flexible-height-to-the-layout-field/\n */\n\nfunction wpf_fit_textarea_to_column_css() {\n\n\t// Field ID of the Paragraph Text form field.\n\t$field_id = 3;\n\n\techo \"\n\t\t<style>\n\t\t\t.wpforms-layout-column .wpforms-field-textarea[data-field-id=\\\"{$field_id}\\\"] {\n\t\t\t\theight: 100%;\n\t\t\t}\n\t\t\t\n\t\t\t.wpforms-layout-column .wpforms-field-textarea[data-field-id=\\\"{$field_id}\\\"] > textarea {\n\t\t\t    height: calc( 100% - 24px ) !important;\n\t\t\t}\n\t\t</style>\n\t\";\n}\n\nadd_action( 'wp_head', 'wpf_fit_textarea_to_column_css', 10 );\n"
                },
                {
                    "text": "Please note in the above snippet, our Paragraph Text form field has the ID of 3 , which we've referenced in the snippet. You'll need to update this ID to match the ID of your own field. If you need help in finding your field ID, please check out this tutorial ."
                },
                {
                    "url": "https://wpforms.com/developers/how-to-locate-form-id-and-field-id/"
                },
                {
                    "text": "Now when the form loads, you'll see the Paragraph Text field has a flexible height that will increase or decrease as fields are added and removed."
                },
                {
                    "image_link": "https://wpforms.com/wp-content/uploads/2022/09/wpforms-flexible-height-after-snippet.jpg"
                },
                {
                    "text": "And that's all you need! Would you like to prevent your form from submitting if the field contains profanity? Check out our tutorial on How to Block Form Submissions Containing Profanity ."
                },
                {
                    "url": "https://wpforms.com/developers/how-to-block-form-submissions-containing-profanity/"
                }
            ]
        },
        {
            "subtitle": "Related",
            "content": [
                {
                    "text": "Action Reference: wp_head"
                },
                {
                    "url": "https://developer.wordpress.org/reference/hooks/wp_head/"
                }
            ]
        },
        {
            "subtitle": "FAQ",
            "content": []
        },
        {
            "subtitle": "Q: How can I target a single form?",
            "content": [
                {
                    "text": "A: If you only want to use this snippet on a single form. You can use this snippet that would target the form ID 3503 ."
                },
                {
                    "code": "\n/**\n * Add a flexible height to the Paragraph Text field when using with the Layout field\n *\n * @link   https://wpforms.com/developers/how-to-provide-a-flexible-height-to-the-layout-field/\n */\n \nfunction wpf_fit_textarea_to_column_css() {\n \n    // Field ID of the Paragraph Text form field.\n    $field_id = 19;\n \n    echo \"\n        <style>\n            form#wpforms-form-3503 .wpforms-layout-column .wpforms-field-textarea[data-field-id=\\\"{$field_id}\\\"] {\n                height: 100%;\n            }\n             \n            form#wpforms-form-3503 .wpforms-layout-column .wpforms-field-textarea[data-field-id=\\\"{$field_id}\\\"] > textarea {\n                height: calc( 100% - 24px ) !important;\n            }\n        </style>\n    \";\n}\n \nadd_action( 'wp_head', 'wpf_fit_textarea_to_column_css', 10 );\n"
                },
                {
                    "text": "If you need help in finding your form ID, please check out this tutorial ."
                },
                {
                    "url": "https://wpforms.com/developers/how-to-locate-form-id-and-field-id/"
                }
            ]
        }
    ],
    "section": "Developers",
    "category": "Tutorials"
}