{
    "product_name": "WPForms",
    "document_id": 644,
    "document_name": "How to Add a Year to the Entry Date",
    "document_url": "https://wpforms.com/developers/how-to-add-a-year-to-the-entry-date/",
    "author": "Editorial Team",
    "reviewer": "Molly Tyler",
    "date": "Updated: Feb 28, 2024, 13:05 PM",
    "version": "1.0",
    "title": "How to Add a Year to the Entry Date",
    "content": [
        {
            "subtitle": "Creating the form",
            "content": [
                {
                    "text": "We're going to begin by creating a new form. If you need any assistance with how to create a new form, please review this documentation ."
                },
                {
                    "url": "https://wpforms.com/docs/creating-first-form/"
                },
                {
                    "text": "For the purpose of this tutorial, we're creating a volunteer sign-up form. This form will capture the various information needed for the volunteers as well as two hidden fields that will store the start date, which is the entry date of the submission, as well as an expiration date for the volunteer since we will want to have the volunteer sign up again each year."
                },
                {
                    "image_link": "https://wpforms.com/wp-content/uploads/2023/01/wpforms-add-year-entry-create-form.jpg"
                }
            ]
        },
        {
            "subtitle": "Defining the Hidden Fields",
            "content": [
                {
                    "text": "Inside our form, we have two hidden fields. One is to store the information of the exact entry date and the second is where we will take the entry date, add one year, and then store that data inside the second hidden field which will be an expiration date."
                },
                {
                    "image_link": "https://wpforms.com/wp-content/uploads/2023/01/wpforms-add-year-entry-date-hidden-field.jpg"
                }
            ]
        },
        {
            "subtitle": "Adding a year to the WPForms entry date",
            "content": [
                {
                    "text": "Now it's time to add the snippet to your site. If you need any assistance with how and where to add snippets to your site, please check out our tutorial on this subject ."
                },
                {
                    "url": "https://wpforms.com/developers/how-to-add-custom-php-or-javascript-for-wpforms/"
                },
                {
                    "code": "\n/**\n * Add one year to the entry date and store this date inside a hidden field\n *\n * @link   https://wpforms.com/developers/how-to-add-a-year-to-the-wpforms-entry-date/\n */\n \nfunction wpf_dev_process_complete( $fields, $entry, $form_data, $entry_id ) {\n      \n    // Optional, you can limit to specific forms. Below, we restrict output to\n    // form #2189.\n    if ( absint( $form_data[ 'id' ] ) !== 2189 ) {\n        return;\n    }\n     \n    // Get the full entry object\n    $entry = wpforms()->entry->get( $entry_id );\n \n    // Fields are in JSON, so we decode to an array\n    $entry_fields = json_decode( $entry->fields, true );\n\t\n    // Checking to make sure Name field (ID 2) is not empty\n\tif (isset( $fields[2][ 'value' ] )) {\n\t\t\n\t\t// Set the date to today's date so the Entry Date is recorded\n        // on the first hidden field in the form\n        // Remember to update the 30 to match the field ID of your form for your first hidden field\n\t\t$entry_fields[30][ 'value' ] = date('m/d/Y');\n\n        // Set the date format and store the current date in a variable\n\t\t$setDate = date('m/d/Y');\n\t\t$date = strtotime($setDate);\n\t\t\n\t\t// Get the date set above and add 1 year to this date\n        $new_date = strtotime('+ 1 year', $date);\n\t\t\n\t\t// Store this new date inside the hidden field ID \n\t\t// Remember to update the 33 to match the field ID of your form for your second hidden field\n\t\t$entry_fields[33][ 'value' ] = date('m/d/Y', $new_date);\n\t\t\t\n\t}\n\n    // Convert back to json\n    $entry_fields = json_encode( $entry_fields );\n \n    // Save changes\n    wpforms()->entry->update( $entry_id, array( 'fields' => $entry_fields ), '', '', array( 'cap' => false ) );\n \n}\nadd_action( 'wpforms_process_complete', 'wpf_dev_process_complete', 10, 4 );\n\n"
                },
                {
                    "text": "In the above snippet, it's important to note that there is a form ID reference ( 2189 ) as well as a few field ID references ( 2, 30, and 33 ). You'll need to update each of these ID numbers to match your own form and field IDs. If you need help with where to find your ID numbers, please check out this tutorial ."
                },
                {
                    "url": "https://wpforms.com/developers/how-to-locate-form-id-and-field-id/"
                },
                {
                    "text": "In the snippet above, our function starts with making sure the form ID matches 2189 , if it doesn't, this snippet will not run."
                },
                {
                    "text": "In the next part of the snippet, we're checking just to make sure the Name field (this is the field ID 2 ) is not empty. Since we've set our form up to make the Name field a required field, we know this will never be empty, but we've placed it in as a validation check nonetheless."
                },
                {
                    "text": "Once we continue through our snippet, we're going to set the first hidden field (field ID 30 ) to the current date, which is the same as the entry date of the submission."
                },
                {
                    "text": "And finally, we're going to take the current date, add one year and then place that new date inside the second hidden field (field ID 33 )."
                },
                {
                    "text": "And now when you view the entry, you can clearly see the original date of the form submission as well as the new date that will stand as the expiration date of the submission."
                },
                {
                    "image_link": "https://wpforms.com/wp-content/uploads/2023/01/wpforms-add-year-entry-date.jpg"
                },
                {
                    "text": "You can even follow the guide in this documentation to change the default view of the entries screen so you can easily see these dates when you view all entries."
                },
                {
                    "url": "https://wpforms.com/docs/complete-guide-to-form-entries/#customize-entries-view"
                },
                {
                    "image_link": "https://wpforms.com/wp-content/uploads/2023/01/wpforms-entries-screen.jpg"
                },
                {
                    "text": "And that's it! You've successfully added and stored a new date inside your entries that is exactly one year from the entry date. Would you also like to store field values in your entries? Check out our tutorial on How to Store Field Values in the WPForms Entry ."
                },
                {
                    "url": "https://wpforms.com/developers/how-to-store-field-values-in-the-wpforms-entry/"
                }
            ]
        },
        {
            "subtitle": "Reference Action",
            "content": [
                {
                    "text": "wpforms_process_complete"
                },
                {
                    "url": "https://wpforms.com/developers/wpforms_process_complete/"
                }
            ]
        }
    ],
    "section": "Developers",
    "category": "Entries"
}