{
    "product_name": "WPForms",
    "document_id": 358,
    "document_name": "wpforms_field_select_choicesjs_config",
    "document_url": "https://wpforms.com/developers/wpforms_field_select_choicesjs_config/",
    "author": null,
    "reviewer": null,
    "date": null,
    "version": "1.0",
    "title": "wpforms_field_select_choicesjs_config",
    "content": [
        {
            "subtitle": "Description",
            "content": [
                {
                    "text": "The wpforms_field_select_choicesjs_config filter is used to provide the ability to change the default configuration settings for the Modern Dropdown form field."
                }
            ]
        },
        {
            "subtitle": "Parameters",
            "content": [
                {
                    "text": "$config: (array)Array of default configuration settings used for the dropdown."
                },
                {
                    "text": "$forms: (int)Form ID."
                }
            ]
        },
        {
            "subtitle": "Source",
            "content": [
                {
                    "text": "wpforms/includes/fields/class-base.php"
                }
            ]
        },
        {
            "subtitle": "More Information",
            "content": [
                {
                    "text": "The filter has a default configuration set such as the text Loading , No Results , Item Select and others. A full list of text values and their key names can be seen below."
                },
                {
                    "text": "'loadingText' => esc_html__( 'Loading...', 'wpforms-lite' ), 'noResultsText' => esc_html__( 'No results found.', 'wpforms-lite' ), 'noChoicesText' => esc_html__( 'No choices to choose from.', 'wpforms-lite' ), 'itemSelectText' => esc_attr__( 'Press to select.', 'wpforms-lite' ), 'uniqueItemText' => esc_html__( 'Only unique values can be added.', 'wpforms-lite' ), 'customAddItemText' => esc_html__( 'Only values matching specific conditions can be added.', 'wpforms-lite' ),"
                }
            ]
        },
        {
            "subtitle": "Example",
            "content": [
                {
                    "code": "\n/**\n * Configuration text settings for the Modern Dropdown form field.\n *\n * @link   https://wpforms.com/developers/wpforms_field_select_choicesjs_config/\n *\n * @param  array $config\n * @param  int   $forms\n * @return array\n */\n\nfunction wpf_dev_change_modern_dropdown_noresults_text( $config, $forms ) {\n      \n    // Change 519 to an ID of your actual form or remove this condition to apply to all forms.\n    if ( ! array_key_exists( 519, $forms ) ) {\n        return $config;\n    }\n      \n        // If there are several forms on the same page, the customization will be applied to all of them.\n        $config[ 'loadingText' ]       = __( 'Searching....', 'your-text-domain' );\n\t\t$config[ 'noResultsText' ]     = __( 'Nothing to be found', 'your-text-domain' );\n\t\t$config[ 'noChoicesText' ]     = __( 'These are not the choices you are looking for', 'your-text-domain' );\n\t\t$config[ 'itemSelectText' ]    = __( 'Select me', 'your-text-domain' );\n\t\t$config[ 'uniqueItemText' ]    = __( 'Only unique values can be added.', 'your-text-domain' );\n\t\t$config[ 'customAddItemText' ] = __( 'Only values matching specific conditions can be added.', 'your-text-domain' );\n\t\t$config[ 'searchResultLimit' ] = 2;\n  \n    return $config;\n}\n  \nadd_filter( 'wpforms_field_select_choicesjs_config', 'wpf_dev_change_modern_dropdown_noresults_text', 10, 2 );\n\n"
                }
            ]
        },
        {
            "subtitle": "Reference Articles",
            "content": [
                {
                    "text": "How to Change the No Results Found Text in the Modern Dropdown Field"
                },
                {
                    "text": "How To Customize the Modern Dropdown Field"
                },
                {
                    "url": "https://wpforms.com/developers/how-to-change-the-no-results-found-text-in-the-modern-dropdown-field/"
                },
                {
                    "url": "https://wpforms.com/developers/how-to-customize-the-modern-dropdown-field/"
                }
            ]
        }
    ],
    "section": "Developers",
    "category": "Filters Hooks"
}