{
    "product_name": "WPForms",
    "document_id": 575,
    "document_name": "How to Set a Default Date for Your Date Picker Form Field",
    "document_url": "https://wpforms.com/developers/how-to-set-a-default-date-for-your-date-picker-form-field/",
    "author": "Editorial Team",
    "reviewer": "Molly Tyler",
    "date": "Updated: Feb 27, 2024, 17:01 PM",
    "version": "1.0",
    "title": "How to Set a Default Date for Your Date Picker Form Field",
    "content": [
        {
            "subtitle": "Creating the form",
            "content": [
                {
                    "text": "First, you'll need to create your form and add the Date/Time form field to your form. On the Advanced tab, make sure you've selected Date Picker for the Type ."
                },
                {
                    "image_link": "https://wpforms.com/wp-content/uploads/2021/01/wpforms-date-picker-type.jpg 1276w, https://wpforms.com/wp-content/uploads/2021/01/wpforms-date-picker-type-300x188.jpg 300w, https://wpforms.com/wp-content/uploads/2021/01/wpforms-date-picker-type-1024x640.jpg 1024w, https://wpforms.com/wp-content/uploads/2021/01/wpforms-date-picker-type-768x480.jpg 768w"
                },
                {
                    "text": "If you need any assistance in creating your form, please review this tutorial ."
                },
                {
                    "url": "https://wpforms.com/docs/creating-first-form/"
                },
                {
                    "text": "Please note the example snippets in this tutorial are specifically for single-use examples. If you're planning on using several of these code snippets at once you'll need to make sure each function name is unique or you can group them all into one function."
                }
            ]
        },
        {
            "subtitle": "Setting the default date",
            "content": [
                {
                    "text": "With any of the snippets, you'll need to copy and paste them to your site. If you need help in how to add snippets to your site, please review this tutorial."
                },
                {
                    "url": "https://wpforms.com/developers/how-to-add-custom-php-or-javascript-for-wpforms/"
                }
            ]
        },
        {
            "subtitle": "Adding the code snippet for all date pickers",
            "content": [
                {
                    "code": "\n/**\n * Set today's date as default date for all date pickers.\n *\n * @link https://wpforms.com/developers/how-to-set-a-default-date-for-your-date-picker-form-field/\n */\n\nfunction wpf_dev_date_picker_default() {\n    ?>\n\n    <script type=\"text/javascript\">\n\n        window.wpforms_datepicker = {\n\n            defaultDate: \"today\",\n            disableMobile: \"true\"\n\n        }\n\n    </script>\n\n    <?php\n}\n\nadd_action( 'wpforms_wp_footer_end', 'wpf_dev_date_picker_default', 30 );\n"
                }
            ]
        },
        {
            "subtitle": "Adding the code snippet for date pickers inside a specific form",
            "content": [
                {
                    "text": "To set a default date for the Datepickers inside a specific form, you can use this snippet but change the _1287 to match your own form ID. If you need any help in how to find your form ID, please check out this tutorial."
                },
                {
                    "url": "https://wpforms.com/developers/how-to-add-custom-php-or-javascript-for-wpforms/"
                },
                {
                    "code": "\n/**\n * Set today's date as default date for all date pickers inside the specific form.\n *\n * @link https://wpforms.com/developers/how-to-set-a-default-date-for-your-date-picker-form-field/\n */\n\nfunction wpf_dev_date_picker_default() {\n    ?>\n\n    <script type=\"text/javascript\">\n\n        // Run this on all date pickers inside the form ID 1287\n        window.wpforms_1287 = window.wpforms_1287 || {};\n        window.wpforms_1287.datepicker = {\n\n            defaultDate: \"today\",\n            disableMobile: \"true\"\n\n        }\n\n    </script>\n\n    <?php\n}\n\nadd_action( 'wpforms_wp_footer_end', 'wpf_dev_date_picker_default', 30 );\n"
                }
            ]
        },
        {
            "subtitle": "Adding the code snippet for a specific date picker field inside a specific form",
            "content": [
                {
                    "text": "To set a default date for a specific field inside a specific form, you can use this snippet but change the _1287 to match your own form ID and update the _4 to match the field ID. If you need any help in how to find your form ID, please check out this tutorial."
                },
                {
                    "url": "https://wpforms.com/developers/how-to-add-custom-php-or-javascript-for-wpforms/"
                },
                {
                    "code": "\n/**\n * Set today's date as default date for a specific date picker inside a specific form.\n *\n * @link https://wpforms.com/developers/how-to-set-a-default-date-for-your-date-picker-form-field/\n */\n\nfunction wpf_dev_date_picker_default() {\n    ?>\n\n    <script type=\"text/javascript\">\n\n        // Run this on the date field ID 4 inside the form ID 1287\n        window.wpforms_1287_4 = window.wpforms_1287_4 || {};\n        window.wpforms_1287_4.datepicker = {\n\n            defaultDate: \"today\",\n            disableMobile: \"true\"\n\n        }\n\n    </script>\n\n    <?php\n}\n\nadd_action( 'wpforms_wp_footer_end', 'wpf_dev_date_picker_default', 30 );\n\n"
                },
                {
                    "text": "And that's all you need to set a default date. When the page loads, the Date field will automatically load the current date."
                },
                {
                    "image_link": "https://wpforms.com/wp-content/uploads/2021/01/wpforms-default-date.jpg"
                },
                {
                    "text": "Would you like to also learn how to set a range of dates or multiple dates that can be selected from your date picker? Check out our article on How to Allow Date Range or Multiple Dates in Date Picker ."
                },
                {
                    "url": "https://wpforms.com/developers/allow-date-range-or-multiple-dates-in-date-picker/"
                }
            ]
        },
        {
            "subtitle": "Reference Action",
            "content": [
                {
                    "text": "wpforms_wp_footer_end"
                },
                {
                    "url": "https://wpforms.com/developers/wpforms_wp_footer_end/"
                }
            ]
        },
        {
            "subtitle": "FAQ",
            "content": []
        },
        {
            "subtitle": "Can I just set a default date by a custom CSS class name?",
            "content": [
                {
                    "text": "A: Absolutely! First make sure you've added a class name on your Date/Time form field from the Advanced tab."
                },
                {
                    "text": "In our example, the CSS class name we're using is customdatecode ."
                },
                {
                    "image_link": "https://wpforms.com/wp-content/uploads/2021/01/wpforms-add-css-class-1.jpg"
                },
                {
                    "text": "Once you've saved the form CSS class name, add this code snippet to your site."
                },
                {
                    "code": "\n/**\n * Set today's date as default date for all date pickers from a CSS class name.\n *\n * @link https://wpforms.com/developers/how-to-set-a-default-date-for-your-date-picker-form-field/\n */\n\nfunction wpf_dev_date_picker_default() {\n    ?>\n\n    <script type=\"text/javascript\">\n\n        jQuery( '.customdatecode' ).each( function () {\n\n            var form   = jQuery( this ).closest( '.wpforms-form' ),\n                formID  = form.data( 'formid' ),\n                fieldID = jQuery(this).data('field-id' );\n            window['wpforms_' + formID + '_' + fieldID] = {\n\n                datepicker:  {\n                    defaultDate: 'today',\n                    disableMobile: 'true'\n                }\n\n            }\n\n        } );\n    </script>\n\n    <?php\n}\n\nadd_action( 'wpforms_wp_footer_end', 'wpf_dev_date_picker_default', 30 );\n"
                },
                {
                    "text": "Now on any form that has a date picker inside of it with that CSS class name, it will automatically set today's date as the date for that field."
                }
            ]
        },
        {
            "subtitle": "Q: Will this work on mobile devices?",
            "content": [
                {
                    "text": "A: Mobile devices all vary with the OS default functionality so the date will not be filled in automatically when viewing from mobile devices."
                }
            ]
        },
        {
            "subtitle": "Q: How can I set the minimum date and default date for the current date?",
            "content": [
                {
                    "text": "A: Absolutely! To set the default date and minimum date on your date picker to today's date, just use this snippet."
                },
                {
                    "code": "\n/**\n * Set today's date as the default and minimum date for all date pickers.\n *\n * @link https://wpforms.com/developers/how-to-set-a-default-date-for-your-date-picker-form-field/\n */\n\nfunction wpf_dev_date_picker_default() {\n    ?>\n\n    <script type=\"text/javascript\">\n\n        window.wpforms_datepicker = {\n\n            defaultDate: \"today\",\n            minDate: \"today\",\n            disableMobile: \"true\"\n        }\n\n    </script>\n\n    <?php\n}\n\nadd_action( 'wpforms_wp_footer_end', 'wpf_dev_date_picker_default', 30 );\n"
                }
            ]
        }
    ],
    "section": "Developers",
    "category": "Fields"
}