{
    "product_name": "WPForms",
    "document_id": 167,
    "document_name": "Installing Addons Manually",
    "document_url": "https://wpforms.com/docs/how-to-manually-install-addons-in-wpforms/",
    "author": "Umair Majeed",
    "reviewer": "Claire Broadley",
    "date": "Updated: Aug 27, 2024",
    "version": "1.0",
    "title": "Installing Addons Manually",
    "content": [
        {
            "subtitle": "Downloading WPForms Addons",
            "content": [
                {
                    "text": "First, you'll need to log into your WPForms account . Once you've logged in, go ahead and click on the Downloads tab."
                },
                {
                    "url": "https://wpforms.com/account/"
                },
                {
                    "image_link": "https://wpforms.com/wp-content/uploads/2024/08/downloads-1024x506.png"
                },
                {
                    "text": "Then, scroll down the page and you'll see a list of the available addons you can download with your license level."
                },
                {
                    "image_link": "https://wpforms.com/wp-content/uploads/2024/08/wpforms-addons.png"
                },
                {
                    "text": "To download an addon, click the Download link under the addon you've selected. After that, a zipped file will begin to download."
                },
                {
                    "image_link": "https://wpforms.com/wp-content/uploads/2024/08/click-download.png"
                },
                {
                    "text": "Once the file has been downloaded, it's time to navigate to your WordPress site's dashboard."
                },
                {
                    "text": "Note: In some cases, this file may unzip as you download it, and instead appear as a regular folder. However, the folder must be zipped to use the WordPress plugin uploader."
                },
                {
                    "text": "For more details on how to zip and unzip files, be sure to check out these guides for Windows or Mac operating systems."
                },
                {
                    "url": "https://support.microsoft.com/en-us/help/14200/windows-compress-uncompress-zip-files"
                },
                {
                    "url": "https://support.apple.com/kb/PH25411?locale=en_US"
                }
            ]
        },
        {
            "subtitle": "Installing WPForms Addons on Your Site",
            "content": [
                {
                    "text": "Once you've downloaded your zip file, go ahead and navigate to the site where you'd like to install the addon. Then, inside the admin dashboard, go to Plugins \" Add New and click the Upload Plugin button."
                },
                {
                    "image_link": "https://wpforms.com/wp-content/uploads/2021/01/Upload-Plugin.png"
                },
                {
                    "text": "From here, you'll see the option to upload the plugin. Click on the Choose File button and select the WPForms zip file you just downloaded."
                },
                {
                    "image_link": "https://wpforms.com/wp-content/uploads/2021/01/Choose-File-.png"
                },
                {
                    "text": "After your file is uploaded, go ahead and click on the Install Now button."
                },
                {
                    "image_link": "https://wpforms.com/wp-content/uploads/2021/06/click-install-now.png"
                },
                {
                    "text": "This will begin the installation process for you. Once the addon is installed, click on the Activate Plugin button to activate the addon on your site."
                },
                {
                    "image_link": "https://wpforms.com/wp-content/uploads/2021/06/activate-plugin.png"
                }
            ]
        },
        {
            "subtitle": "Frequently Asked Questions",
            "content": [
                {
                    "text": "Below are some of the most common question we receive about manually installing addons."
                }
            ]
        },
        {
            "subtitle": "How can I manually install WPForms addons using FTP or SFTP?",
            "content": [
                {
                    "text": "To get started, you'll first need an SFTP client. Once you have that ready, you can follow the steps in WPBeginner's guide to using FTP to upload files to WordPress . It provides a comprehensive walkthrough on how to install WordPress plugins via SFTP, which applies to our addons as well."
                },
                {
                    "url": "https://www.wpbeginner.com/beginners-guide/how-to-use-ftp-to-upload-files-to-wordpress-for-beginners/"
                },
                {
                    "text": "Be sure to upload the addons in the following folder of your WordPress installation: /wp-content/plugins/ ."
                },
                {
                    "text": "That's it! You can now begin using the WPForms addon on your WordPress site."
                },
                {
                    "text": "Next, would you like to learn more about all the settings available in WPForms? Be sure to check out our complete guide on WPForms settings for more details."
                },
                {
                    "url": "https://wpforms.com/docs/a-complete-guide-to-wpforms-settings/"
                }
            ]
        }
    ],
    "section": "Documentation",
    "category": "Advanced (Pro) Addons"
}