{
    "product_name": "WPForms",
    "document_id": 247,
    "document_name": "Sending a Notification Email to the Person Who Submitted the Form",
    "document_url": "https://wpforms.com/docs/sending-a-notification-email-to-the-person-who-submitted-the-form/",
    "author": "David Ozokoye",
    "reviewer": "Molly Tyler",
    "date": "Updated: Jun 30, 2023",
    "version": "1.0",
    "title": "Sending a Notification Email to the Person Who Submitted the Form",
    "content": [
        {
            "subtitle": "Acknowledging Form Submissions with Email Notifications",
            "content": [
                {
                    "text": "Sending an email to the user who submitted the form is a great way to quickly acknowledge that you've received their form submission."
                },
                {
                    "text": "To set this up, you need the Send To Email Address to pull the user's email from their entry. You can do this using a Smart Tag ."
                },
                {
                    "url": "https://wpforms.com/docs/how-to-use-smart-tags-in-wpforms/"
                },
                {
                    "text": "In your notifications settings, look to the right of the Send To Email Address field and click Show Smart Tags ."
                },
                {
                    "image_link": "https://wpforms.com/wp-content/uploads/2021/03/notification-email-show-Smart-Tags.png 1116w, https://wpforms.com/wp-content/uploads/2021/03/notification-email-show-Smart-Tags-300x62.png 300w, https://wpforms.com/wp-content/uploads/2021/03/notification-email-show-Smart-Tags-1024x213.png 1024w, https://wpforms.com/wp-content/uploads/2021/03/notification-email-show-Smart-Tags-768x160.png 768w"
                },
                {
                    "text": "This will open a list of available Smart Tags. Under the Available Fields section, select the Email field."
                },
                {
                    "image_link": "https://wpforms.com/wp-content/uploads/2021/03/available-fields-Smart-Tags.png"
                },
                {
                    "text": "The appropriate Smart Tag will automatically be added to the Send To Email Address field for you."
                },
                {
                    "image_link": "https://wpforms.com/wp-content/uploads/2021/03/email-field-Smart-Tag.png"
                },
                {
                    "text": "When the email notification is sent, this Smart Tag will automatically pull the email address that the user entered into your form."
                },
                {
                    "text": "If you prefer to pull the email address a user submits through a different field, you can manually enter the {field_id=\"#\"} Smart Tag with the ID of the field you'd like to use. You can find a field's ID in the Field Options panel for the relevant field."
                },
                {
                    "image_link": "https://wpforms.com/wp-content/uploads/2021/03/field-id-in-field-options-3.png"
                },
                {
                    "text": "Be sure to replace # in the {field_id=\"#\"} Smart Tag with your field's ID. For example, if your field's ID is 3 , it'd look like {field_id=\"3\"} ."
                },
                {
                    "image_link": "https://wpforms.com/wp-content/uploads/2021/03/field-id-smart-tag-in-send-to-email-4.png"
                },
                {
                    "text": "That's it! Now you know how to send a notification email to the person that submitted your form."
                },
                {
                    "text": "Next, want to learn more about setting up form notification emails? Check out our other form notification tutorials to discover more ways you can improve your form management experience."
                },
                {
                    "url": "https://wpforms.com/categories/docs/form-notifications/"
                }
            ]
        }
    ],
    "section": "Documentation",
    "category": "Form Notifications"
}