{
    "product_name": "WPForms",
    "document_id": 432,
    "document_name": "Using (AND\u2013OR) Smart Conditional Logic",
    "document_url": "https://wpforms.com/docs/how-to-use-and-or-conditional-logic/",
    "author": "David Ozokoye",
    "reviewer": "Molly Tyler",
    "date": "Updated: Sep 3, 2024",
    "version": "1.0",
    "title": "Using (AND\u2013OR) Smart Conditional Logic",
    "content": [
        {
            "subtitle": "Try this Form Demo!",
            "content": [
                {
                    "text": "Yes. I'll leave a review"
                },
                {
                    "text": "No. Maybe later"
                },
                {
                    "text": "For a beginner's guide to conditional logic, be sure to check out our introductory tutorial ."
                },
                {
                    "url": "https://wpforms.com/docs/how-to-use-conditional-logic-with-wpforms/"
                },
                {
                    "text": "Before you get started, make sure WPForms is installed and activated on your site. You'll then need to create a new form or edit an existing one."
                },
                {
                    "url": "https://wpforms.com/docs/install-wpforms-plugin/"
                },
                {
                    "url": "https://wpforms.com/docs/creating-first-form/"
                }
            ]
        },
        {
            "subtitle": "Enabling Conditional Logic",
            "content": [
                {
                    "text": "In the form builder, click on any field in the preview area to open its Field Options panel. Then click on the Smart Logic tab."
                },
                {
                    "image_link": "https://wpforms.com/wp-content/uploads/2020/03/smart-logic-field-options.png"
                },
                {
                    "text": "Next, toggle on the option labeled Enable Conditional Logic ."
                },
                {
                    "image_link": "https://wpforms.com/wp-content/uploads/2020/03/enable-conditional-logic.png"
                },
                {
                    "text": "Once you've turned on conditional logic for a field, you'll be able to add your conditions. We'll share all the details on setting up conditions for both AND and OR logic in the sections below."
                }
            ]
        },
        {
            "subtitle": "Using OR Logic",
            "content": [
                {
                    "text": "OR logic enables you to set multiple possible conditions that will hide or show a field. As long as at least one of the conditions is met, the field will appear or disappear, depending on how you set up your rule."
                },
                {
                    "text": "For more details on creating conditional logic rules, please see our introductory tutorial on conditional logic ."
                },
                {
                    "url": "https://wpforms.com/docs/how-to-use-conditional-logic-with-wpforms/"
                },
                {
                    "text": "We'll be using an ongoing example in this tutorial of a form that includes a Rating field. To demonstrate OR logic, we'll create a rule that will show a Multiple Choice field asking users to write a review if they give a rating of 4 or 5 stars."
                },
                {
                    "text": "To get started, we'll add our Rating and Multiple Choice fields to our form and customize their field options . Once they're ready, we'll enable conditional logic for the Multiple Choice field."
                },
                {
                    "url": "https://wpforms.com/docs/how-to-customize-form-field-options/"
                },
                {
                    "text": "First, we'll create a rule to Show this field if Rating is 4 ."
                },
                {
                    "image_link": "https://wpforms.com/wp-content/uploads/2020/03/or-logic-example-first-rule.png"
                },
                {
                    "text": "Then we'll click the Add New Group button, which will cause another set of dropdowns to appear so we can create our second rule."
                },
                {
                    "image_link": "https://wpforms.com/wp-content/uploads/2020/03/add-new-group-or-logic.png"
                },
                {
                    "text": "This one will read, Show this field if Rating is 5 ."
                },
                {
                    "image_link": "https://wpforms.com/wp-content/uploads/2020/03/or-logic-example-second-rule.png"
                },
                {
                    "text": "Once this form is published, the Multiple Choice field labeled \"Would you like to leave a review?\" will appear if a user selects a 4 or a 5-star rating."
                },
                {
                    "image_link": "https://wpforms.com/wp-content/uploads/2023/05/selected-5-star-rating.png"
                },
                {
                    "text": "Explore our ready-to-use Survey Form Template that showcases the advanced conditional logic features."
                },
                {
                    "url": "https://wpforms.com/templates/survey-form-template/"
                }
            ]
        },
        {
            "subtitle": "Using AND Logic",
            "content": [
                {
                    "text": "The purpose of AND logic is to require 2 or more conditions that users must meet at the same time in order to show or hide the conditional field."
                },
                {
                    "text": "For this example, we'll show an HTML field asking users to share their reviews on Google if they give a 5-star rating and select \"Yes, I'll leave a review\" from our Multiple Choice field."
                },
                {
                    "url": "https://wpforms.com/docs/how-to-choose-the-right-form-field-for-your-forms/#html"
                },
                {
                    "text": "Want to learn more ways you can include text in your forms? Check out our tutorial on adding extra text and descriptions in WPForms ."
                },
                {
                    "url": "https://wpforms.com/docs/how-to-add-extra-text-and-descriptions-to-forms/"
                },
                {
                    "text": "Next, we'll enable conditional logic for the HTML field and set up our first rule, which reads, Show this field if Rating is 5 ."
                },
                {
                    "image_link": "https://wpforms.com/wp-content/uploads/2020/03/and-logic-example-first-rule.png"
                },
                {
                    "text": "To add our second rule, we'll click the And button, which shows another set of dropdowns."
                },
                {
                    "image_link": "https://wpforms.com/wp-content/uploads/2020/03/and-logic-button.png"
                },
                {
                    "text": "We'll use these to create a rule that states, Show this field if Would you like to leave a review? is Yes, I'll leave a review ."
                },
                {
                    "image_link": "https://wpforms.com/wp-content/uploads/2020/03/and-logic-example-second-rule.png"
                },
                {
                    "text": "When this form is published, users will only see the request to post their review to Google if they give a 5-star rating and agree to write a review."
                },
                {
                    "text": "We always recommend testing your forms before you publish them to make sure your conditional logic and other features work properly. See our complete form testing checklist for a step-by-step guide to this process."
                },
                {
                    "url": "https://wpforms.com/docs/how-to-properly-test-your-wordpress-forms-before-launching-checklist/"
                },
                {
                    "text": "That's it! You can now create custom forms with AND-OR conditional logic."
                },
                {
                    "text": "Next, would you like to add conditional logic to your notification emails? Be sure to check out our tutorial on conditional notifications to learn how to send out different notifications based on users' form selections and input."
                },
                {
                    "url": "https://wpforms.com/docs/how-to-create-conditional-form-notifications-in-wpforms/"
                }
            ]
        }
    ],
    "section": "Documentation",
    "category": "Form Creation"
}