{
    "product_name": "WPForms",
    "document_id": 471,
    "document_name": "Creating Popup Forms With OptinMonster",
    "document_url": "https://wpforms.com/docs/how-to-create-a-popup-form-with-wpforms/",
    "author": "Umair Majeed",
    "reviewer": "David Ozokoye",
    "date": "Updated: Sep 26, 2024",
    "version": "1.0",
    "title": "Creating Popup Forms With OptinMonster",
    "content": [
        {
            "subtitle": "Installing OptinMonster",
            "content": [
                {
                    "text": "To begin, install OptinMonster , a powerful WordPress plugin for creating popups and other marketing solutions."
                },
                {
                    "url": "https://optinmonster.com/docs/how-to-install-the-optinmonster-wordpress-plugin/"
                },
                {
                    "text": "Go to Plugins \" Add New , then search for the OptinMonster plugin in the search bar."
                },
                {
                    "image_link": "https://wpforms.com/wp-content/uploads/2022/08/search-optinmonster-plugin.png"
                },
                {
                    "text": "Next, click the Install Now button to install the plugin."
                },
                {
                    "image_link": "https://wpforms.com/wp-content/uploads/2022/08/click-install-now-optinmonster.png"
                },
                {
                    "text": "Once you've installed the OptinMonster plugin, click Activate to enable the plugin."
                },
                {
                    "image_link": "https://wpforms.com/wp-content/uploads/2022/09/optin-monster-activate.png"
                },
                {
                    "text": "Note : For extra help, be sure to check out WPBeginner's guide to installing WordPress plugins ."
                },
                {
                    "url": "https://www.wpbeginner.com/beginners-guide/step-by-step-guide-to-install-a-wordpress-plugin-for-beginners/"
                }
            ]
        },
        {
            "subtitle": "Connecting Your Site to OptinMonster",
            "content": [
                {
                    "text": "When you activate the OptinMonster plugin, you'll be prompted to connect your site to OptinMonster via the setup wizard. If you have an OptinMonster account, click Connect Your Existing Account to continue."
                },
                {
                    "image_link": "https://wpforms.com/wp-content/uploads/2022/09/optin-monster-setup-wizard.png"
                },
                {
                    "text": "Note: If you don't have an existing account, click New? Claim Your Free Account to set up a new account. For more information about OptinMonster and its available features, check out the OptinMonster pricing page ."
                },
                {
                    "url": "https://optinmonster.com/pricing/"
                },
                {
                    "text": "In the new dialog that appears, click Connect To WordPress ."
                },
                {
                    "image_link": "https://wpforms.com/wp-content/uploads/2022/09/optin-monster-connect-wordpress.png"
                },
                {
                    "text": "OptinMonster will automatically connect to your site as soon as you log in."
                },
                {
                    "image_link": "https://wpforms.com/wp-content/uploads/2022/09/optinmonster-connected.png"
                }
            ]
        },
        {
            "subtitle": "Creating a Form",
            "content": [
                {
                    "text": "Now that you've got OptinMonster installed, it's time to set up your popup form. To get started, go ahead and create a new form ."
                },
                {
                    "url": "https://wpforms.com/docs/creating-first-form/"
                },
                {
                    "text": "For this example, we'll create our form with the simple contact form template . To do this, go to WPForms \" Add New . Then, select the simple contact form template by clicking the Use Template button."
                },
                {
                    "url": "https://wpforms.com/templates/simple-contact-form-template/"
                },
                {
                    "image_link": "https://wpforms.com/wp-content/uploads/2021/09/Simple-contact-form-template.png"
                },
                {
                    "text": "This will take you to the form builder, where you can add additional fields by dragging and dropping them into the form preview area."
                },
                {
                    "image_link": "https://wpforms.com/wp-content/uploads/2022/01/drag-and-drop-fields.gif"
                },
                {
                    "text": "To remove a field from your form, hover over it and click the red trash icon."
                },
                {
                    "image_link": "https://wpforms.com/wp-content/uploads/2022/01/delete-field-in-form-builder.png"
                },
                {
                    "text": "Once you're done editing your form, be sure to click the Save button to save any changes."
                },
                {
                    "image_link": "https://wpforms.com/wp-content/uploads/2022/01/save-form-changes.png"
                },
                {
                    "text": "After you've saved your form, further customizations are available in the Settings tab."
                },
                {
                    "image_link": "https://wpforms.com/wp-content/uploads/2022/04/form-builder-settings.png"
                },
                {
                    "text": "If you'd like to receive an email when your form is submitted, check out our guide to setting up form notifications . You can also set up confirmation settings for your form if you'd like."
                },
                {
                    "url": "https://wpforms.com/docs/setup-form-notification-wpforms/"
                },
                {
                    "url": "https://wpforms.com/docs/setup-form-confirmation-wpforms/"
                },
                {
                    "text": "Note: Some WPForms fields are incompatible with OptinMonster popups. We recommend previewing and testing your form in your popup before releasing it live on your site."
                }
            ]
        },
        {
            "subtitle": "Creating a Popup in OptinMonster",
            "content": [
                {
                    "text": "Now that your form is ready, you're ready to start creating a popup. To get started, go to OptinMonster \" Campaigns and click Add New ."
                },
                {
                    "image_link": "https://wpforms.com/wp-content/uploads/2022/08/new-campaign-optinmonster.png"
                },
                {
                    "text": "This will bring you to the Templates screen. By default, OptinMonster will select Popup as the Campaign Type."
                },
                {
                    "image_link": "https://wpforms.com/wp-content/uploads/2022/08/optinmonster-campaign-type-popup-selected.png"
                },
                {
                    "text": "Choose a popup template from any of the available categories, or enter the search term that most closely matches your intended style."
                },
                {
                    "image_link": "https://wpforms.com/wp-content/uploads/2022/08/select-popup-template-optinmonster.png"
                },
                {
                    "text": "Select the template you want to use, then click the Use Template button."
                },
                {
                    "image_link": "https://wpforms.com/wp-content/uploads/2022/08/use-popup-template-optinmonster.png"
                },
                {
                    "text": "Then, choose a name for your campaign in the Create Campaign dialog, and click the Start Building button to move on to customizing your popup."
                },
                {
                    "image_link": "https://wpforms.com/wp-content/uploads/2022/08/choose-campaign-name-start-buiding-optinmonster.png"
                },
                {
                    "text": "Next, your popup will open in the OptinMonster app, where you can customize your campaign as you like."
                },
                {
                    "image_link": "https://wpforms.com/wp-content/uploads/2022/08/editing-campaign-in-optinmonster-app.png"
                },
                {
                    "text": "Note: For more information on working with campaigns in OptinMonster, check out their documentation on designing campaigns ."
                },
                {
                    "url": "https://optinmonster.com/docs/creating-your-first-optin/#Design_Your_Campaign"
                }
            ]
        },
        {
            "subtitle": "Embedding the WPForms Block",
            "content": [
                {
                    "text": "To add a form to your OptinMonster popup, find the WPForms block in the sidebar on the left. You can also search for WPForms in the search box."
                },
                {
                    "image_link": "https://wpforms.com/wp-content/uploads/2022/08/wpforms-block-optinmonster-1.png"
                },
                {
                    "text": "Now, click and drag the WPForms block to the area of your popup where you'd like it to appear. Then, select the form you previously created in the Form Selection dropdown list."
                },
                {
                    "image_link": "https://wpforms.com/wp-content/uploads/2022/09/select-form-wpforms-block-optinmonster-1.png"
                },
                {
                    "text": "Note: If you don't see your forms in the dropdown list, be sure to check that you've connected your site to OptinMonster."
                },
                {
                    "url": "#connect-to-optinmonster"
                },
                {
                    "text": "When you're done setting up your popup, click the Save button to apply your changes."
                },
                {
                    "image_link": "https://wpforms.com/wp-content/uploads/2022/09/click-optin-monster-save-button.png"
                }
            ]
        },
        {
            "subtitle": "Publishing Your Popup Form",
            "content": [
                {
                    "text": "Now that your popup is all set up, it's time to publish it. To do this, you'll first need to click the Publish tab."
                },
                {
                    "image_link": "https://wpforms.com/wp-content/uploads/2022/08/click-the-optinmonster-publish-tab.png"
                },
                {
                    "text": "Then, click on the Publish button under Publish Status."
                },
                {
                    "image_link": "https://wpforms.com/wp-content/uploads/2022/08/publish-status-publish-optinmonster.png"
                },
                {
                    "text": "Now your popup will be live on your site."
                }
            ]
        },
        {
            "subtitle": "Previewing Your Popup Form",
            "content": [
                {
                    "text": "If your popup hasn't been published, follow the steps to publish your form, then click the Preview button."
                },
                {
                    "url": "#publish"
                },
                {
                    "image_link": "https://wpforms.com/wp-content/uploads/2022/08/preview-published-popup-optinmonster.png"
                },
                {
                    "text": "Note: Previews are only available after your popup has been published at least once."
                },
                {
                    "text": "This will load your site in a new tab and show your popup with the embedded form."
                },
                {
                    "image_link": "https://wpforms.com/wp-content/uploads/2022/08/optinmonster-popup-in-live-preview.png"
                },
                {
                    "text": "If you're not ready for this popup to be live, be sure to reset its Publish Status to Draft once you've finished previewing."
                },
                {
                    "text": "Note: If you attempt to preview your OptinMonster campaign in draft mode, you'll see the WPForms shortcode instead of the entire form. This is normal and expected behavior. You'll need to publish your campaign to see the whole form."
                },
                {
                    "url": "#publish"
                }
            ]
        },
        {
            "subtitle": "Frequently Asked Questions",
            "content": [
                {
                    "text": "Below, we've answered some of the top questions about creating a popup form in WPForms."
                }
            ]
        },
        {
            "subtitle": "I've changed which form is used in my popup, and now I only get a shortcode. What do I do?",
            "content": [
                {
                    "text": "If you've changed which form your popup displays, you'll notice that the preview method above no longer appears to work. Instead, when you preview your popup, you'll only get the shortcode for your form."
                },
                {
                    "image_link": "https://wpforms.com/wp-content/uploads/2022/08/shortcode-in-popup-optinmonster.png"
                },
                {
                    "text": "To fix this, you'll need to temporarily change your Campaign's Publish Status. For example, if your Publish Status is set to Draft , change it to Publish ."
                },
                {
                    "image_link": "https://wpforms.com/wp-content/uploads/2022/09/click-publish-optinmonster.png"
                },
                {
                    "text": "Your form will be refreshed and loaded correctly within your OptinMonster popup. If you're not ready for your popup to be live, be sure to check that your Publish Status is set to Draft when you're done previewing."
                }
            ]
        },
        {
            "subtitle": "Can I connect my popup form with Google Sheets?",
            "content": [
                {
                    "text": "Yes. WPForms integrates seamlessly with Google Sheets. This integration is made possible with the Google Sheets addon."
                },
                {
                    "text": "Note: You'll need to install and activate the Google Sheets addon to connect your forms to a spreadsheet."
                },
                {
                    "url": "https://wpforms.com/docs/google-sheets-addon/"
                },
                {
                    "text": "After installing the addon and connecting it to your Google account, you'll be able to map your form fields to columns in your spreadsheet."
                },
                {
                    "text": "To learn more about connecting your forms to Google Sheets, see our Google Sheets addon tutorial."
                },
                {
                    "url": "https://wpforms.com/docs/google-sheets-addon/"
                },
                {
                    "text": "That's it! Now you know how to create a popup form with WPForms."
                },
                {
                    "text": "Next, would you like to test out your forms before you publish them? Our complete form testing checklist will walk you through the process step by step."
                },
                {
                    "url": "https://wpforms.com/docs/how-to-properly-test-your-wordpress-forms-before-launching-checklist/"
                }
            ]
        }
    ],
    "section": "Documentation",
    "category": "Extending Functionality"
}