{
    "product_name": "WPForms",
    "document_id": 275,
    "document_name": "Viewing and Managing PayPal Commerce Payments",
    "document_url": "https://wpforms.com/docs/viewing-and-managing-paypal-commerce-payments/",
    "author": "Editorial Team",
    "reviewer": "David Ozokoye",
    "date": "Updated: May 21, 2024",
    "version": "1.0",
    "title": "Viewing and Managing PayPal Commerce Payments",
    "content": [
        {
            "subtitle": "Viewing and Managing Payments",
            "content": [
                {
                    "text": "Once you've set up a form with PayPal Commerce integration and received some payments, you'll be able to view and manage them right from your site's admin area."
                },
                {
                    "url": "https://wpforms.com/docs/paypal-commerce-addon/"
                },
                {
                    "text": "To do this, go to WPForms \" Payments and select the Overview tab to access the Payments page."
                },
                {
                    "image_link": "https://wpforms.com/wp-content/uploads/2023/09/payments-summary-view.png"
                },
                {
                    "text": "If the transaction is recurring, you'll see Subscription next to it under Type ."
                },
                {
                    "image_link": "https://wpforms.com/wp-content/uploads/2023/05/subscription-type.png"
                },
                {
                    "text": "To view additional details about a specific entry, click the entry number under the Payment column."
                },
                {
                    "image_link": "https://wpforms.com/wp-content/uploads/2023/05/view-payment-entry.png"
                },
                {
                    "text": "You'll see payment details for the specific entry you selected. If you'd like to see a detailed breakdown of the transaction, click the View in PayPal Commerce link."
                },
                {
                    "image_link": "https://wpforms.com/wp-content/uploads/2023/06/view-transaction-in-paypal-commerce.png"
                },
                {
                    "text": "Clicking on this link will direct you to your PayPal dashboard to view the transaction details."
                },
                {
                    "text": "For one-time payments, you'll see One-time next to the payment entry under the Type column."
                },
                {
                    "image_link": "https://wpforms.com/wp-content/uploads/2023/05/one-time-payments.png"
                },
                {
                    "text": "To learn more about viewing and managing your payments, please see our managing payment entries guide."
                },
                {
                    "url": "https://wpforms.com/docs/viewing-and-managing-payments/"
                },
                {
                    "text": "Note: If you'd like, you can create coupon codes and give users a discount when filling out your payment form. To learn more, check out our Coupons addon tutorial."
                },
                {
                    "url": "https://wpforms.com/docs/coupons-addon/"
                }
            ]
        },
        {
            "subtitle": "Viewing Declined Payments",
            "content": [
                {
                    "text": "WPForms records declined payment events if activity logging is enabled on your site. To view the activity logs, go to WPForms \" Tools and click on the Logs tab."
                },
                {
                    "url": "https://wpforms.com/docs/how-to-enable-activity-logging-for-wpforms/"
                },
                {
                    "image_link": "https://wpforms.com/wp-content/uploads/2023/09/enable-logs-wpforms.png"
                },
                {
                    "text": "Note: To log declined payments, you'll need to enable activity logging in your WPForms settings."
                },
                {
                    "url": "https://wpforms.com/docs/how-to-enable-activity-logging-for-wpforms"
                },
                {
                    "text": "Failed payments are listed under the Types column as Errors and Payment . In the log table, you'll also see a message detailing the cause of the failure, the Form ID, and the date."
                },
                {
                    "image_link": "https://wpforms.com/wp-content/uploads/2022/08/failed-payments-log-paypal-commerce-1.png"
                }
            ]
        },
        {
            "subtitle": "Frequently Asked Questions",
            "content": [
                {
                    "text": "These are some of the most common questions we receive about viewing and managing PayPal Commerce transactions."
                }
            ]
        },
        {
            "subtitle": "How do I test PayPal Commerce payments in my forms?",
            "content": [
                {
                    "text": "The best way to test out your forms is to submit an entry and follow the same steps as your users. We recommend setting up PayPal Commerce's test mode before adding your form to a live page, which allows you to test transactions before accepting actual payments. Once you've enabled test payments, you can view your test transactions from the WordPress dashboard."
                },
                {
                    "url": "https://wpforms.com/docs/testing-payments-with-the-paypal-commerce-addon/"
                },
                {
                    "url": "https://wpforms.com/docs/viewing-and-managing-payments/#Viewing_Test_Payments"
                },
                {
                    "text": "That's it! Now you know how to view and manage PayPal Commerce payments with WPForms."
                },
                {
                    "text": "Next, would you like to change the appearance of your PayPal Commerce forms? Be sure to check out our tutorial on customizing the PayPal Commerce field ."
                },
                {
                    "url": "https://wpforms.com/docs/customizing-the-paypal-commerce-field/"
                }
            ]
        }
    ],
    "section": "Documentation",
    "category": "Payment Management"
}