{
    "product_name": "WPForms",
    "document_id": 298,
    "document_name": "wpforms_emails_notifications_message",
    "document_url": "https://wpforms.com/developers/wpforms_emails_notifications_message/",
    "author": null,
    "reviewer": null,
    "date": null,
    "version": "1.0",
    "title": "wpforms_emails_notifications_message",
    "content": [
        {
            "subtitle": "Description",
            "content": [
                {
                    "text": "The wpforms_emails_notifications_message filters the email message output that is sent."
                }
            ]
        },
        {
            "subtitle": "Parameters",
            "content": [
                {
                    "text": "$message: (string) (Required)Email message, including processed Smart Tags."
                },
                {
                    "text": "$emails: (object) (Required)Instance of the email class, which handles all notification emails sent by WPForms."
                }
            ]
        },
        {
            "subtitle": "Source",
            "content": [
                {
                    "text": "wpforms/src/Emails/Notifications.php"
                }
            ]
        },
        {
            "subtitle": "More Information",
            "content": [
                {
                    "text": "The wpforms_emails_notifications_message filter is applied to all emails that are sent from WPForms such as processed Smart Tags and includes the dashes separating the labels of each form field."
                }
            ]
        },
        {
            "subtitle": "Examples",
            "content": [
                {
                    "text": "In this example, we're using the Plain Text email template and would like to remove the dashes that are displayed when using this method."
                },
                {
                    "code": "\n/**\n * Filters dashes from labels on plain text email.\n *\n * @link   https://wpforms.com/developers/wpforms_email_message/\n * \n * @param  string $message  Email message including Smart Tags.\n * @param  object $emails   Instance of the email class\n * @return string\n */\n\nfunction wpf_dev_email_message( $message, $emails ) {\n\t\n    // Remove dashes from labels\n    $email = str_replace( array( '--- ', ' ---' ), '', $message );\n\n    return $email;\n\n}\n\nadd_filter( 'wpforms_emails_notifications_message', 'wpf_dev_email_message', 10, 2 );\n"
                },
                {
                    "image_link": "https://wpforms.com/wp-content/uploads/2021/02/wpforms-remove-plain-text-email-dashes.jpg"
                },
                {
                    "text": "Please know if you're using the Legacy email template, you can use the wpforms_email_message filter instead."
                }
            ]
        },
        {
            "subtitle": "Related",
            "content": [
                {
                    "text": "Tutorial Reference: How to Customize the Styles on the Email Template"
                },
                {
                    "url": "https://wpforms.com/developers/how-to-customize-the-styles-on-the-email-template/"
                }
            ]
        },
        {
            "subtitle": "FAQ",
            "content": []
        },
        {
            "subtitle": "Q: Why are there 2 different directories for templates?",
            "content": [
                {
                    "text": "A: Within WPForms template directory, you'll notice /wpforms/includes/emails/templates and /wpforms/templates/emails . There are differences between these 2 folders, so if you're creating your own template, please be sure to follow the guide above for naming and storing your files. The email template found in the /wpforms/includes/ directory is only used to generate content for Notification emails related to the forms."
                },
                {
                    "text": "The /wpforms/templates/ folder contains various files, with the ones labeled with general used for system-related emails such as when a form import process is completed. The templates labeled with summary are used for the Email Summaries template."
                }
            ]
        }
    ],
    "section": "Developers",
    "category": "Filters Hooks"
}