{
    "product_name": "WPForms",
    "document_id": 573,
    "document_name": "How to Restrict Numbers in a Single Line Text Form Field",
    "document_url": "https://wpforms.com/developers/how-to-restrict-numbers-in-a-single-line-text-form-field/",
    "author": "Editorial Team",
    "reviewer": "Molly Tyler",
    "date": "Updated: May 16, 2024, 15:59 PM",
    "version": "1.0",
    "title": "How to Restrict Numbers in a Single Line Text Form Field",
    "content": [
        {
            "subtitle": "Creating the form",
            "content": [
                {
                    "text": "First, we'll create a new form and add our fields to this form. We're going to use the Single Line Text form field as our Username field."
                },
                {
                    "text": "If you need any assistance in creating a form, please review this documentation ."
                },
                {
                    "url": "https://wpforms.com/docs/creating-first-form/"
                },
                {
                    "image_link": "https://wpforms.com/wp-content/uploads/2022/07/restrict-numbers-create-form.jpg"
                }
            ]
        },
        {
            "subtitle": "Restricting numbers",
            "content": [
                {
                    "text": "Now it's time to add the snippet to your site. If you need any help on how and where to add snippets to your site, please check out this tutorial ."
                },
                {
                    "url": "https://wpforms.com/developers/how-to-add-custom-php-or-javascript-for-wpforms/"
                },
                {
                    "text": "In our example, we're going to prevent numbers inside our Single Line Text which is field ID 2 but only for the form ID 702 ."
                },
                {
                    "image_link": "https://wpforms.com/wp-content/uploads/2022/07/restrict-numbers-get-field-id.jpg"
                },
                {
                    "text": "You'll need to update these ID numbers to match your own form and field IDs. For assistance in finding these IDs, please review this tutorial ."
                },
                {
                    "url": "https://wpforms.com/developers/how-to-locate-form-id-and-field-id/"
                },
                {
                    "code": "\n/**\n * Disallow numbers in a single-line text field\n *\n * @link https://wpforms.com/developers/how-to-restrict-numbers-in-a-single-line-text-form-field/\n */\n\nfunction wpf_dev_disallow_numbers_text_field( $fields, $entry, $form_data ) {\n        \n    // Optional, you can limit to specific forms. Below, we restrict output to\n    // form ID #702.\n    if ( absint( $form_data[ 'id' ] ) !== 702 ) {\n        return $fields;\n    }\n        \n    // get value of the specific field ID and set it to a variable\n    // field ID #2\n    $mystring = $fields[2][ 'value' ];\n \n    if (!preg_match ('/^([a-zA-Z]+)$/', $mystring))  \n      {\n\t\t// Check the field ID 4 and show error message at the top of form and under the specific field\n        wpforms()->process->errors[ $form_data[ 'id' ] ] [ '2' ] = esc_html__( 'The username can only contain letters.', 'plugin-domain' );\n\t  }\n\t\n}\n \nadd_action( 'wpforms_process', 'wpf_dev_disallow_numbers_text_field', 10, 3 );\n"
                },
                {
                    "text": "If the Username field contains any numbers at all when the form is submitted, an error message will appear and the form will not submit."
                },
                {
                    "image_link": "https://wpforms.com/wp-content/uploads/2022/07/restrict-numbers-error-message.jpg"
                },
                {
                    "text": "Would you also like to prevent special characters from being entered into a Single Line Text form field? Check out the tutorial on How to Restrict Special Characters From a Form Field ."
                },
                {
                    "url": "https://wpforms.com/developers/how-to-restrict-special-characters-from-a-form-field/"
                }
            ]
        },
        {
            "subtitle": "Reference Action",
            "content": [
                {
                    "text": "wpforms_process"
                },
                {
                    "url": "https://wpforms.com/developers/wpforms_process/"
                }
            ]
        },
        {
            "subtitle": "FAQ",
            "content": []
        },
        {
            "subtitle": "Q: What if I want to prevent the numbers from the field prior to the form submission?",
            "content": [
                {
                    "text": "A: If you'd like to stop users from entering the numbers on the fly, you can use a different script for this. You'll also need to add a CSS class to the field."
                },
                {
                    "text": "To begin, edit the form and with the Single Line Text field selected, click the Advanced tab under Field Options and add no-numbers to the CSS Classes field."
                },
                {
                    "image_link": "https://wpforms.com/wp-content/uploads/2022/07/wpforms-restrict-numbers-css-class.jpg"
                },
                {
                    "text": "Next, add this snippet to your site."
                },
                {
                    "code": "\n/**\n * Dynamically prevent numbers from being entered on single line text fields\n *\n * @link https://wpforms.com/developers/how-to-restrict-numbers-in-a-single-line-text-form-field/\n */\n\nfunction wpf_dev_restrict_numbers( ) {\n?>\n  <script type=\"text/javascript\">\n    (function($) {\n      var No_Numbers_Custom_Validation = {\n        init: function() {\n          $(document).on( 'wpformsReady', No_Numbers_Custom_Validation.customRules);\n        },\n        customRules: function() {\n          if (typeof $.fn.validate !== 'undefined') { \n            $.validator.addMethod( \"check_for_number\", function(value, element, param) {\n              var $ele = $(element);\n              return this.optional(element) || ! /\\d/.test(value);\n            }, $.validator.format( \"This field cannot accept numbers.\" ));\n          }\n          if ( $( '.no-numbers input' ).length ) {\n            $( '.no-numbers input' ).rules( 'add', {\n              check_for_number: true\n            });\t\t\t\t\n          }\n        },\n      }\n      No_Numbers_Custom_Validation.init();\n    })(jQuery);\n  </script>\n<?php\n}\nadd_action( 'wpforms_wp_footer_end', 'wpf_dev_restrict_numbers', 30 );\n"
                },
                {
                    "text": "Once the snippet is added, an immediate error message will display alerting the visitor to the validation error when they tab or click out of the field."
                }
            ]
        }
    ],
    "section": "Developers",
    "category": "Fields"
}