{
    "product_name": "WPForms",
    "document_id": 347,
    "document_name": "How to Create a New Currency Symbol for WPForms",
    "document_url": "https://wpforms.com/developers/how-to-create-a-new-currency-symbol-for-wpforms/",
    "author": "Editorial Team",
    "reviewer": "Molly Tyler",
    "date": "Updated: Mar 21, 2024, 14:14 PM",
    "version": "1.0",
    "title": "How to Create a New Currency Symbol for WPForms",
    "content": [
        {
            "subtitle": "Creating a new currency symbol",
            "content": [
                {
                    "text": "The code below will add Lira currency as an option under WPForms \" Settings \" Payments tab. Just add the code snippet below to your site."
                },
                {
                    "text": "If you need any help in adding snippets to your site, please check out this tutorial."
                },
                {
                    "url": "https://wpforms.com/developers/how-to-add-custom-php-or-javascript-for-wpforms/"
                },
                {
                    "code": "\n/**\n * Add a new currency symbol\n * \n * @link https://wpforms.com/developers/how-to-create-a-new-currency-symbol-for-wpforms/\n */\n\nfunction wpf_dev_currencies( $currencies ) {\n\n    $currencies[ 'LRA' ] = array(\n        'name'                => esc_html__( 'Lira', 'wpforms' ),\n        'symbol'              => '&#8356;',\n        'symbol_pos'          => 'right', // enter left or right to position the symbol\n        'thousands_separator' => ',',\n        'decimal_separator'   => '.',\n        'decimals'            => 2,\n    );\n\n  return $currencies;\n\n}\n\nadd_filter( 'wpforms_currencies', 'wpf_dev_currencies', 10, 1 );\n"
                },
                {
                    "text": "Once you've added the snippet, you can go to the WPForms \" Settings \" Payments and select your new currency from the Currency dropdown list."
                },
                {
                    "image_link": "https://wpforms.com/wp-content/uploads/2019/11/wpforms-new-currency-setting.jpg 1116w, https://wpforms.com/wp-content/uploads/2019/11/wpforms-new-currency-setting-300x143.jpg 300w, https://wpforms.com/wp-content/uploads/2019/11/wpforms-new-currency-setting-1024x487.jpg 1024w, https://wpforms.com/wp-content/uploads/2019/11/wpforms-new-currency-setting-768x365.jpg 768w"
                }
            ]
        },
        {
            "subtitle": "More Examples",
            "content": [
                {
                    "text": "Here are some further examples."
                }
            ]
        },
        {
            "subtitle": "Euro",
            "content": [
                {
                    "code": "\n/**\n * Add a new currency symbol - Euros\n * \n * @link https://wpforms.com/developers/how-to-create-a-new-currency-symbol-for-wpforms/\n */\n\nfunction wp_add_currencies( $currencies ) {\n\n\u00a0 \u00a0 $currencies[ 'EUR' ] = array(\n\u00a0 \u00a0 \u00a0 \u00a0 'name'\u00a0 \u00a0 \u00a0 \u00a0 \u00a0 \u00a0 \u00a0 \u00a0 => esc_html__( 'Euro', 'wpforms' ),\n\u00a0 \u00a0 \u00a0 \u00a0 'symbol'\u00a0 \u00a0 \u00a0 \u00a0 \u00a0 \u00a0 \u00a0 => '&euro;',\n\u00a0 \u00a0 \u00a0 \u00a0 'symbol_pos'\u00a0 \u00a0 \u00a0 \u00a0 \u00a0 => 'left', // LEFT\n\u00a0 \u00a0 \u00a0 \u00a0 'thousands_separator' => '.',\n\u00a0 \u00a0 \u00a0 \u00a0 'decimal_separator'\u00a0 \u00a0=> ',',\n\u00a0 \u00a0 \u00a0 \u00a0 'decimals'\u00a0 \u00a0 \u00a0 \u00a0 \u00a0 \u00a0 => 2,\n\u00a0 \u00a0 );\n\n  return $currencies;\n\n}\n\nadd_filter( 'wpforms_currencies', 'wp_add_currencies', 10, 1 );\n"
                }
            ]
        },
        {
            "subtitle": "Hong Kong Dollar",
            "content": [
                {
                    "code": "\n/**\n * Add a new currency symbol - Hong Kong Dollar\n * \n * @link https://wpforms.com/developers/how-to-create-a-new-currency-symbol-for-wpforms/\n */\n\nfunction wp_add_currencies( $currencies ) {\n\n\u00a0 \u00a0 $currencies[ 'HKD' ] = array(\n\u00a0 \u00a0 \u00a0 \u00a0 'name'\u00a0 \u00a0 \u00a0 \u00a0 \u00a0 \u00a0 \u00a0 \u00a0 => esc_html__( 'Hong Kong Dollar', 'wpforms' ),\n\u00a0 \u00a0 \u00a0 \u00a0 'symbol'\u00a0 \u00a0 \u00a0 \u00a0 \u00a0 \u00a0 \u00a0 => '&#36;',\n\u00a0 \u00a0 \u00a0 \u00a0 'symbol_pos'\u00a0 \u00a0 \u00a0 \u00a0 \u00a0 => 'left', // LEFT\n\u00a0 \u00a0 \u00a0 \u00a0 'thousands_separator' => ',',\n\u00a0 \u00a0 \u00a0 \u00a0 'decimal_separator'\u00a0 \u00a0=> '.',\n\u00a0 \u00a0 \u00a0 \u00a0 'decimals'\u00a0 \u00a0 \u00a0 \u00a0 \u00a0 \u00a0 => 2,\n\u00a0 \u00a0 );\n\n\u00a0 return $currencies;\n\n}\n\nadd_filter( 'wpforms_currencies', 'wp_add_currencies', 10, 1 );\n"
                },
                {
                    "text": "And that's it! You've now added a new currency to your WPForms. Would you like to know how to change the position of the description? Take a look at our tutorial on How to Position the Field Description Above the Form Field ."
                },
                {
                    "url": "https://wpforms.com/developers/how-to-position-the-field-description-above-the-form-field/"
                }
            ]
        },
        {
            "subtitle": "Reference Filter",
            "content": [
                {
                    "text": "wpforms_currencies"
                },
                {
                    "url": "https://wpforms.com/developers/wpforms_currencies/"
                }
            ]
        },
        {
            "subtitle": "FAQ",
            "content": []
        },
        {
            "subtitle": "Q: How can I move the currency symbol?",
            "content": [
                {
                    "text": "Please note, customizing the decimals positioning of any currency could break the currency on any of the WPForms payment addon. The payment process would ignore the decimal values."
                },
                {
                    "text": "A: In this example, we'll move the U.S. Dollar (USD) symbol from the left to the right using the following snippet."
                },
                {
                    "code": "\n/**\n * Add a new currency symbol\n * \n * @link https://wpforms.com/developers/how-to-create-a-new-currency-symbol-for-wpforms/\n */\n\nfunction wpf_dev_currencies( $currencies ) {\n\n    $currencies[ 'USD' ] = array(\n        'name'                => esc_html__( 'U.S. Dollar', 'wpforms' ),\n        'symbol'              => '&#36;',\n        'symbol_pos'          => 'right', // left or right\n        'thousands_separator' => ',',\n        'decimal_separator'   => '.',\n        'decimals'            => 2,\n    );\n\n  return $currencies;\n\n}\n\nadd_filter( 'wpforms_currencies', 'wpf_dev_currencies', 10, 1 );\n"
                },
                {
                    "image_link": "https://wpforms.com/wp-content/uploads/2019/11/wpforms-move-currency-example.jpg"
                },
                {
                    "text": "Simply by adding the 'symbol_pos' => 'left', or 'symbol_pos' => 'right', you are moving the position of the currency from one side to the other."
                }
            ]
        },
        {
            "subtitle": "Q: How do I remove the decimal point?",
            "content": [
                {
                    "text": "A: Currently, the 'decimals' => 2, will not accept a zero amount after the decimal point. This is needed for the filter."
                }
            ]
        }
    ],
    "section": "Developers",
    "category": "Extending"
}