{
    "product_name": "WPForms",
    "document_id": 370,
    "document_name": "Configuring Optimization Settings for WPForms in Async JavaScript",
    "document_url": "https://wpforms.com/docs/configuring-optimization-settings-for-wpforms-in-async-javascript/",
    "author": "Umair Majeed",
    "reviewer": "David Ozokoye",
    "date": "Updated: Oct 22, 2024",
    "version": "1.0",
    "title": "Configuring Optimization Settings for WPForms in Async JavaScript",
    "content": [
        {
            "subtitle": "Async JavaScript",
            "content": [
                {
                    "text": "The Async JavaScript plugin is used to optimize a site's JavaScript by adding either async or defer attributes to JS scripts."
                },
                {
                    "url": "https://wordpress.org/plugins/async-javascript/"
                },
                {
                    "text": "Here is the difference between the async and defer attributes:"
                },
                {
                    "text": "Async: downloads JavaScript while still parsing HTML, but pauses the HTML parsing to execute the JavaScript."
                },
                {
                    "text": "Defer: downloads JavaScript while still parsing HTML, but waits to execute it until after HTML parsing is finished."
                },
                {
                    "text": "If either of these attributes is added, it can cause some WPForms scripts to load differently, resulting in an error."
                },
                {
                    "text": "If your forms aren't working with Async JavaScript enabled, and you've identified a JavaScript issue , please proceed with the following steps:"
                },
                {
                    "url": "https://wpforms.com/docs/how-to-troubleshoot-javascript-issues-in-wpforms/#identifying-js-issues"
                }
            ]
        },
        {
            "subtitle": "Deactivating Async JavaScript",
            "content": [
                {
                    "text": "The first step is to deactivate the Async JavaScript plugin, then check if the issue is resolved. If deactivating the plugin helped, you can reactivate it, then move on to the next step."
                },
                {
                    "url": "https://www.wpbeginner.com/beginners-guide/how-to-easily-deactivate-wordpress-plugins/"
                }
            ]
        },
        {
            "subtitle": "Excluding WPForms Assets",
            "content": [
                {
                    "text": "Within the Async JavaScript settings, WPForms assets can be excluded from JavaScript optimization in two different ways: Script Exclusion or Plugin Exclusion . We'll go over each of these options below:"
                }
            ]
        },
        {
            "subtitle": "Script Exclusion",
            "content": [
                {
                    "text": "To exclude WPForms scripts from Async JavaScript, you'll need to navigate to Settings \" Async JavaScript ."
                },
                {
                    "image_link": "https://wpforms.com/wp-content/uploads/2021/10/async-javascript-settings.png"
                },
                {
                    "text": "Then, scroll to the Script Exclusion section. In the Scripts to Exclude field, input the following script:"
                },
                {
                    "text": "/wp-content/plugins/wpforms/assets/js/frontend/wpforms.min.js"
                },
                {
                    "image_link": "https://wpforms.com/wp-content/uploads/2024/10/script-exclusion-async-javascript-1.png"
                },
                {
                    "text": "Once you've added the script, be sure to save your settings by clicking the Save Settings button at the bottom of the page."
                },
                {
                    "image_link": "https://wpforms.com/wp-content/uploads/2024/10/save-settings-button-async-javascript.png"
                }
            ]
        },
        {
            "subtitle": "Plugin Exclusion",
            "content": [
                {
                    "text": "To exclude any JavaScript files that are contained within the WPForms plugin, scroll to the Plugin Exclusion section, and click on the Exclusions field. Then, select WPForms ."
                },
                {
                    "image_link": "https://wpforms.com/wp-content/uploads/2021/10/plugin-exclusions-async-javascript.png"
                },
                {
                    "text": "Next, click the Save Settings button to save your changes."
                },
                {
                    "image_link": "https://wpforms.com/wp-content/uploads/2021/10/save-settings-buttton-async-js.png"
                },
                {
                    "text": "That's it! Now you know how to adjust Async JavaScript settings to prevent conflicts with WPForms."
                },
                {
                    "text": "Next, would you like to learn more about troubleshooting JavaScript errors in WPForms? Be sure to check out our troubleshooting JavaScript errors guide for more details."
                },
                {
                    "url": "https://wpforms.com/docs/how-to-troubleshoot-javascript-issues-in-wpforms/"
                }
            ]
        }
    ],
    "section": "Documentation",
    "category": "Troubleshooting and Support"
}