{
    "product_name": "WPForms",
    "document_id": 218,
    "document_name": "Printing Form Entries",
    "document_url": "https://wpforms.com/docs/how-to-print-form-entries/",
    "author": "Umair Majeed",
    "reviewer": "Claire Broadley",
    "date": "Updated: Oct 21, 2024",
    "version": "1.0",
    "title": "Printing Form Entries",
    "content": [
        {
            "subtitle": "Printing Individual Entries",
            "content": [
                {
                    "text": "To access an individual entry, you'll need to navigate to WPForms \" Entries in the WordPress admin area. Then select the form you'd like to view its entries."
                },
                {
                    "image_link": "https://wpforms.com/wp-content/uploads/2023/04/select-form-entries-overview.png"
                },
                {
                    "text": "Next, in the Actions column, look for the View option and click on it."
                },
                {
                    "image_link": "https://wpforms.com/wp-content/uploads/2023/04/view-specific-entry.png"
                },
                {
                    "text": "This will bring you the individual entry page. In the Actions box on the right, you'll see the Print option."
                },
                {
                    "image_link": "https://wpforms.com/wp-content/uploads/2021/08/Click-Print-Button-In-Entry.png"
                },
                {
                    "text": "Once you've clicked on the Print option, you'll be directed to a print preview page for the entry. Here, you can review the entry, and if you'd like to, you can choose compact printing options . Once you're ready, click on the Print button."
                },
                {
                    "url": "#compact-view"
                },
                {
                    "image_link": "https://wpforms.com/wp-content/uploads/2023/04/print-form-entry.png"
                }
            ]
        },
        {
            "subtitle": "Printing Multiple Entries",
            "content": [
                {
                    "text": "WPForms allows you to print multiple entries from the Entries preview page. To print more than one entry, tick the checkbox next to each entry you wish to add to the printout."
                },
                {
                    "image_link": "https://wpforms.com/wp-content/uploads/2023/05/select-entries-to-print.png"
                },
                {
                    "text": "You can select all entries by ticking the checkbox next to the Name column."
                },
                {
                    "image_link": "https://wpforms.com/wp-content/uploads/2023/05/select-all-entries.png"
                },
                {
                    "text": "After that, click the Bulk actions dropdown to open additional options."
                },
                {
                    "image_link": "https://wpforms.com/wp-content/uploads/2023/05/select-bulk-actions-dropdown.png"
                },
                {
                    "text": "Then click Print to proceed."
                },
                {
                    "image_link": "https://wpforms.com/wp-content/uploads/2023/05/bulk-print-entries-1.png"
                },
                {
                    "text": "You'll be directed to the print preview page. Here, you'll see an overview of all the entries you selected."
                },
                {
                    "image_link": "https://wpforms.com/wp-content/uploads/2023/05/preview-entries-before-printing.gif"
                },
                {
                    "text": "You can optionally customize the entries preview before printing it out. When you're ready, click the Print button to print your entries."
                },
                {
                    "url": "#print-options"
                },
                {
                    "image_link": "https://wpforms.com/wp-content/uploads/2023/05/print-entries.png"
                },
                {
                    "text": "Clicking on this button will download a PDF with the entries you've selected."
                }
            ]
        },
        {
            "subtitle": "Customizing Printing Options",
            "content": [
                {
                    "text": "When printing an entry or multiple entries, you might want to make it more compact or display additional fields. To get started, click the gear icon next to the Print button. This will allow you to view more printing options."
                },
                {
                    "image_link": "https://wpforms.com/wp-content/uploads/2023/04/customize-print-options.png"
                },
                {
                    "text": "Next, we'll show you 2 ways to make the entry more compact: hiding Empty Fields and Compact View ."
                }
            ]
        },
        {
            "subtitle": "Hiding Empty Fields",
            "content": [
                {
                    "text": "By default, fields that do not have user input are hidden. However, if the empty fields are showing and you'd like to hide them, you can disable the Empty Fields option."
                },
                {
                    "image_link": "https://wpforms.com/wp-content/uploads/2023/04/hide-empty-fields.gif"
                }
            ]
        },
        {
            "subtitle": "Compact View",
            "content": [
                {
                    "text": "Another option to reduce the size of the entry is to click on the Compact View option on the right side of the page."
                },
                {
                    "image_link": "https://wpforms.com/wp-content/uploads/2023/04/compact-mode.png"
                },
                {
                    "text": "This option displays the entry content in two columns, allowing you to fit more information on a single page."
                },
                {
                    "text": "Note: If you'd like to set this as your default setting for printing entries, please refer to our developer documentation for detailed guidance."
                },
                {
                    "url": "https://wpforms.com/developers/how-to-set-a-compact-print-view-as-default-when-printing-entries/"
                },
                {
                    "text": "Next, we'll show you how to maintain your form's layout while printing entries:"
                }
            ]
        },
        {
            "subtitle": "Maintain Layout",
            "content": [
                {
                    "text": "If you'd like to print your form entries with the same visual layout as seen on the frontend of your site, simply enable the Maintain Layout option. For example, if you're using the Layout field to group your fields into different columns, enabling this option will display the fields using the same layout you set up in your form."
                },
                {
                    "url": "https://wpforms.com/docs/how-to-use-the-layout-field-in-wpforms/"
                },
                {
                    "image_link": "https://wpforms.com/wp-content/uploads/2023/08/click-to-enable-maintain-layout-option.png"
                },
                {
                    "text": "Now, we'll show you how to include other available options while printing entries:"
                }
            ]
        },
        {
            "subtitle": "HTML/Content fields",
            "content": [
                {
                    "text": "HTML fields are hidden in the print preview page by default. If you'd like to include HTML and Content fields when printing entries, simply select the HTML/Content fields option."
                },
                {
                    "image_link": "https://wpforms.com/wp-content/uploads/2023/04/html-content-fields.png"
                }
            ]
        },
        {
            "subtitle": "Page Breaks",
            "content": [
                {
                    "text": "Page Breaks are hidden by default in the entry preview page. If you'd like to include them when printing your form entry, select the Page Breaks option."
                },
                {
                    "image_link": "https://wpforms.com/wp-content/uploads/2023/04/page-breaks.png"
                }
            ]
        },
        {
            "subtitle": "Field Description",
            "content": [
                {
                    "text": "If you added descriptions to your form fields, they'd be hidden by default from your entry preview. To include them in your entry printout, enable the Field Description option."
                },
                {
                    "image_link": "https://wpforms.com/wp-content/uploads/2023/04/field-description.png"
                }
            ]
        },
        {
            "subtitle": "Unselected Choices",
            "content": [
                {
                    "text": "By default, only the selected option in a Multiple Choice field is shown in the entry preview page. To show all options when printing entries, enable the Unselected Choices option."
                },
                {
                    "image_link": "https://wpforms.com/wp-content/uploads/2023/04/unselected-choices.png"
                }
            ]
        },
        {
            "subtitle": "Section Dividers",
            "content": [
                {
                    "text": "Section Dividers are also hidden by default in the entry preview page. To include them in your entry printout, select the Section Dividers option."
                },
                {
                    "image_link": "https://wpforms.com/wp-content/uploads/2023/04/section-divider.png"
                },
                {
                    "text": "Once you are satisfied with how the individual entry looks on the print preview page, click the Print button to complete the process."
                },
                {
                    "image_link": "https://wpforms.com/wp-content/uploads/2023/04/print-extended-form-entry.png"
                },
                {
                    "text": "Note: For more advanced customization of your print styles, such as changing the colors of labels or backgrounds, be sure to check out our developer documentation for more information."
                },
                {
                    "url": "https://wpforms.com/developers/how-to-customize-printing-an-entry/"
                }
            ]
        },
        {
            "subtitle": "Frequently Asked Questions",
            "content": [
                {
                    "text": "These are answers to some of the top questions we see about printing form entries."
                }
            ]
        },
        {
            "subtitle": "Can I automatically convert form entries to PDF and email them?",
            "content": [
                {
                    "text": "WPForms doesn't currently have a built-in solution to automatically convert form entries to PDF and email them to users. However, with our Zapier integration, you can automate the process. Please see our tutorial to learn more about converting form entries to PDF and emailing them ."
                },
                {
                    "url": "https://wpforms.com/how-to-print-your-wordpress-form-submissions-to-pdf/"
                },
                {
                    "text": "That's it! You've seen how to print form entries from your WordPress admin area."
                },
                {
                    "text": "Next, would you like to save your entries as a CSV or XLSX? Be sure to check out our tutorial on how to export form entries ."
                },
                {
                    "url": "https://wpforms.com/docs/how-to-export-form-entries-to-csv-in-wpforms/"
                }
            ]
        }
    ],
    "section": "Documentation",
    "category": "Entry Management"
}