{
    "product_name": "WPForms",
    "document_id": 515,
    "document_name": "How to Create Additional Time Intervals for the Time Picker",
    "document_url": "https://wpforms.com/developers/how-to-create-additional-time-intervals-for-the-time-picker/",
    "author": "Editorial Team",
    "reviewer": "Molly Tyler",
    "date": "Updated: Mar 6, 2024, 13:57 PM",
    "version": "1.0",
    "title": "How to Create Additional Time Intervals for the Time Picker",
    "content": [
        {
            "subtitle": "Adding additional time intervals",
            "content": [
                {
                    "text": "We're going to begin by adding the code snippet that will create additional time intervals in our form builder. To do this you'll need to copy and paste this code snippet to your site."
                },
                {
                    "text": "If you need help in adding code snippets to your site, please see this tutorial ."
                },
                {
                    "url": "https://wpforms.com/developers/how-to-add-custom-php-or-javascript-for-wpforms/"
                },
                {
                    "code": "\n/**\n * Add additional time intervals for the Time field Interval dropdown\n *\n * @link   https://wpforms.com/developers/how-to-create-additional-intervals-for-the-date-time-field-time-picker/\n */\n\nfunction wpf_dev_datetime_time_intervals( $intervals ) {\n      \n     // Add time interval of 5 minutes\n     $intervals[ '5' ] = esc_html__( '5 minutes', 'wpforms' );\n     ksort( $intervals );\n  \n     return $intervals;\n}\n\nadd_filter( 'wpforms_datetime_time_intervals' , 'wpf_dev_datetime_time_intervals', 10, 1 );\n\n"
                },
                {
                    "text": "The variable $intervals[ '5' ] will contain the minutes. If you wanted to create 4-hour block, for example, you'd change the 5 to 240 ."
                }
            ]
        },
        {
            "subtitle": "Creating your form",
            "content": [
                {
                    "text": "Next, you'll need to create a new form and add a Date / Time field to this form. For the purpose of this tutorial, we're going to separate the date to be one field and the time to be a separate field."
                },
                {
                    "text": "If you need help in creating your form, please see this documentation ."
                },
                {
                    "url": "https://wpforms.com/docs/creating-first-form/"
                },
                {
                    "text": "Because we added our snippet first, once we've added the Time field to our form and open the Advanced Options , we'll see inside the dropdown for Intervals the new interval we just added."
                },
                {
                    "text": "Select the new option and save the form."
                },
                {
                    "image_link": "https://wpforms.com/wp-content/uploads/2020/03/new-interval-wpforms.jpg"
                },
                {
                    "text": "Now when your visitors complete the form, they will see the time picker shows blocks for every 5 minutes ."
                },
                {
                    "image_link": "https://wpforms.com/wp-content/uploads/2020/03/wpforms-new-time-intervals-form.jpg"
                },
                {
                    "text": "Would you like to create additional formats for the Time field as well? Take a look at our article on How to Create Additional Formats for the Date Time Field Time Picker ."
                },
                {
                    "url": "https://wpforms.com/developers/how-to-create-additional-formats-for-the-date-time-field-time-picker/"
                }
            ]
        },
        {
            "subtitle": "Reference Filter",
            "content": [
                {
                    "text": "Filter Reference: wpforms_datetime_time_intervals"
                },
                {
                    "url": "https://wpforms.com/developers/wpforms_datetime_time_intervals/"
                }
            ]
        },
        {
            "subtitle": "FAQ",
            "content": []
        },
        {
            "subtitle": "Q: Can I add more than one time interval at a time?",
            "content": [
                {
                    "text": "A: Absolutely! You can create as many as you'd like using this format for your snippet."
                },
                {
                    "code": "\n/**\n * Add additional time intervals for the Time field Interval dropdown\n *\n * @link   https://wpforms.com/developers/how-to-create-additional-intervals-for-the-date-time-field-time-picker/\n */\n \nfunction wpf_dev_datetime_time_intervals( $intervals ) {\n       \n     // Add time interval of 5 minutes\n     $intervals[ '5' ] = esc_html__( '5 minutes', 'wpforms' );\n\t\n\t // Add time interval of 2 hours\n\t $intervals[ '120' ] = esc_html__( '2 hours', 'wpforms' );\n\t\n     ksort( $intervals );\n   \n     return $intervals;\n}\n \nadd_filter( 'wpforms_datetime_time_intervals' , 'wpf_dev_datetime_time_intervals', 10, 1 );\n"
                }
            ]
        }
    ],
    "section": "Developers",
    "category": "Fields"
}