{
    "product_name": "WPForms",
    "document_id": 421,
    "document_name": "How to Defer the reCAPTCHA Script",
    "document_url": "https://wpforms.com/developers/how-to-defer-the-recaptcha-script/",
    "author": "David Ozokoye",
    "reviewer": "Dimitris Mitsis",
    "date": "Updated: Oct 7, 2024, 04:31 AM",
    "version": "1.0",
    "title": "How to Defer the reCAPTCHA Script",
    "content": [
        {
            "subtitle": "Deferring the Script",
            "content": [
                {
                    "text": "To begin, you'll need to copy this snippet to your site. For help on how and where to add snippets to your site, please check out this tutorial ."
                },
                {
                    "url": "https://wpforms.com/developers/how-to-add-custom-php-or-javascript-for-wpforms/"
                },
                {
                    "code": "\n/**\n * Defer the reCAPTCHA script until after the page loads\n *\n * @link https://wpforms.com/developers/how-to-defer-the-recaptcha-script/\n */\n \nfunction wpf_recaptcha_add_async_defer( $tag, $handle ) {\n \n            if ( strpos( $tag, 'recaptcha/api.js?onload=wpformsRecaptchaLoad' ) !== false ) {\n                $tag = str_replace( ' src', ' defer async=\"async\" src', $tag );\n            }\n \n            return $tag;\n \n        }\n \nadd_filter( 'script_loader_tag', 'wpf_recaptcha_add_async_defer', 99, 2 );\n"
                },
                {
                    "text": "And that's all you need to defer the reCAPTCHA JavaScript. Would you like to also change the theme for reCAPTCHA? Check out our tutorial on How to Change the Captcha Theme on Google Checkbox v2 reCAPTCHA."
                },
                {
                    "url": "https://wpforms.com/developers/how-to-change-the-captcha-theme-on-google-checkbox-v2-recaptcha/"
                }
            ]
        },
        {
            "subtitle": "Reference Filter",
            "content": [
                {
                    "text": "script_loader_tag"
                },
                {
                    "url": "https://developer.wordpress.org/reference/hooks/script_loader_tag/"
                }
            ]
        },
        {
            "subtitle": "FAQ",
            "content": []
        },
        {
            "subtitle": "Q: What if I want to defer hCAPTCHA?",
            "content": [
                {
                    "text": "A: To defer the hCAPTCHA script, please use this snippet instead."
                },
                {
                    "code": "\n/**\n * Defer the reCAPTCHA script until after the page loads\n *\n * @link https://wpforms.com/developers/how-to-defer-the-recaptcha-script/\n */\n \nfunction wpf_hcaptcha_add_async_defer( $tag, $handle ) {\n \n    if ( strpos( $tag, 'hcaptcha.com/1/api.js?onload=wpformsRecaptchaLoad' ) !== false ) {\n \n        $tag = str_replace( ' src', ' defer async=\"async\" src', $tag ); \n    }\n \n    return $tag;\n \n}\n\nadd_filter( 'script_loader_tag', 'wpf_hcaptcha_add_async_defer', 99, 2 );\n"
                }
            ]
        }
    ],
    "section": "Developers",
    "category": "Extending"
}