{
    "product_name": "WPForms",
    "document_id": 519,
    "document_name": "Transferring Your License to Another Domain",
    "document_url": "https://wpforms.com/docs/how-to-transfer-your-wpforms-license-to-another-domain/",
    "author": "Umair Majeed",
    "reviewer": "Molly Tyler",
    "date": "Updated: Nov 30, 2023",
    "version": "1.0",
    "title": "Transferring Your License to Another Domain",
    "content": [
        {
            "subtitle": "Deactivating Your WPForms License on Your Current Site",
            "content": [
                {
                    "text": "There are two ways to deactivate a WPForms license: from your site's WordPress admin area, or from your WPForms Account page."
                }
            ]
        },
        {
            "subtitle": "Deactivating a Site License from Your WordPress Admin Area",
            "content": [
                {
                    "text": "For this approach, you'll first need to log in to your WordPress site. Then open WPForms \" Settings \" General from the sidebar menu on the left."
                },
                {
                    "text": "To the right of the License Key field, click the Deactivate Key button."
                },
                {
                    "image_link": "https://wpforms.com/wp-content/uploads/2021/03/wpforms-deactivate-key.png"
                },
                {
                    "text": "You should see a notice confirming that your key was successfully deactivated."
                },
                {
                    "image_link": "https://wpforms.com/wp-content/uploads/2021/03/wpforms-deactivate-key-confirmation.png"
                }
            ]
        },
        {
            "subtitle": "Deactivating a Site License from Your WPForms Account",
            "content": [
                {
                    "text": "If you'd prefer to deactivate your license through your WPForms account, you'll first need to log in to the WPForms site ."
                },
                {
                    "url": "https://wpforms.com/account/"
                },
                {
                    "text": "Then, from your account page, click on the Downloads tab."
                },
                {
                    "image_link": "https://wpforms.com/wp-content/uploads/2021/03/wpforms-account-downloads.png"
                },
                {
                    "text": "On the Downloads page, look for the Site Activations section and click on the View Sites link."
                },
                {
                    "image_link": "https://wpforms.com/wp-content/uploads/2021/03/wpforms-account-view-sites.png"
                },
                {
                    "text": "You should then see a list of all the sites your license is active on. Under the Actions column, click the Deactivate Site link to remove the license key from that site."
                },
                {
                    "image_link": "https://wpforms.com/wp-content/uploads/2021/03/Click-deactivate-site-button.png"
                }
            ]
        },
        {
            "subtitle": "Installing WPForms and Activating Your License on a New Site",
            "content": [
                {
                    "text": "Once you've deactivated your license key for your previous domain, you're ready to activate it on your new site."
                },
                {
                    "text": "First, make sure you've installed the WPForms plugin on your new site."
                },
                {
                    "url": "https://wpforms.com/docs/install-wpforms-plugin/"
                },
                {
                    "text": "After the plugin is installed and activated, you'll be able to verify your license key on your new site."
                },
                {
                    "url": "https://wpforms.com/docs/verify-wpforms-license/"
                },
                {
                    "text": "That's it! Now you know how to transfer your WPForms license key from one site to another."
                },
                {
                    "text": "Next, would you also like to copy your existing forms to a new site? Be sure to check out our tutorial on importing and exporting forms to learn how to easily copy forms for use on another site."
                },
                {
                    "url": "https://wpforms.com/docs/how-to-import-and-export-wpforms/"
                }
            ]
        }
    ],
    "section": "Documentation",
    "category": "Account Management"
}