{
    "product_name": "WPForms",
    "document_id": 338,
    "document_name": "How to Customize the Date Time Field Time Picker",
    "document_url": "https://wpforms.com/developers/customize-the-date-time-field-time-picker/",
    "author": "Editorial Team",
    "reviewer": "Molly Tyler",
    "date": "Updated: Jan 26, 2024, 09:12 AM",
    "version": "1.0",
    "title": "How to Customize the Date Time Field Time Picker",
    "content": [
        {
            "subtitle": "Introduction",
            "content": [
                {
                    "text": "Would you like to customize the Date / Time field for the time picker in WPForms? The Time Picker provides the user with a list of times to choose from. These times can be changed so that only a specific time range is available. You can also provide a built-in option on the form builder to limit certain times."
                },
                {
                    "text": "To learn more about setting up a single limit for the time picker, please check out this documentation."
                },
                {
                    "url": "https://wpforms.com/docs/how-to-customize-the-date-time-field-in-wpforms/#limit-hours"
                },
                {
                    "text": "In this tutorial, we'll show you how to customize the time picker on the Time field to disable multiple times using a small PHP snippet."
                }
            ]
        },
        {
            "subtitle": "Creating your form",
            "content": [
                {
                    "text": "First, we'll create a new form, add our fields, and add a Time form field."
                },
                {
                    "text": "If you need any help in creating your form, please review this documentation ."
                },
                {
                    "url": "https://wpforms.com/docs/creating-first-form/"
                },
                {
                    "text": "For our form, we're going to use the options on the Advanced tab to Limit Hours to 8am to 5pm for our office opening and closing time."
                },
                {
                    "image_link": "https://wpforms.com/wp-content/uploads/2023/01/wpforms-limit-hours.jpg"
                }
            ]
        },
        {
            "subtitle": "Adding the snippet",
            "content": [
                {
                    "text": "Next, we want to disable the time from 9am to 10am for a daily company-wide meeting but we also want to disable the 12pm to 1pm time slot which is the lunchtime hours as well. In order to do this, we need to add a snippet to our site."
                },
                {
                    "text": "There are three different ways this can be applied:"
                },
                {
                    "text": "All time pickers site-wide"
                },
                {
                    "text": "All time pickers inside a specific form"
                },
                {
                    "text": "A specific time picker inside a specific form."
                },
                {
                    "text": "Choose the code snippet that works for your needs and copy it to your site."
                },
                {
                    "text": "If you need help in how to add snippets to your site, please see this tutorial ."
                },
                {
                    "url": "https://wpforms.com/developers/how-to-add-custom-php-or-javascript-for-wpforms/"
                },
                {
                    "text": "The time picker can be customized even further using the options available in the jQuery timepicker library."
                },
                {
                    "url": "https://github.com/jonthornton/jquery-timepicker/blob/master/README.md"
                }
            ]
        },
        {
            "subtitle": "All time pickers site-wide",
            "content": [
                {
                    "text": "Below will apply to all time pickers on the site."
                },
                {
                    "code": "\n/**\n * Limit the times available in the Date Time field time picker.\n *\n * @link https://wpforms.com/developers/customize-the-date-time-field-time-picker/\n */\n\nfunction wpf_dev_limit_time_picker() {\n    ?>\n\n    <script type=\"text/javascript\">\n\n        window.wpforms_timepicker = {\n\n\t\t\t// Disable lunch time and daily meeting time\n\t\t\tdisableTimeRanges: [\n\t\t\t\t[ '9am', '10am' ],\n\t\t\t\t[ '12pm', '1pm' ]\n\t\t\t]\n\n        };\n\n    </script>\n\n    <?php\n}\n\nadd_action( 'wpforms_wp_footer', 'wpf_dev_limit_time_picker', 30 );\n"
                }
            ]
        },
        {
            "subtitle": "All time pickers inside a specific form",
            "content": [
                {
                    "text": "Below will apply to all time pickers inside form ID 879 ."
                },
                {
                    "code": "\n/**\n * Limit the times available in the Date Time field time picker.\n *\n * @link https://wpforms.com/developers/customize-the-date-time-field-time-picker/\n */\n\nfunction wpf_dev_limit_time_picker() {\n    ?>\n\n    <script type=\"text/javascript\">\n\n        // Change this _879 to match the form ID you have on your own form\n        window.wpforms_879 = window.wpforms_879 || {};\n        window.wpforms_879.timepicker = {\n\n\t\t\t// Disable lunch time and daily meeting time\n\t\t\tdisableTimeRanges: [\n\t\t\t\t[ '9am', '10am' ],\n\t\t\t\t[ '12pm', '1pm' ]\n\t\t\t]\n\n        };\n\n    </script>\n\n    <?php\n}\nadd_action( 'wpforms_wp_footer', 'wpf_dev_limit_time_picker', 30 );\n"
                }
            ]
        },
        {
            "subtitle": "A specific time picker inside a specific form",
            "content": [
                {
                    "text": "Below will apply to the time picker within field ID 8 inside form ID 879 ."
                },
                {
                    "code": "\n/**\n * Limit the times available in the Date Time field time picker.\n *\n * @link https://wpforms.com/developers/customize-the-date-time-field-time-picker/\n */\n\nfunction wpf_dev_limit_time_picker() {\n    ?>\n\n    <script type=\"text/javascript\">\n\n        // Change this _879_8 to match the form ID and the field ID you have on your own form\n        window.wpforms_879_8 = window.wpforms_879_8 || {};\n        window.wpforms_879_8.timepicker = {\n\n            forceRoundTime: true,\n\t\t\t// Disable lunch time and daily meeting time\n\t\t\tdisableTimeRanges: [\n\t\t\t\t[ '9am', '10am' ],\n\t\t\t\t[ '12pm', '1pm' ]\n\t\t\t]\n\n        };\n\n    </script>\n\n    <?php\n}\nadd_action( 'wpforms_wp_footer', 'wpf_dev_limit_time_picker', 30 );\n"
                },
                {
                    "text": "If you need any assistance in identifying the form or field IDs, please review this article ."
                },
                {
                    "url": "https://wpforms.com/developers/how-to-locate-form-id-and-field-id/"
                },
                {
                    "image_link": "https://wpforms.com/wp-content/uploads/2023/01/wpforms-disable-time-slot-inside-time-picker.jpg"
                },
                {
                    "text": "Your visitors can see the times you've disabled with the snippet but they won't be able to select them."
                },
                {
                    "text": "That's all you need to customize the time pickerfor the Date / Time field in WPForms. Would you like to create additional formats for your Date Picker ? Our tutorial, How to Create Additional Formats for the Date Field will show you how you can use PHP to achieve this."
                },
                {
                    "url": "https://wpforms.com/developers/how-to-create-additional-formats-for-the-date-field/"
                }
            ]
        },
        {
            "subtitle": "Related",
            "content": [
                {
                    "text": "Action Reference: wpforms_wp_footer"
                },
                {
                    "url": "https://wpforms.com/developers/wpforms_wp_footer/"
                }
            ]
        },
        {
            "subtitle": "FAQ",
            "content": []
        },
        {
            "subtitle": "Q: Can I also use this filter to change the time intervals?",
            "content": [
                {
                    "text": "A: Absolutely! By default, WPForms form builder will give you the option to set your time intervals to 15 minutes, 30 minutes and 1 hour . To change the time intervals to 5 minutes , you would use the following code:"
                },
                {
                    "code": "\n/**\n * Change the time intervals on the time picker\n *\n * @link https://wpforms.com/developers/customize-the-date-time-field-time-picker/\n */\n\nfunction wpf_dev_limit_time_picker() {\n    ?>\n    <script type=\"text/javascript\">\n\n        // Change this _797 to match your own form ID number\n        window.wpforms_797 = window.wpforms_797 || {};\n        window.wpforms_797.timepicker = {\n            \n            // Limit times to every 5 minutes\n            step: '5'\n        };\n\n    </script>\n    <?php\n}\nadd_action( 'wpforms_wp_footer', 'wpf_dev_limit_time_picker', 30 );\n"
                },
                {
                    "text": "Just remember to change the window.wpforms_797 and the step: '5' to match your form ID and the time interval you want to use."
                }
            ]
        }
    ],
    "section": "Developers",
    "category": "Tutorials"
}