{
    "product_name": "WPForms",
    "document_id": 373,
    "document_name": "How to Change the Password Field Sublabels",
    "document_url": "https://wpforms.com/developers/how-to-change-the-password-field-sublabels/",
    "author": "Editorial Team",
    "reviewer": "Molly Tyler",
    "date": "Updated: Mar 21, 2024, 14:42 PM",
    "version": "1.0",
    "title": "How to Change the Password Field Sublabels",
    "content": [
        {
            "subtitle": "Creating the form",
            "content": [
                {
                    "text": "First, we'll begin by creating our form and adding our form fields. We'll also add the Password form field and enable the Enable Password Confirmataion ."
                },
                {
                    "image_link": "https://wpforms.com/wp-content/uploads/2020/04/wpforms-enable-password-confirmation.jpg"
                },
                {
                    "text": "If you need any help in creating your form, please review this documentation ."
                },
                {
                    "url": "https://wpforms.com/docs/creating-first-form/"
                }
            ]
        },
        {
            "subtitle": "Changing the password sublabels",
            "content": [
                {
                    "text": "In order to change the text that appears below the Password form field, we'll need to add this snippet to our site."
                },
                {
                    "text": "If you need any help in how to add snippets to your site, please see this tutorial ."
                },
                {
                    "url": "https://wpforms.com/developers/how-to-add-custom-php-or-javascript-for-wpforms/"
                },
                {
                    "code": "\n/**\n * Change the sublabels for the Password field.\n *\n * @link https://wpforms.com/developers/how-to-change-the-password-field-sublabels/\n */\n\nfunction wpf_dev_password_field_properties( $properties, $field, $form_data ) {\n      \n    // Change sublabel values on the primary password field\n    $properties[ 'inputs' ][ 'primary' ][ 'sublabel' ][ 'value' ] = __( 'Please enter a password that you will use to sign on to your account.', 'your-text-domain' );\n\t\n\t// Change the sublabel values on the secondary password field\n    $properties[ 'inputs' ][ 'secondary' ][ 'sublabel' ][ 'value' ] = __( 'Please re-enter that password again just for confirmation.', 'your-text-domain' );\n  \n    return $properties;\n}\nadd_filter( 'wpforms_field_properties_password' , 'wpf_dev_password_field_properties', 10, 3 );\n\n"
                },
                {
                    "image_link": "https://wpforms.com/wp-content/uploads/2020/04/wpforms-after-password-sublabel.jpg"
                },
                {
                    "text": "And that's all you need to change the sublabels. Would you like to automatically log in users after they've completed the registration process? Take a look at our tutorial on How to Automatically Log in Users After Registration ."
                },
                {
                    "url": "https://wpforms.com/developers/automatically-log-in-users-after-registration/"
                }
            ]
        },
        {
            "subtitle": "Reference Filter",
            "content": [
                {
                    "text": "wpforms_field_properties"
                },
                {
                    "url": "https://wpforms.com/developers/wpforms_field_properties/"
                }
            ]
        },
        {
            "subtitle": "FAQ",
            "content": []
        },
        {
            "subtitle": "Q: Can I change these for only one form?",
            "content": [
                {
                    "text": "A: Absolutely, if you only wish to change these sublabels for a particular form, use this snippet instead and remember to update the form ID 123 to match your own form ID. If you need help finding your form ID, please review this helpful guide ."
                },
                {
                    "url": "https://wpforms.com/developers/how-to-locate-form-id-and-field-id/"
                },
                {
                    "code": "\n/**\n * Change the sublabels for the Password field.\n *\n * @link https://wpforms.com/developers/how-to-change-the-password-field-sublabels/\n */\n\nfunction wpf_dev_password_field_properties( $properties, $field, $form_data ) {\n\n\t// Only process this snippet on the form ID 123\n    if ( absint( $form_data[ 'id' ] ) !== 123 ) {\n\n        return $properties;\n    } \n      \n    // Change sublabel values on the primary password field\n    $properties[ 'inputs' ][ 'primary' ][ 'sublabel' ][ 'value' ] = __( 'Please enter a password that you will use to sign on to your account.', 'your-text-domain' );\n\t\n\t// Change the sublabel values on the secondary password field\n    $properties[ 'inputs' ][ 'secondary' ][ 'sublabel' ][ 'value' ] = __( 'Please re-enter that password again just for confirmation.', 'your-text-domain' );\n  \n    return $properties;\n}\nadd_filter( 'wpforms_field_properties_password' , 'wpf_dev_password_field_properties', 10, 3 );\n\n"
                },
                {
                    "text": "As you can see in the snippet, all we need to do is add in the check for the form ID with if ( absint( $form_data[ 'id' ] ) !== 123 ) { return $properties; } , the rest of the snippet remains the exact same as the example with all forms."
                }
            ]
        }
    ],
    "section": "Developers",
    "category": "Fields"
}