{
    "product_name": "WPForms",
    "document_id": 597,
    "document_name": "Exporting Form Entries",
    "document_url": "https://wpforms.com/docs/how-to-export-form-entries-to-csv-in-wpforms/",
    "author": "Umair Majeed",
    "reviewer": "Claire Broadley",
    "date": "Updated: May 21, 2024",
    "version": "1.0",
    "title": "Exporting Form Entries",
    "content": [
        {
            "subtitle": "Exporting Multiple Form Entries",
            "content": [
                {
                    "text": "To export multiple entries at once, you'll first need to go to WPForms \" Tools and click on the Export tab."
                },
                {
                    "image_link": "https://wpforms.com/wp-content/uploads/2021/02/export-tools.png"
                },
                {
                    "text": "Once the Export tab opens, you'll see the Export Entries section right at the top. Use the dropdown to choose which form's entries to export."
                },
                {
                    "image_link": "https://wpforms.com/wp-content/uploads/2021/02/export-entries-choose-form.png"
                },
                {
                    "text": "By default, your entries export file will include all the fields in your form. Below the dropdown, you can uncheck any boxes for fields you want to exclude from your export file."
                },
                {
                    "image_link": "https://wpforms.com/wp-content/uploads/2021/02/export-entries-include-fields.png"
                }
            ]
        },
        {
            "subtitle": "Including Payment Fields",
            "content": [
                {
                    "text": "If the form you're exporting its entries is a payment form, you'll likely see the Payment Fields section. This section shows all the payment fields you've included on your form."
                },
                {
                    "image_link": "https://wpforms.com/wp-content/uploads/2023/10/payment-fields.png"
                },
                {
                    "text": "By default, the Select All option is checked, but you can uncheck it and select the field(s) you'd like to include."
                }
            ]
        },
        {
            "subtitle": "Including Additional Information in Your Export File",
            "content": [
                {
                    "text": "Next, you may select the checkbox(es) for any additional information you want to include in your export file."
                },
                {
                    "image_link": "https://wpforms.com/wp-content/uploads/2023/08/additional-info-export-entries.png"
                },
                {
                    "text": "These options include:"
                },
                {
                    "text": "Entry ID: The unique number assigned to each entry."
                },
                {
                    "text": "Entry Date: When the user submitted the entry."
                },
                {
                    "text": "Entry Notes: Details you've manually added to individual entries. For more details, see our documentation on adding notes to form entries ."
                },
                {
                    "text": "Viewed: A status indicating whether you've previously opened the individual entry in your WordPress admin area. Unread entries are marked on the Entries page with a green circle."
                },
                {
                    "text": "Starred: A status indicating whether you manually starred an individual entry."
                },
                {
                    "text": "User Agent: Details on the browser used to submit the entry."
                },
                {
                    "text": "User IP: The user's IP address."
                },
                {
                    "text": "Unique Generated User ID: A unique, random value assigned to each user who submits a form (regardless of whether or not they are logged in)."
                },
                {
                    "text": "Payment Status: Whether a payment submitted through your form is pending or completed. This data is only available if you've installed and activated the Stripe , Square , Authorize.Net , PayPal Standard , or PayPal Commerce addon and turned on payments for this form."
                },
                {
                    "text": "Include data of previously deleted fields: Values for fields that you deleted at some point in the form's history."
                },
                {
                    "text": "Geolocation Details: General location information for the user who submitted the entry. This data is only available if you've installed and activated the Geolocation addon ."
                },
                {
                    "url": "https://wpforms.com/docs/complete-guide-to-form-entries/#add-notes"
                },
                {
                    "url": "https://wpforms.com/docs/how-to-install-and-use-the-stripe-addon-with-wpforms/"
                },
                {
                    "url": "https://wpforms.com/docs/how-to-install-and-use-the-square-addon-with-wpforms/"
                },
                {
                    "url": "https://wpforms.com/docs/how-to-install-and-use-the-authorize-net-addon-with-wpforms/"
                },
                {
                    "url": "https://wpforms.com/docs/install-use-paypal-addon-wpforms/"
                },
                {
                    "url": "https://wpforms.com/docs/paypal-commerce-addon/"
                },
                {
                    "url": "https://wpforms.com/docs/how-to-install-and-use-the-geolocation-addon-with-wpforms/"
                }
            ]
        },
        {
            "subtitle": "Exporting Options",
            "content": [
                {
                    "text": "In the Export Options section, you can choose whether to format your entries as a Microsoft Excel .xlsx file by checking the box provided."
                },
                {
                    "image_link": "https://wpforms.com/wp-content/uploads/2021/02/export-entries-microsoft-excel.png"
                },
                {
                    "text": "Leaving this box unchecked will format your entries as a CSV file."
                },
                {
                    "text": "If your form is using a multiple-choice field like Checkboxes , Multiple Choice, or Dropdown fields, you'll likely see the Separate dynamic choices into individual columns option."
                },
                {
                    "url": "https://wpforms.com/docs/how-to-customize-the-checkboxes-field-in-wpforms/"
                },
                {
                    "url": "https://wpforms.com/docs/how-to-customize-the-dropdown-field-in-wpforms/"
                },
                {
                    "image_link": "https://wpforms.com/wp-content/uploads/2023/11/export-options.png"
                },
                {
                    "text": "Note: This option will appear if the user selects more than one option from the multiple-choice field."
                },
                {
                    "text": "If you check this option, the export file will create individual columns for each dynamic choice option on your form. You'll also see a warning about a possible file size increase if the options are many."
                },
                {
                    "image_link": "https://wpforms.com/wp-content/uploads/2023/11/separate-dynamic-choices.png"
                }
            ]
        },
        {
            "subtitle": "Customizing Your Entries Export File",
            "content": [
                {
                    "text": "There are other options you can select to restrict which entries you want to export. These options include Custom Date Range, Status, and the Search filter."
                }
            ]
        },
        {
            "subtitle": "Custom Date Range",
            "content": [
                {
                    "text": "The Custom Date Range option lets you set start and end dates to determine which entries to include in your export file. WPForms will only export entries with submission dates falling within the specified range."
                },
                {
                    "image_link": "https://wpforms.com/wp-content/uploads/2023/10/custom-date-range.png"
                }
            ]
        },
        {
            "subtitle": "Status",
            "content": [
                {
                    "text": "The Status section will only show if you have a form that's partially filled, abandoned, or marked as spam. It lets you export entries based on their status. Below we've explained the available statuses."
                },
                {
                    "image_link": "https://wpforms.com/wp-content/uploads/2023/10/export-status.png"
                },
                {
                    "text": "Published: This is the default state for entries submitted through your form."
                },
                {
                    "text": "Partial: This status applies to forms that use the Save and Resume addon . If the user selects the option to save and resume the form submission at a later time, the entry will be marked as Partial ."
                },
                {
                    "text": "Spam: This status applies to forms with the Spam entry storage option enabled. If an entry is flagged as spam by one of our anti-spam tools, the entry will have the Spam status. See our viewing and managing spam entries guide for more details."
                },
                {
                    "text": "Abandoned: This status applies to forms that use the Form Abandonment addon . If the user exits the page without submitting your form, it'll have the Abandoned status."
                },
                {
                    "url": "https://wpforms.com/docs/how-to-install-and-use-the-save-and-resume-addon-with-wpforms/"
                },
                {
                    "url": "https://wpforms.com/docs/viewing-and-managing-spam-entries/"
                },
                {
                    "url": "https://wpforms.com/docs/how-to-install-and-use-form-abandonment-with-wpforms/"
                },
                {
                    "text": "By default, all statuses are selected, but you can unselect the one(s) you'd like to exclude from your export file."
                }
            ]
        },
        {
            "subtitle": "Search",
            "content": [
                {
                    "text": "The Search fields enable you to select entries to export based on the contents of a specific field, the Entry ID, the contents of the Entry Notes, the user IP address, or the User Agent."
                },
                {
                    "text": "For example, you could use the Search fields to export only contact form entries with a message containing the word \"help.\""
                },
                {
                    "image_link": "https://wpforms.com/wp-content/uploads/2021/02/export-entries-search.png"
                }
            ]
        },
        {
            "subtitle": "Downloading Your Export File",
            "content": [
                {
                    "text": "Once you've decided which details you'd like to include in your export, go ahead and click the Download Export File button. The download should begin immediately."
                },
                {
                    "image_link": "https://wpforms.com/wp-content/uploads/2019/08/Download-the-CSV-export-file-in-WPForms.jpg"
                },
                {
                    "text": "By default, most browsers will save any downloaded files to your computer's Downloads folder."
                }
            ]
        },
        {
            "subtitle": "Exporting a Single Entry",
            "content": [
                {
                    "text": "Sometimes, you may only want to export a single entry. To do so, go to WPForms \" Entries and select the name of the relevant form."
                },
                {
                    "image_link": "https://wpforms.com/wp-content/uploads/2019/08/Choose-form-on-Entries-overview-page.jpg"
                },
                {
                    "text": "Then click the View link to open the page of the specific entry you wish to export."
                },
                {
                    "image_link": "https://wpforms.com/wp-content/uploads/2020/11/View-Form-Entry-Details.png"
                },
                {
                    "text": "In the right sidebar of the individual entry's page, you'll see a list of Actions you can apply to this entry. From this list, select Export (CSV) to download this entry in CSV form, or the Export (XLSX) option to download this entry in an Excel format."
                },
                {
                    "image_link": "https://wpforms.com/wp-content/uploads/2021/02/Export-options-in-Single-Entry.png"
                },
                {
                    "text": "Once you click one of these export options, the download should begin immediately."
                }
            ]
        },
        {
            "subtitle": "Frequently Asked Questions",
            "content": [
                {
                    "text": "These are some of the top questions we receive about exporting form entries."
                }
            ]
        },
        {
            "subtitle": "Can I import WPForms entries from another site?",
            "content": [
                {
                    "text": "At this time, we do not offer a way to import WPForms entries."
                }
            ]
        },
        {
            "subtitle": "Can I export my entries from WPForms Lite?",
            "content": [
                {
                    "text": "WPForms Lite currently does not enable users to store or export entries. However, you can set up form notification emails to send form submissions to your preferred email address."
                },
                {
                    "url": "https://wpforms.com/docs/setup-form-notification-wpforms"
                },
                {
                    "text": "With any paid WPForms license, you'll be able to store and export future entries (i.e., entries created after you've installed your paid WPForms plugin )."
                },
                {
                    "url": "https://wpforms.com/docs/upgrade-wpforms-lite-paid-license/#installing-wpforms"
                }
            ]
        },
        {
            "subtitle": "Some of my entries' characters come out garbled when I open the export file in Excel. How can I fix this?",
            "content": [
                {
                    "text": "In most cases, this is caused by special characters within the entry being improperly encoded in the CSV file. To fix this, be sure to use the Microsoft Excel (.xlsx) option in the export settings to ensure the correct file encoding."
                },
                {
                    "text": "Or, if you'd prefer to stick with a CSV file, be sure to use UTF-8 encoding when opening your file in Excel."
                },
                {
                    "url": "https://excel.officetuts.net/en/examples/how-to-import-csv-file-that-uses-utf-8-encoding"
                }
            ]
        },
        {
            "subtitle": "Can I disable multiple-column export for multiple-choice fields?",
            "content": [
                {
                    "text": "When exporting form entries with a multiple-choice field, each individual choice is exported as a separate column on the export file."
                },
                {
                    "text": "To disable this option, leave the Separate dynamic choices into individual columns option unchecked when exporting your entry."
                },
                {
                    "image_link": "https://wpforms.com/wp-content/uploads/2023/11/export-options.png"
                },
                {
                    "text": "If you can't find the checkbox, you'll need to add a custom filter to disable this option. To do so, add the code snippet below to your site."
                },
                {
                    "code": "add_filter( 'wpforms_pro_admin_entries_export_allow_multiple_input_field', '__return_false' );"
                },
                {
                    "text": "Note: See our tutorial for a complete guide on adding custom PHP code to your site."
                },
                {
                    "url": "https://wpforms.com/developers/how-to-add-custom-php-or-javascript-for-wpforms/"
                }
            ]
        },
        {
            "subtitle": "I received the following error when downloading my export file: \"There were problems while preparing your export file. Please recheck export settings and try again. Unknown request.\" How do I fix it?",
            "content": [
                {
                    "text": "If you see this error when attempting to export your form's entries, please ensure you are using the latest version of WPForms . Then try exporting your form's entries again."
                },
                {
                    "url": "https://wpforms.com/docs/why-you-should-always-use-the-latest-version-of-wpforms/"
                },
                {
                    "text": "If the problem persists, there may be a file permissions issue that is preventing WPForms from exporting your entries. Typically, this means that your user account does not have access to specific files or directories. This may be due to restricted or incorrect permissions."
                },
                {
                    "text": "You can quickly fix the issue for self-hosted WordPress sites by following this guide for fixing WordPress file and folder permissions ."
                },
                {
                    "url": "https://www.wpbeginner.com/beginners-guide/how-to-fix-file-and-folder-permissions-error-in-wordpress/"
                },
                {
                    "text": "If you do not have direct access to the server, please get in touch with your hosting provider to help fix this problem."
                },
                {
                    "text": "If the error persists after you've confirmed there is no file permissions issue and followed our troubleshooting tips , feel free to contact our support team for more help."
                },
                {
                    "url": "https://wpforms.com/docs/getting-support-wpforms/"
                },
                {
                    "url": "https://wpforms.com/contact/"
                }
            ]
        },
        {
            "subtitle": "How can I include hidden fields in my entry exports from WPForms?",
            "content": [
                {
                    "text": "To include hidden fields in your entry exports from WPForms, you can apply a PHP snippet. This customization allows you to see all fields, including those not typically visible, in your exported CSV files. For detailed guidance on implementing this snippet, please refer to our developer documentation ."
                },
                {
                    "url": "https://wpforms.com/developers/how-to-display-hidden-fields-in-entry-exports/"
                },
                {
                    "text": "Note: Please be aware that this requires advanced functionality, such as adding code to your site, and is therefore recommended for developers."
                },
                {
                    "text": "That's it! Now you know how to use the Entries Export tool in WPForms."
                },
                {
                    "text": "Next, would you like to learn more about other tools available for form management? Be sure to check out our guide to form entries , where we've answered all the most common questions about form management options."
                },
                {
                    "url": "https://wpforms.com/docs/complete-guide-to-form-entries/"
                }
            ]
        }
    ],
    "section": "Documentation",
    "category": "Entry Management"
}