{
    "product_name": "WPForms",
    "document_id": 280,
    "document_name": "A Complete Guide to WPForms Settings",
    "document_url": "https://wpforms.com/docs/a-complete-guide-to-wpforms-settings/",
    "author": "Umair Majeed",
    "reviewer": "David Ozokoye",
    "date": "Updated: Sep 23, 2024",
    "version": "1.0",
    "title": "A Complete Guide to WPForms Settings",
    "content": [
        {
            "subtitle": "Accessing WPForms Settings",
            "content": [
                {
                    "text": "To access plugin-wide settings in WPForms, you'll need to go to WPForms \" Settings in the left WordPress menu."
                },
                {
                    "image_link": "https://wpforms.com/wp-content/uploads/2024/09/wpforms-settings.png"
                },
                {
                    "text": "This will automatically open to the General settings tab. However, you can click on any tab along the top of the page to access additional settings."
                },
                {
                    "image_link": "https://wpforms.com/wp-content/uploads/2024/09/wpforms-settings-tab.png"
                }
            ]
        },
        {
            "subtitle": "General Settings",
            "content": [
                {
                    "text": "Settings in the General tab are potentially relevant to all users, no matter which features or addons you use."
                },
                {
                    "text": "License Key"
                },
                {
                    "image_link": "https://wpforms.com/wp-content/uploads/2023/11/license-key-settings-1.png"
                },
                {
                    "text": "Your license key will provide your site with access to updates, as well as any addons available with your license level."
                },
                {
                    "text": "Please check out our license verification tutorial for details on how to locate and add your license key."
                },
                {
                    "url": "https://wpforms.com/docs/verify-wpforms-license/"
                },
                {
                    "text": "Include Form Styling"
                },
                {
                    "image_link": "https://wpforms.com/wp-content/uploads/2024/09/include-form-styling.png"
                },
                {
                    "text": "WPForms will, by default, add styles to ensure your form looks great no matter which theme you choose to use on your WordPress site. If you're a developer looking to customize your forms, though, this dropdown will allow you to reduce the amount of styling that WPForms applies."
                },
                {
                    "text": "Our tutorial on the Include Form Styling setting covers all of the details, including what to watch for if you choose to alter this option from the default choice."
                },
                {
                    "url": "https://wpforms.com/docs/how-to-choose-an-include-form-styling-setting/"
                },
                {
                    "text": "Use Modern Markup"
                },
                {
                    "image_link": "https://wpforms.com/wp-content/uploads/2021/02/use-modern-markup.png"
                },
                {
                    "text": "WPForms includes a modern markup that comes with increased accessibility and modern styles for fields and buttons. When enabled, you'll be able to style your forms in the block editor without writing any CSS."
                },
                {
                    "text": "For details on how to style your forms in the block editor, be sure to check out our complete form styling tutorial."
                },
                {
                    "url": "https://wpforms.com/docs/styling-your-forms/"
                },
                {
                    "text": "Load Assets Globally"
                },
                {
                    "image_link": "https://wpforms.com/wp-content/uploads/2021/02/load-assets-globally.png"
                },
                {
                    "text": "WPForms is smart about how it uses your site's resources, so it will only load assets (code for styling and JavaScript, etc.) when a form is detected on the page. In rare cases, however, something on a site may prevent this detection from working properly - and that may prevent assets from loading at all."
                },
                {
                    "text": "By choosing to Load Assets Globally , it's often possible to resolve issues where form assets aren't loading. If you're considering enabling this option, it's generally best to get in touch with our trusted advisors and find out if loading assets globally could be a good solution for the specific issue you're seeing."
                },
                {
                    "url": "https://wpforms.com/contact/"
                },
                {
                    "text": "GDPR Enhancements"
                },
                {
                    "image_link": "https://wpforms.com/wp-content/uploads/2021/02/GDPR-settings.png"
                },
                {
                    "text": "GDPR, or General Data Protection Regulations, is a set of policies by the European Union meant to help protect the privacy of EU citizens on the internet. WPForms offers a few ways to help you work towards compliance such as a GDPR Agreement field and an option to disable user cookies."
                },
                {
                    "text": "For all of the details on available GDPR options, please be sure to check out our tutorial on GDPR compliance in WPForms ."
                },
                {
                    "url": "https://wpforms.com/docs/how-to-create-gdpr-compliant-forms/"
                }
            ]
        },
        {
            "subtitle": "Email Settings",
            "content": [
                {
                    "text": "Settings under the Email tab will apply to notification emails for all forms on your site."
                },
                {
                    "text": "This section will discuss plugin-wide email settings. If you'd like to change email settings for individual forms, be sure to check out our tutorial on setting up notification emails ."
                },
                {
                    "url": "https://wpforms.com/docs/setup-form-notification-wpforms/"
                },
                {
                    "text": "Template"
                },
                {
                    "image_link": "https://wpforms.com/wp-content/uploads/2023/11/wpforms-email-templates.png 1116w, https://wpforms.com/wp-content/uploads/2023/11/wpforms-email-templates-300x221.png 300w, https://wpforms.com/wp-content/uploads/2023/11/wpforms-email-templates-1024x754.png 1024w, https://wpforms.com/wp-content/uploads/2023/11/wpforms-email-templates-768x566.png 768w"
                },
                {
                    "text": "In the Template section, you'll find all the available templates WPForms supports. Each of the email templates has its unique style and features. Below, we've outlined the available templates."
                },
                {
                    "text": "Classic"
                },
                {
                    "text": "Compact"
                },
                {
                    "text": "Modern"
                },
                {
                    "text": "Elegant"
                },
                {
                    "text": "Tech"
                },
                {
                    "text": "Plain Text"
                },
                {
                    "text": "To see examples of each type of email, please see our customizing form notifications tutorial ."
                },
                {
                    "url": "https://wpforms.com/docs/customizing-form-notification-emails/#settings"
                },
                {
                    "text": "Header Image"
                },
                {
                    "image_link": "https://wpforms.com/wp-content/uploads/2021/02/Header-Image-Settings.png"
                },
                {
                    "text": "In this setting, you can upload an image that will display at the top of all form notification emails. For full details, including image size recommendations, please check out our tutorial on adding an email header image ."
                },
                {
                    "url": "https://wpforms.com/docs/how-to-add-custom-header-image-in-your-wpforms-email-template/"
                },
                {
                    "text": "Color Scheme"
                },
                {
                    "image_link": "https://wpforms.com/wp-content/uploads/2023/11/color-scheme.png"
                },
                {
                    "text": "This option allows you to customize the colors of elements on the notification email. To update any of the colors, you can either enter the HEX value into the color field or click on it to open the color picker."
                },
                {
                    "text": "Typography"
                },
                {
                    "image_link": "https://wpforms.com/wp-content/uploads/2023/11/typography.png"
                },
                {
                    "text": "The Typography option controls which font family will be used for notification emails from your site. WPForms currently supports Sans Serif and Serif fonts."
                },
                {
                    "text": "Optimize Email Sending"
                },
                {
                    "image_link": "https://wpforms.com/wp-content/uploads/2021/02/optimize-email-sending-1.png"
                },
                {
                    "text": "The Optimize Email Sending option allows you to send notification emails asynchronously. This means that with this setting enabled, your forms will process notification emails separately from form confirmations. If you've had reports of your forms taking a long time to submit, or if your forms send out a lot of notifications, turning on this option may help cut down your form's submission time."
                },
                {
                    "text": "Enabling this setting is not recommended for users with low-traffic sites, as this may increase email delivery time substantially. This setting is also not intended to fix email delivery issues. For troubleshooting delivery issues, check out our guide ."
                },
                {
                    "url": "https://wpforms.com/docs/troubleshooting-email-notifications/"
                },
                {
                    "text": "Carbon Copy"
                },
                {
                    "image_link": "https://wpforms.com/wp-content/uploads/2021/02/carbon-copy-settings.png"
                },
                {
                    "text": "WPForms is designed with email privacy in mind, and so the Send To Email Address field (where you'd generally add all email recipients for a form's notification email) acts like a BCC, or Blind Carbon Copy, field. This means that a separate email is sent to each email address, and the recipients can't see one another."
                },
                {
                    "text": "If you'd like recipients to see one another's email addresses, and be able to Reply-All on the email, a Carbon Copy (CC) field will be a better fit."
                },
                {
                    "text": "By enabling the Carbon Copy option, you'll have the option to use a CC field in all of your existing and new forms."
                },
                {
                    "text": "For all of the details, as well as important usage notes, please see our tutorial on setting up notification emails ."
                },
                {
                    "url": "https://wpforms.com/docs/setup-form-notification-wpforms/#reply-all"
                }
            ]
        },
        {
            "subtitle": "CAPTCHA Settings",
            "content": [
                {
                    "text": "WPForms includes built-in integration with Google's reCAPTCHA, hCaptcha, and Cloudflare Turnstile to combat spam on your WordPress forms."
                },
                {
                    "image_link": "https://wpforms.com/wp-content/uploads/2023/02/choose-captcha-option.png"
                },
                {
                    "text": "After choosing a CAPTCHA option , additional settings will appear for the specific CAPTCHA. You'll need to generate a unique set of API keys to connect the CAPTCHA service with WPForms."
                },
                {
                    "url": "https://wpforms.com/docs/setup-captcha-wpforms/"
                },
                {
                    "text": "hCaptcha"
                },
                {
                    "text": "hCaptcha is a free CAPTCHA solution that focuses on user privacy. It only ever collects necessary user data, and clearly lays out which information it collects and how it uses those details."
                },
                {
                    "text": "To learn more, check out our guide on how to set up and use hCaptcha with WPForms ."
                },
                {
                    "url": "https://wpforms.com/docs/how-to-set-up-and-use-hcaptcha-in-wpforms"
                },
                {
                    "text": "reCAPTCHA"
                },
                {
                    "text": "reCAPTCHA is a free spam prevention service provided by Google. There are three types of reCAPTCHA available for your forms: v2 Checkbox reCAPTCHA, v2 Invisible reCAPTCHA, and v3 reCAPTCHA."
                },
                {
                    "text": "For full details, please check out our complete guide to setting up Google reCAPTCHA in WPForms ."
                },
                {
                    "url": "https://wpforms.com/docs/how-to-set-up-and-use-recaptcha-in-wpforms/"
                },
                {
                    "text": "Turnstile"
                },
                {
                    "text": "Cloudflare Turnstile is a smart CAPTCHA-like alternative that offers a user-friendly experience. It works without showing users a CAPTCHA challenge."
                },
                {
                    "text": "For a complete walkthrough, please check out our guide on how to set up and use Cloudflare Turnstile with WPForms ."
                },
                {
                    "url": "https://wpforms.com/docs/setting-up-cloudflare-turnstile/"
                }
            ]
        },
        {
            "subtitle": "Validation Settings",
            "content": [
                {
                    "image_link": "https://wpforms.com/wp-content/uploads/2024/09/validation-messages.png"
                },
                {
                    "text": "Validation messages are shown to the user when they fill out parts of your forms incorrectly. For example, if the user skips a required field they'll see a validation message that states \"This field is required.\""
                },
                {
                    "image_link": "https://wpforms.com/wp-content/uploads/2020/04/Email-Validation-in-WPForms-5.jpg"
                },
                {
                    "text": "Under the Validation tab, you can easily customize these validation messages. This is useful if you need to translate messages into a different language , or even if you simply want these messages to reflect a unique voice for your brand."
                },
                {
                    "url": "https://wpforms.com/docs/how-to-translate-wpforms-into-a-different-language/"
                },
                {
                    "text": "For full details, please see our tutorial on customizing form validation messages ."
                },
                {
                    "url": "https://wpforms.com/docs/customize-wpforms-validation-messages/"
                }
            ]
        },
        {
            "subtitle": "Payments Settings",
            "content": [
                {
                    "text": "Payment settings will be important if you plan to collect any payment through your forms."
                },
                {
                    "text": "If you're looking for PayPal settings, please check out our tutorial on setting up the PayPal addon ."
                },
                {
                    "url": "https://wpforms.com/docs/install-use-paypal-addon-wpforms/"
                },
                {
                    "text": "Currency"
                },
                {
                    "image_link": "https://wpforms.com/wp-content/uploads/2020/02/Change-Currency-WPForms.jpg"
                },
                {
                    "text": "By default, WPForms will use USD (United States Dollars) for all payment fields used in your forms. If you need to use a different currency, go ahead and choose an option from this list."
                },
                {
                    "text": "Stripe"
                },
                {
                    "image_link": "https://wpforms.com/wp-content/uploads/2021/02/stripe-payment-settings.png"
                },
                {
                    "text": "Requirements: You will need a Pro license level or higher to access the Stripe addon and these settings."
                },
                {
                    "url": "https://wpforms.com/pricing/"
                },
                {
                    "text": "If you've installed the Stripe Pro addon , you'll need to click on the blue Connect with Stripe button to begin accepting payments."
                },
                {
                    "url": "https://wpforms.com/integrations/stripe/"
                },
                {
                    "image_link": "https://wpforms.com/wp-content/uploads/2024/09/connect-with-stripe.png"
                },
                {
                    "text": "For all of the details on setting up Stripe in WPForms, be sure to check out our Stripe Pro addon tutorial ."
                },
                {
                    "url": "https://wpforms.com/docs/how-to-install-and-use-the-stripe-addon-with-wpforms/"
                },
                {
                    "text": "Authorize.net"
                },
                {
                    "image_link": "https://wpforms.com/wp-content/uploads/2021/02/Authorize.Net-Settings.png"
                },
                {
                    "text": "Requirements: You will need an Elite license to access the Authorize.Net addon and these settings."
                },
                {
                    "url": "https://wpforms.com/pricing/"
                },
                {
                    "text": "Once you've installed the Authorize.Net addon , you'll need to configure your API Keys to begin accepting payments with Authorize.Net."
                },
                {
                    "url": "https://wpforms.com/integrations/authorize-net/"
                },
                {
                    "text": "For all of the details on setting up Authorize.Net in WPForms, be sure to check out our Authorize.Net tutorial ."
                },
                {
                    "url": "https://wpforms.com/docs/how-to-install-and-use-the-authorize-net-addon-with-wpforms/"
                }
            ]
        },
        {
            "subtitle": "Integrations Settings",
            "content": [
                {
                    "image_link": "https://wpforms.com/wp-content/uploads/2020/03/Integrations-Settings.jpg"
                },
                {
                    "text": "If you'd like to integrate your forms with a third party service, such as an email marketing tool or Zapier, the Integrations tab will include the settings you need to connect to these services."
                },
                {
                    "text": "Below, you can find all of the potential integrations for this tab as well as links to installation and setup tutorials."
                },
                {
                    "text": "Requirements: The only integration on this page available to everyone is Constant Contact. All other integrations are available only with specific license levels , and will require installing an addon ."
                },
                {
                    "url": "https://wpforms.com/pricing/"
                },
                {
                    "url": "https://wpforms.com/docs/install-activate-wpforms-addons/"
                },
                {
                    "text": "AWeber"
                },
                {
                    "text": "ActiveCampaign"
                },
                {
                    "text": "Brevo"
                },
                {
                    "text": "Campaign Monitor"
                },
                {
                    "text": "Constant Contact"
                },
                {
                    "text": "ConvertKit"
                },
                {
                    "text": "Drip"
                },
                {
                    "text": "GetResponse"
                },
                {
                    "text": "Google Sheets"
                },
                {
                    "text": "HubSpot"
                },
                {
                    "text": "Mailchimp"
                },
                {
                    "text": "MailerLite"
                },
                {
                    "text": "Salesforce"
                },
                {
                    "text": "Zapier"
                },
                {
                    "url": "https://wpforms.com/docs/install-use-aweber-addon-wpforms/"
                },
                {
                    "url": "https://wpforms.com/docs/how-to-install-and-use-the-activecampaign-addon-with-wpforms/"
                },
                {
                    "url": "https://wpforms.com/docs/how-to-install-and-use-the-sendinblue-addon-with-wpforms/"
                },
                {
                    "url": "https://wpforms.com/docs/how-to-install-and-use-campaign-monitor-addon-with-wpforms/"
                },
                {
                    "url": "https://wpforms.com/docs/how-to-connect-constant-contact-with-wpforms/"
                },
                {
                    "url": "https://wpforms.com/docs/convertkit-addon/"
                },
                {
                    "url": "https://wpforms.com/docs/how-to-install-and-use-the-drip-addon-in-wpforms/"
                },
                {
                    "url": "https://wpforms.com/docs/how-to-install-and-use-getresponse-addon-with-wpforms/"
                },
                {
                    "url": "https://wpforms.com/docs/google-sheets-addon/"
                },
                {
                    "url": "https://wpforms.com/docs/how-to-install-and-use-the-hubspot-addon-in-wpforms/"
                },
                {
                    "url": "https://wpforms.com/docs/install-use-mailchimp-addon-wpforms/"
                },
                {
                    "url": "https://wpforms.com/docs/install-use-mailerlite-addon-wpforms/"
                },
                {
                    "url": "https://wpforms.com/docs/how-to-install-and-use-the-salesforce-addon-with-wpforms/"
                },
                {
                    "url": "https://wpforms.com/docs/how-to-install-and-use-zapier-addon-with-wpforms/"
                }
            ]
        },
        {
            "subtitle": "Geolocation Settings",
            "content": [
                {
                    "image_link": "https://wpforms.com/wp-content/uploads/2021/02/select-geolocation-api.png"
                },
                {
                    "text": "Requirements: You will need a Pro license level or higher to access the Geolocation addon and these settings."
                },
                {
                    "url": "https://wpforms.com/pricing/"
                },
                {
                    "text": "With the Geolocation addon, you can add autocomplete functionality to your form's Address fields, as well as record your user's location data with each form submission."
                },
                {
                    "text": "For more information on how to set up the Geolocation addon, be sure to check out our guide on how to install and use the Geolocation addon for more details."
                },
                {
                    "url": "https://wpforms.com/docs/how-to-install-and-use-the-geolocation-addon-with-wpforms/"
                }
            ]
        },
        {
            "subtitle": "Access Settings",
            "content": [
                {
                    "text": "Access settings allow you to choose who has access to your forms with our Access Controls ."
                },
                {
                    "url": "https://wpforms.com/docs/how-to-set-up-access-controls-in-wpforms/"
                },
                {
                    "text": "With Access Controls, you are in control of which user roles are allowed to interact with your forms. You can decide what actions a user can take (such as creating or viewing a form), in addition to which forms a user can act on."
                },
                {
                    "image_link": "https://wpforms.com/wp-content/uploads/2021/02/access-control-in-WPForms.png"
                },
                {
                    "text": "Below is a list of all the actions you can set up Access Controls for:"
                },
                {
                    "text": "Create Forms"
                },
                {
                    "text": "View Forms"
                },
                {
                    "text": "Edit Forms"
                },
                {
                    "text": "Delete Forms"
                },
                {
                    "text": "View Entries"
                },
                {
                    "text": "Edit Entries"
                },
                {
                    "text": "Delete Entries"
                },
                {
                    "text": "For more details on defining user permissions, be sure to check out our tutorial on setting up access controls in WPForms ."
                },
                {
                    "url": "https://wpforms.com/docs/how-to-set-up-access-controls-in-wpforms/"
                }
            ]
        },
        {
            "subtitle": "Misc Settings",
            "content": [
                {
                    "text": "Settings shown under the Misc tab don't fit into another category, and are unlikely to be needed by most users."
                },
                {
                    "text": "Delete Spam Entries"
                },
                {
                    "image_link": "https://wpforms.com/wp-content/uploads/2024/09/delete-spam-entries.png"
                },
                {
                    "text": "WPForms automatically deletes spam entries after some time. You can specify the number of days spam entries are stored before they're deleted from your site."
                },
                {
                    "text": "To learn more about how WPForms handles spam entries, check our guide to viewing and managing spam entries ."
                },
                {
                    "url": "https://wpforms.com/docs/viewing-and-managing-spam-entries/"
                },
                {
                    "text": "Hide Announcements"
                },
                {
                    "image_link": "https://wpforms.com/wp-content/uploads/2021/02/Hide-Announcements.png"
                },
                {
                    "text": "You may occasionally see notices from the WPForms team in your WordPress dashboard, ranging from important announcements to a friendly request to consider creating a plugin review."
                },
                {
                    "text": "If you'd prefer not to see any announcements from WPForms, simply enable this Hide Announcements option."
                },
                {
                    "text": "Hide Admin Bar Menu"
                },
                {
                    "image_link": "https://wpforms.com/wp-content/uploads/2023/11/hide-admin-bar-menu-settings.png"
                },
                {
                    "text": "This option removes the WPForms menu item from the WordPress admin bar at the top. If you rarely need direct access to WPForms from the admin bar or prefer a tidier interface, toggle the Hide Admin Bar Menu option to the on position."
                },
                {
                    "text": "Hide AI Features"
                },
                {
                    "image_link": "https://wpforms.com/wp-content/uploads/2024/09/hide-ai-features.png"
                },
                {
                    "text": "WPForms comes with AI features that let you automatically generate choices on Multiple Choice, Checkboxes, and the Dropdown field. If you'd like to hide this and other WPForms AI features, toggle the Hide AI Features option to the ON position."
                },
                {
                    "url": "https://wpforms.com/docs/generating-form-choices-with-wpforms-ai/"
                },
                {
                    "text": "Disable Email Summaries"
                },
                {
                    "image_link": "https://wpforms.com/wp-content/uploads/2021/02/disable-email-summaries.png"
                },
                {
                    "text": "Each week, WPForms will send you an email showing the number of entries that each of your forms have received . You can disable this feature at any time by toggling the Disable Email Summaries option to the off position (and then saving your settings)."
                },
                {
                    "url": "https://wpforms.com/docs/how-to-use-email-summaries/"
                },
                {
                    "text": "Uninstall WPForms"
                },
                {
                    "image_link": "https://wpforms.com/wp-content/uploads/2021/02/uninstall-WPForms.png"
                },
                {
                    "text": "WPForms is designed to avoid losing your form and entry data, and so a standard deletion of the WPForms plugin (using the Delete option on your WordPress Plugins page) will not fully remove the forms, settings, or entries from your site."
                },
                {
                    "text": "This is to ensure that even if you need to remove plugins while troubleshooting, or if your plugin is accidentally deleted, etc, you will not lose everything you've created in WPForms."
                },
                {
                    "text": "If you'd like to fully uninstall WPForms, and so delete all forms, settings, entries, and any files uploaded to your forms (remove everything associated with WPForms from your site), you'll first need to enable this option. Then, deactivate and delete WPForms from your site's Plugins page to trigger this complete uninstall process."
                },
                {
                    "text": "That's it! We hope this helped to familiarize you with all of the plugin-wide settings available in WPForms."
                },
                {
                    "text": "Next, would you like to find out what you should test before launching your forms? Be sure to check out our pre-launch checklist to ensure your forms work exactly how you'd like before accepting submissions."
                },
                {
                    "url": "https://wpforms.com/docs/how-to-properly-test-your-wordpress-forms-before-launching-checklist/"
                }
            ]
        }
    ],
    "section": "Documentation",
    "category": "Form Creation"
}