{
    "product_name": "WPForms",
    "document_id": 528,
    "document_name": "Using WPForms with AMP",
    "document_url": "https://wpforms.com/docs/how-to-use-wpforms-with-amp/",
    "author": "Umair Majeed",
    "reviewer": "David Ozokoye",
    "date": "Updated: Aug 5, 2024",
    "version": "1.0",
    "title": "Using WPForms with AMP",
    "content": [
        {
            "subtitle": "What Is Google AMP?",
            "content": [
                {
                    "text": "Google AMP , or Accelerated Mobile Pages, is an open-source initiative with the goal of making web content load faster for mobile users."
                },
                {
                    "url": "http://www.wpbeginner.com/wp-tutorials/how-to-properly-setup-google-amp-on-your-wordpress-site/"
                },
                {
                    "text": "However, to achieve these loading speed improvements, AMP prevents many resources from loading. As a result, some functionality will not work as expected on AMP pages."
                },
                {
                    "text": "For example, by default, WPForms will automatically detect if your forms are being loaded on an AMP page. If an AMP page is detected, the user will see a link to load the full (non-AMP) version of the page."
                },
                {
                    "image_link": "https://wpforms.com/wp-content/uploads/2019/06/amp-incompatible-form-page-1.png 1116w, https://wpforms.com/wp-content/uploads/2019/06/amp-incompatible-form-page-1-300x111.png 300w, https://wpforms.com/wp-content/uploads/2019/06/amp-incompatible-form-page-1-1024x379.png 1024w, https://wpforms.com/wp-content/uploads/2019/06/amp-incompatible-form-page-1-768x284.png 768w"
                },
                {
                    "text": "This is why WPForms includes special compatibility specifically for Google AMP."
                }
            ]
        },
        {
            "subtitle": "Adding AMP Compatibility to WPForms",
            "content": [
                {
                    "text": "Note: The Number Slider field and Modern Style Dropdown field are not supported when using AMP. We recommend using the Classic Style Dropdown and Numbers fields instead if you want to enable AMP for your WordPress site."
                },
                {
                    "text": "To get started, you'll need to install and activate the official Google AMP plugin for WordPress . For details on how to install a plugin, please see WPBeginner's guide ."
                },
                {
                    "url": "https://wordpress.org/plugins/amp/"
                },
                {
                    "url": "https://www.wpbeginner.com/beginners-guide/step-by-step-guide-to-install-a-wordpress-plugin-for-beginners/"
                },
                {
                    "text": "You can use the Google AMP plugin's setup wizard to configure the necessary settings. For details, see WPBeginner's full tutorial on using AMP with WordPress ."
                },
                {
                    "url": "https://www.wpbeginner.com/wp-tutorials/how-to-properly-setup-google-amp-on-your-wordpress-site/"
                },
                {
                    "text": "No extra setup is needed to integrate your forms with the AMP plugin, and compatibility will automatically be added to all of your embedded forms."
                }
            ]
        },
        {
            "subtitle": "Using reCAPTCHA with WPForms and AMP",
            "content": [
                {
                    "text": "To use reCAPTCHA in WPForms with AMP, you must use reCAPTCHA v3. This is the only version of reCAPTCHA that is supported by AMP."
                },
                {
                    "text": "For a step-by-step guide to enabling this feature, please see our tutorial on setting up reCAPTCHA in WPForms ."
                },
                {
                    "url": "https://wpforms.com/docs/setup-captcha-wpforms/"
                },
                {
                    "text": "If you're currently using v2 reCAPTCHA in your forms, you'll need to repeat the setup process (including creating new keys) to switch to v3 reCAPTCHA."
                },
                {
                    "text": "If you want reCAPTCHA to work on your AMP pages, you'll need to enable this in your reCAPTCHA settings."
                },
                {
                    "text": "To do so, go to your reCAPTCHA admin dashboard and click on the gear icon for the v3 reCAPTCHA you added to WPForms."
                },
                {
                    "url": "https://www.google.com/recaptcha/intro/v3.html"
                },
                {
                    "image_link": "https://wpforms.com/wp-content/uploads/2019/06/open-recaptcha-settings.png"
                },
                {
                    "text": "Then scroll down to the bottom of the settings page and select the checkbox next to Allow this key to work with AMP pages ."
                },
                {
                    "image_link": "https://wpforms.com/wp-content/uploads/2019/06/allow-recaptcha-on-amp-pages.png"
                },
                {
                    "text": "Note: The CAPTCHA settings default to invisible reCAPTCHA on AMP pages. This means users won't see a reCAPTCHA badge on forms embedded on AMP pages."
                },
                {
                    "text": "Remember to save your settings. Then the reCAPTCHA badge should be visible on your AMP pages."
                },
                {
                    "text": "Lastly, be sure to test your forms with AMP so that you can be sure they look and work exactly as you'd like."
                },
                {
                    "url": "https://wpforms.com/docs/how-to-properly-test-your-wordpress-forms-before-launching-checklist/"
                },
                {
                    "text": "That's it! You can now make sure your site's mobile users can still see and fill out your forms with Google AMP."
                },
                {
                    "text": "Next, would you like to learn how you can collect form submissions even when no internet is available? Be sure to check out our tutorial on the Offline Mode addon to find out more."
                },
                {
                    "url": "https://wpforms.com/docs/how-to-install-and-set-up-the-offline-forms-addon/"
                }
            ]
        }
    ],
    "section": "Documentation",
    "category": "Extending Functionality"
}