{
    "product_name": "WPForms",
    "document_id": 476,
    "document_name": "wpforms_form_token_check_before_today",
    "document_url": "https://wpforms.com/developers/wpforms_form_token_check_before_today/",
    "author": null,
    "reviewer": null,
    "date": null,
    "version": "1.0",
    "title": "wpforms_form_token_check_before_today",
    "content": [
        {
            "subtitle": "Description",
            "content": [
                {
                    "text": "The wpforms_form_token_check_before_today filter is used to extend the cache times used for the form token."
                }
            ]
        },
        {
            "subtitle": "Parameters",
            "content": [
                {
                    "text": "$times: (array)An array of times to check before today."
                }
            ]
        },
        {
            "subtitle": "Source",
            "content": [
                {
                    "text": "wpforms/src/Forms/Token.php"
                }
            ]
        },
        {
            "subtitle": "More Information",
            "content": [
                {
                    "text": "The wpforms_form_token_check_before_today filter can be used to extend the cache times that WPForms uses on the form tokens for the before times."
                },
                {
                    "text": "This filter is used mostly to catch edge cases like the form page loading and submitting on two different days."
                },
                {
                    "text": "There is another available filter for extending the cache times after as well. Please see the wpforms_form_token_check_after_today filter."
                },
                {
                    "url": "https://wpforms.com/developers/wpforms_form_token_check_after_today/"
                }
            ]
        },
        {
            "subtitle": "Example",
            "content": [
                {
                    "code": "\n/**\n * Extend cache time on form tokens before today.\n *\n * @param array $times An array of times to check before today.\n * @return array\n */\nfunction example_add_longer_token_time_before( $times ) {\n    // Allow the token to persist for 3, 4, and 5 days\n    $times[] = 3 * DAY_IN_SECONDS;\n    $times[] = 4 * DAY_IN_SECONDS;\n    $times[] = 5 * DAY_IN_SECONDS;\n\n    return $times;\n}\nadd_filter( 'wpforms_form_token_check_before_today', 'example_add_longer_token_time_before' );\n\n/**\n * Extend cache time on form tokens after today.\n *\n * This filter is to catch edge cases of someone loading the form and submitting,\n * with the expiration happening in between. Making this longer allows for more leeway.\n *\n * @param array $times An array of times to check after today.\n * @return array\n */\nfunction example_add_longer_token_time_after( $times ) {\n    // Allow the token to persist for 1 day\n    $times[] = DAY_IN_SECONDS;\n\n    return $times;\n}\nadd_filter( 'wpforms_form_token_check_after_today', 'example_add_longer_token_time_after' );\n"
                }
            ]
        },
        {
            "subtitle": "Related",
            "content": [
                {
                    "text": "Article Reference: How to Change the Cache Time on Your Form Token"
                },
                {
                    "url": "https://wpforms.com/developers/how-to-change-the-cache-time-on-your-form-token/"
                },
                {
                    "text": "Additional Filter Reference: wpforms_form_token_check_after_today"
                },
                {
                    "url": "https://wpforms.com/developers/wpforms_form_token_check_after_today/"
                }
            ]
        }
    ],
    "section": "Developers",
    "category": "Filters Hooks"
}