{
    "product_name": "WPForms",
    "document_id": 79,
    "document_name": "Adding WPForms to a Divi Page",
    "document_url": "https://wpforms.com/docs/how-to-add-wpforms-to-a-divi-page/",
    "author": "David Ozokoye",
    "reviewer": "Claire Broadley",
    "date": "Updated: May 21, 2024",
    "version": "1.0",
    "title": "Adding WPForms to a Divi Page",
    "content": [
        {
            "subtitle": "Opening the Divi Builder",
            "content": [
                {
                    "text": "Once you've created your form, open up the page you'd like to embed your form on. If this is a new page, you'll see a Use Divi Builder option. Go ahead and click that option to be redirected to Divi's builder."
                },
                {
                    "image_link": "https://wpforms.com/wp-content/uploads/2020/10/Use-Divi-Builder-1.png"
                },
                {
                    "text": "Once you open the builder, you'll be prompted to choose to either build a page from scratch, choose from a pre-made layout, or clone an existing page. For our example, we'll build our page from scratch by clicking the Start Building button."
                },
                {
                    "image_link": "https://wpforms.com/wp-content/uploads/2021/12/start-building-divi.png"
                },
                {
                    "text": "This will open up a blank page for you to begin building on."
                }
            ]
        },
        {
            "subtitle": "Adding the WPForms Module",
            "content": [
                {
                    "text": "By default, a popup should appear asking you which type of row layout you'd like to add to the page. For our example, we'll choose the first option, which will allow our module to be the only object in the row."
                },
                {
                    "image_link": "https://wpforms.com/wp-content/uploads/2020/10/Insert-Single-Row-Divi.png"
                },
                {
                    "text": "Once the row has been created, you'll be prompted to insert a module. Search for WPForms in the search box and select the module that appears."
                },
                {
                    "image_link": "https://wpforms.com/wp-content/uploads/2020/10/Select-WPForms-Module.png"
                },
                {
                    "text": "Once the module has been added, this will open up the module settings. Here you can add a form to the page with the Select Form dropdown. Additionally, you can also show the form's title and description by toggling those options within the module settings."
                },
                {
                    "text": "When you're ready, go ahead and select your form from the dropdown."
                },
                {
                    "image_link": "https://wpforms.com/wp-content/uploads/2021/12/wpforms-settings-divi.png"
                },
                {
                    "text": "This will automatically embed your form into the page, and you can save your progress by clicking the green checkmark button."
                },
                {
                    "image_link": "https://wpforms.com/wp-content/uploads/2020/10/Save-form-in-Divi.png"
                },
                {
                    "text": "If you'd like, you can also edit the form's appearance using the module's Design or Advanced tabs."
                },
                {
                    "text": "Note: If you'd like more details on how to style your form using Divi, be sure to check out their guide on design and advanced module settings for more information."
                },
                {
                    "url": "https://www.elegantthemes.com/documentation/divi/advanced-design-settings/"
                }
            ]
        },
        {
            "subtitle": "Publishing Your Form",
            "content": [
                {
                    "text": "Once you've got your form embedded and ready to go, you'll need to make sure to either save or publish your page. To do this, click on the three dots at the bottom of the page builder to open up additional settings."
                },
                {
                    "image_link": "https://wpforms.com/wp-content/uploads/2020/10/Save-Options-in-Divi.png"
                },
                {
                    "text": "Then, you can choose to either save a draft of your work or publish it to the front end of your site. Go ahead and choose the option that makes the most sense for you."
                },
                {
                    "image_link": "https://wpforms.com/wp-content/uploads/2020/10/Save-or-Publish-Divi-Form.png"
                },
                {
                    "text": "That's it! Now you know how to embed WPForms with the Divi Builder."
                },
                {
                    "text": "Next, we recommend testing out your form to make sure it looks and works exactly how you'd like. To help guide you through this process, please be sure to check out our form testing checklist ."
                },
                {
                    "url": "https://wpforms.com/docs/how-to-properly-test-your-wordpress-forms-before-launching-checklist/"
                }
            ]
        }
    ],
    "section": "Documentation",
    "category": "Extending Functionality"
}