{
    "product_name": "WPForms",
    "document_id": 517,
    "document_name": "How to Send the Numerical Values Through Webhooks",
    "document_url": "https://wpforms.com/developers/how-to-send-the-numerical-values-through-webhooks/",
    "author": "Editorial Team",
    "reviewer": "Molly Tyler",
    "date": "Published: Aug 17, 2021, 11:42 AM",
    "version": "1.0",
    "title": "How to Send the Numerical Values Through Webhooks",
    "content": [
        {
            "subtitle": "Overview",
            "content": [
                {
                    "text": "Would you like to send numerical values through webhooks? By default, when you pass values through webhooks, they are sent as strings and not numbers. With a simple snippet, you can effortlessly convert these strings into numerical values, and we'll guide you through the process."
                }
            ]
        },
        {
            "subtitle": "Setup",
            "content": [
                {
                    "text": "To ensure the numbers are sent through as numerical values, please copy and paste this code snippet to your site."
                },
                {
                    "text": "If you need assistance in adding snippets to your site, please see this tutorial ."
                },
                {
                    "url": "https://wpforms.com/developers/how-to-add-custom-php-or-javascript-for-wpforms/"
                },
                {
                    "code": "\n/**\n * Send the numerical values through webhooks.\n *\n * @link https://wpforms.com/developers/how-to-send-the-numerical-values-through-webhooks/\n */\n \nfunction wpf_dev_webhooks_numeric_value( $filled_params, $params, $process ) {\n \n    // Request Body params which values should be numeric.\n    // List each variable that you want as a number and not a string here separated by a comma and listed in single quotes\n    $numeric_values = [ 'experience', 'form_id' ];\n \n    foreach ( $filled_params as $key => $param ) {\n        if ( is_numeric( $param ) && in_array( $key, $numeric_values, true ) ) {\n            $filled_params[ $key ] = (int) $param;\n        }\n    }\n \n    return $filled_params;\n \n    }\n \nadd_filter( 'wpforms_webhooks_process_fill_http_body_params_value', 'wpf_dev_webhooks_numeric_value', 10, 3);\n"
                },
                {
                    "text": "Then just make sure your form is mapping the fields correctly in the form Settings . For the purpose of this documentation, we're passing through two variables. One is experience and another is form_id . Just make sure to include each variable name in the snippet above wrapped in single quotes and separated by a comma for each variable you want to convert from a string to a number."
                },
                {
                    "image_link": "https://wpforms.com/wp-content/uploads/2021/08/wpforms-send-numerical-values.jpg"
                },
                {
                    "text": "And that's all you need! Would you like to also include the Entry ID in your webhook? Take a look at our article on How to Send the Entry ID Through Webhooks ."
                },
                {
                    "url": "https://wpforms.com/developers/how-to-send-the-entry-id-through-webhooks/"
                }
            ]
        }
    ],
    "section": "Developers",
    "category": "Snippets"
}