{
    "product_name": "WPForms",
    "document_id": 53,
    "document_name": "How to Customize Dynamic Choices in WPForms",
    "document_url": "https://wpforms.com/developers/how-to-exclude-posts-pages-or-categories-from-dynamic-choices/",
    "author": "David Ozokoye",
    "reviewer": "Dimitris Mitsis",
    "date": "Updated: Sep 6, 2024, 11:50 AM",
    "version": "1.0",
    "title": "How to Customize Dynamic Choices in WPForms",
    "content": [
        {
            "subtitle": "Creating the Form",
            "content": [
                {
                    "text": "To begin, we're going to create a form that captures the name, email, the ability for the visitor to select which post they liked best, and then a comments section as well."
                },
                {
                    "text": "For this reason, we'll add a Name, Email, Dropdown, and Paragraph Text form fields to our form."
                },
                {
                    "text": "Once you've added the Dropdown field, click the Advanced Options and in the Dynamic Choices dropdown click Post Type . This will bring up another dropdown for Dynamic Post Type Source . When you see this second dropdown, select Posts from the dropdown and click Save on the form."
                },
                {
                    "image_link": "https://wpforms.com/wp-content/uploads/2021/02/wpforms-add-dynamic-choices.jpg 1276w, https://wpforms.com/wp-content/uploads/2021/02/wpforms-add-dynamic-choices-300x188.jpg 300w, https://wpforms.com/wp-content/uploads/2021/02/wpforms-add-dynamic-choices-1024x640.jpg 1024w, https://wpforms.com/wp-content/uploads/2021/02/wpforms-add-dynamic-choices-768x480.jpg 768w"
                },
                {
                    "text": "If you need any help in creating your form, please review this documentation ."
                },
                {
                    "url": "https://wpforms.com/docs/creating-first-form/"
                }
            ]
        },
        {
            "subtitle": "Adding the Snippet to Include Posts from a Single Category",
            "content": [
                {
                    "text": "You can even customize these options further by using code snippets. You can only include posts from a particular category or even exclude posts from a particular category."
                },
                {
                    "text": "For instance, in our tutorial, we want to only show posts from a specific category, so our code snippet will be added that will only populate our Dropdown with posts from category 11 ."
                },
                {
                    "text": "For help in adding code snippets to your site, please see this tutorial ."
                },
                {
                    "url": "https://wpforms.com/developers/how-to-add-custom-php-or-javascript-for-wpforms/"
                },
                {
                    "code": "\n/**\n * Limit posts or pages displayed by category.\n *\n * @link https://wpforms.com/developers/how-to-exclude-posts-pages-or-categories-from-dynamic-choices/\n */\n \nfunction wpf_dynamic_choices_categories( $args, $field, $form_id ) {\n     \n    // For field #10 in form #851, only show entries in category #37\n    if ( '851' == $form_id && '10' == $field[ 'id' ] ) {\n \n        $args[ 'category' ] = '22';\n \n    } \n     \n    return $args;\n     \n}\n \nadd_filter( 'wpforms_dynamic_choice_post_type_args', 'wpf_dynamic_choices_categories', 10, 3 );\n"
                },
                {
                    "text": "To find the ID number of your categories, check out this tutorial ."
                },
                {
                    "url": "https://www.wpbeginner.com/beginners-guide/how-to-find-post-category-tag-comments-or-user-id-in-wordpress/"
                },
                {
                    "text": "Remember to change your form and field ID in your code snippets to match your form and field ID number. If you need help finding your form and field ID numbers, please review this tutorial ."
                },
                {
                    "url": "https://wpforms.com/developers/how-to-locate-form-id-and-field-id/"
                }
            ]
        },
        {
            "subtitle": "Limiting Multiple Forms for Multiple Category IDs",
            "content": [
                {
                    "text": "Did you know that you can also have this code snippet for various forms and fields?"
                },
                {
                    "text": "The code below limits dynamic options within two different forms:"
                },
                {
                    "text": "Field ID 1 of form ID 363 to display only posts with the category ID 11"
                },
                {
                    "text": "Field ID 20 of form ID 225 to display only posts from category ID 5"
                },
                {
                    "code": "\n/**\n * Limit posts or pages displayed by category.\n *\n * @link https://wpforms.com/developers/how-to-exclude-posts-pages-or-categories-from-dynamic-choices/\n */\n \nfunction wpf_dynamic_choices_categories( $args, $field, $form_id ) {\n \n    // For field #1 in form #363, only show entries in category #11\n    if ( '363' == $form_id && '1' == $field[ 'id' ] ) {\n \n        $args[ 'category' ] = '11';\n \n    // For field #20 in form #225, only show entries in category #5\n    } elseif ( '225' == $form_id && '20' == $field['id'] ) {\n \n        $args[ 'category' ] = '5';\n \n    }\n \n    return $args;\n}\n \nadd_filter( 'wpforms_dynamic_choice_post_type_args', 'wpf_dynamic_choices_categories', 10, 3 );\n"
                }
            ]
        },
        {
            "subtitle": "Limiting by Taxonomy",
            "content": [
                {
                    "text": "A taxonomy is a term used in WordPress to define things like Categories and Tags ."
                },
                {
                    "url": "https://www.wpbeginner.com/glossary/taxonomy/"
                },
                {
                    "text": "If the Dynamic Choices is set to Taxonomy , and the Dynamic Taxonomy Source is set to Categories , all categories will be used for the field choices."
                },
                {
                    "image_link": "https://wpforms.com/wp-content/uploads/2021/02/wpforms-dynamic-choices-cats-or-tags.jpg"
                },
                {
                    "text": "However, you can exclude specific categories using the snippet below."
                },
                {
                    "code": "\n/**\n * Exclude categories from dynamic choices.\n *\n * @link https://wpforms.com/developers/how-to-exclude-posts-pages-or-categories-from-dynamic-choices/\n */\n \nfunction wpf_dev_dynamic_choices_exclude( $args, $field, $form_id ) {\n \n    if ( is_array( $form_id ) ) {\n        $form_id = $form_id[ 'id' ];\n    }\n \n    // Only on form #212 and field #16\n    if ( $form_id == 212 && $field[ 'id' ] == 16 ) {\n \n        // Category IDs to exclude\n        $args[ 'exclude' ] = '4,5,6,11';\n    }\n \n    return $args;\n \n}\n \nadd_filter( 'wpforms_dynamic_choice_taxonomy_args', 'wpf_dev_dynamic_choices_exclude', 10, 3 );\n"
                },
                {
                    "text": "This snippet will exclude categories with IDs 4,5,6, and 11 from the dynamic choice options. If you replace exclude with include in the snippet above, it'll only show categories with the IDs you've added."
                },
                {
                    "image_link": "https://wpforms.com/wp-content/uploads/2021/02/wpforms-limiting-dynamic-choices.jpg"
                }
            ]
        },
        {
            "subtitle": "Displaying Only Future Posts",
            "content": [
                {
                    "code": "\n/*\n * Only display future posts in the dynamic choices\n *\n * @link https://wpforms.com/developers/how-to-exclude-posts-pages-or-categories-from-dynamic-choices/\n \n */\n \n \nfunction wpf_dev_only_future_posts( $args, $field, $form_id ) {\n     \n    // Only run this snippet on form ID 2575 & only on field ID 19\n    if ( '2575' == $form_id && '19' == $field[ 'id' ] ) {\n  \n        // If the Dynamic Choices is set to Post Type\n        // Look for and only display the posts that have been scheduled with a future date\n        $args[ 'post_status' ] = [ 'publish', 'future' ];\n  \n    }\n     \n    return $args;\n  \n}\n  \nadd_filter( 'wpforms_dynamic_choice_post_type_args', 'wpf_dev_only_future_posts', 10, 3 );\n"
                }
            ]
        },
        {
            "subtitle": "Displaying Only Posts From the Current Logged-in User",
            "content": [
                {
                    "code": "\n/*\n * Set the number of days to delete partial entries when using the Save and Resume addon\n *\n * @link https://wpforms.com/developers/how-to-exclude-posts-pages-or-categories-from-dynamic-choices/\n \n */\n \nfunction wpf_dev_only_loggedin_user_posts( $args, $field, $form_id ) {\n     \n    // Only run this snippet on form ID 2519 & only on field ID 3\n    if ( '2519' == $form_id && '3' == $field[ 'id' ] ) {\n  \n        // If the Dynamic Choices is set to Post Type\n        // Look for and only display the posts that have been scheduled with a future date\n        $args[ 'author' ] = get_current_user_id();\n  \n    }\n     \n    return $args;\n  \n}\n  \nadd_filter( 'wpforms_dynamic_choice_post_type_args', 'wpf_dev_only_loggedin_user_posts', 10, 3 );\n"
                }
            ]
        },
        {
            "subtitle": "Showing Posts from a Particular Author ID",
            "content": [
                {
                    "code": "\n/**\n * Only show posts from a particular author ID\n *\n * @link https://wpforms.com/developers/how-to-exclude-posts-pages-or-categories-from-dynamic-choices/\n */\n \nfunction wpf_dynamic_choices_author( $args, $field, $form_id ) {\n \n    // Only run on form ID 526\n    if ( '526' == $form_id ) {\n \n        // The author ID is equal to 9\n        $args[ 'author' ] = '9';\n    }\n \n    return $args;\n \n}\n \nadd_filter( 'wpforms_dynamic_choice_post_type_args', 'wpf_dynamic_choices_author', 10, 3 );\n"
                }
            ]
        },
        {
            "subtitle": "Displaying Only Child Categories",
            "content": [
                {
                    "code": "\n/**\n * Display only child categories\n *\n * @link https://wpforms.com/developers/how-to-exclude-posts-pages-or-categories-from-dynamic-choices/\n */\nfunction wpf_dev_dynamic_choices_include( $args, $field, $form_id ) {\n \n    if ( is_array( $form_id ) ) {\n        $form_id = $form_id[ 'id' ];\n    }\n \n    // Only on form #122 and field #11\n    if ( $form_id == 122 && $field[ 'id' ] == 11 ) {\n \n    // Category IDs to include - 87 is parent; 88 and 89 are child categories of this parent\n        $args[ 'include' ] = '87,88,89';\n    }\n \n    return $args;\n \n}\n \nadd_filter( 'wpforms_dynamic_choice_taxonomy_args', 'wpf_dev_dynamic_choices_include', 10, 3 );\n"
                }
            ]
        },
        {
            "subtitle": "FAQs",
            "content": []
        },
        {
            "subtitle": "Q: How can I customize this for a Woocommerce category?",
            "content": [
                {
                    "text": "A: For Woocommerce taxonomies, on the Advanced tab of your Checkbox , Dropdown , or Multiple Choice field, set the Dynamic Choices to Product, and for the Dynamic Taxonomy Source , select Product categories ."
                },
                {
                    "text": "Then if you only wanted to include specific categories, you would find the ID in the same manner as you did above. From the WordPress admin, click Categories found under Products in the WordPress admin menu on the left. Click each Product Category you want the ID. The URL will look something like this: ?taxonomy=product_cat&tag_ID=90&post_type=product&wp_http_referer=%2Fwp-admin%2Fedit-tags.php%3Ftaxonomy%3Dproduct_cat%26post_type%3Dproduct"
                },
                {
                    "text": "For this example, the ID number would be 90"
                },
                {
                    "text": "Therefore, your snippet would be as follows."
                },
                {
                    "code": "\n/**\n * Include certain Woocommerce categories from dynamic choices.\n *\n * @link https://wpforms.com/developers/how-to-exclude-posts-pages-or-categories-from-dynamic-choices/\n */\n   \nfunction wpf_dev_dynamic_choices_exclude( $args, $field, $form_id ) {\n   \n    if ( is_array( $form_id ) ) {\n        $form_id = $form_id[ 'id' ];\n    }\n   \n    // Only on form #2620 and field #11\n    if ( $form_id == 2620 && $field[ 'id' ] == 11 ) {\n   \n        // Product Category IDs to include\n        $args[ 'include' ] = '90,95,98';\n    }\n   \n    return $args;\n   \n}\n   \nadd_filter( 'wpforms_dynamic_choice_taxonomy_args', 'wpf_dev_dynamic_choices_exclude', 10, 3 );\n"
                },
                {
                    "text": "Remember to change your form and field ID in your code snippets to match your form and field ID number. If you need help finding your form and field ID numbers, please review this tutorial ."
                },
                {
                    "url": "https://wpforms.com/developers/how-to-locate-form-id-and-field-id/"
                }
            ]
        },
        {
            "subtitle": "Q: How can I show only certain products from a Woocommerce category?",
            "content": [
                {
                    "text": "A: Of course. You'd set up your Dynamic Choices to Product and for the Dynamic Taxonomy Source , select Product categories ."
                },
                {
                    "text": "And instead of using the product category ID, you would use the name."
                },
                {
                    "code": "\n/**\n * Include products from a specific category from dynamic choices.\n *\n * @link https://wpforms.com/developers/how-to-exclude-posts-pages-or-categories-from-dynamic-choices/\n */\n  \nfunction wpf_dev_dynamic_choices_exclude( $args, $field, $form_id ) {\n  \n    if ( is_array( $form_id ) ) {\n        $form_id = $form_id[ 'id' ];\n    }\n  \n    // Only on form #2620 and field #11\n    if ( $form_id == 2620 && $field[ 'id' ] == 11 ) {\n  \n        // Category IDs to exclude\n        $args[ 'product_cat' ] = 'Decor';\n    }\n  \n    return $args;\n  \n}\n  \nadd_filter( 'wpforms_dynamic_choice_post_type_args', 'wpf_dev_dynamic_choices_exclude', 10, 3 );\n"
                },
                {
                    "text": "Decor is the name of our Product Category . Remember to change this to match your own needs."
                }
            ]
        },
        {
            "subtitle": "Q: How can I show posts from a custom taxonomy in a WPForms dropdown field?",
            "content": [
                {
                    "text": "A: To display posts from a custom taxonomy in a WPForms dropdown field, you need to modify the dynamic choice arguments. Currently, the provided examples in our documentation cover categories. Here's an example that shows how to customize the code to fetch posts from a specific taxonomy."
                },
                {
                    "code": "\n/**\n * Customize WPForms dynamic choices to show posts from a specific taxonomy.\n *\n * @link https://wpforms.com/developers/how-to-exclude-posts-pages-or-categories-from-dynamic-choices/\n */\n \nfunction wpf_custom_dynamic_choices( $args, $field, $form_id ) {\n \n    // For field #4 in form #25107012, only show entries in taxonomy term ID 8\n    if ( '25107012' == $form_id && '4' == $field['id'] ) {\n \n        $args[ 'tax_query' ] = array(\n            array(\n                'taxonomy' => 'samples', // Replace with your custom taxonomy\n                'field'    => 'term_id',\n                'terms'    => array( 8 ), // Replace with your term ID\n            ),\n        );\n    }\n \n    return $args;\n \n}\nadd_filter( 'wpforms_dynamic_choice_post_type_args', 'wpf_custom_dynamic_choices', 10, 3 );\n"
                },
                {
                    "text": "The tax_query array is used to specify the custom taxonomy (samples in this example) and the term ID (8 in this example). You should replace 'samples' and 8 with your own taxonomy and term ID as needed. For more information on tax queries, please check out the WordPress documentation ."
                },
                {
                    "url": "https://developer.wordpress.org/reference/classes/wp_query/#taxonomy-parameters"
                },
                {
                    "text": "And that's it! You've now learned the various ways to customize dynamic choices in WPForms."
                },
                {
                    "text": "Would you like to know how to add field values for these same form fields? Take a look at our article on How to Add Field Values for Dropdown, Checkboxes, and Multiple Choice Fields ."
                },
                {
                    "url": "https://wpforms.com/developers/add-field-values-for-dropdown-checkboxes-and-multiple-choice-fields/"
                }
            ]
        },
        {
            "subtitle": "Reference Filter",
            "content": [
                {
                    "text": "wpforms_dynamic_choice_post_type_args"
                },
                {
                    "url": "https://wpforms.com/developers/wpforms_dynamic_choice_post_type_args/"
                }
            ]
        }
    ],
    "section": "Developers",
    "category": "Extending"
}