{
    "product_name": "WPForms",
    "document_id": 310,
    "document_name": "Testing PayPal Commerce Payments",
    "document_url": "https://wpforms.com/docs/testing-payments-with-the-paypal-commerce-addon/",
    "author": "David Ozokoye",
    "reviewer": "Claire Broadley",
    "date": "Updated: May 21, 2024",
    "version": "1.0",
    "title": "Testing PayPal Commerce Payments",
    "content": [
        {
            "subtitle": "Setting Up a Sandbox Account in PayPal",
            "content": [
                {
                    "text": "To get started, you'll need to create a PayPal Business account if you don't have one already."
                },
                {
                    "url": "https://www.paypal.com/bizsignup/#/singlePageSignup"
                },
                {
                    "text": "Note: PayPal Commerce requires a PayPal Business account and won't work with a PayPal Personal account. To learn how to open the correct account, check out PayPal's guide to opening a Business account ."
                },
                {
                    "url": "https://www.paypal.com/us/brc/article/how-to-open-a-paypal-business-account"
                },
                {
                    "text": "Once you have access to a PayPal Business account, head over to the PayPal Developer site and log in with your PayPal Business account credentials."
                },
                {
                    "url": "https://developer.paypal.com/"
                },
                {
                    "text": "After logging in, click the Testing Tools dropdown menu and select Sandbox Accounts ."
                },
                {
                    "image_link": "https://wpforms.com/wp-content/uploads/2023/05/select-sandbox-account.png"
                },
                {
                    "text": "On the next page, you'll see that PayPal has created both a Personal and a Business sandbox account for you by default."
                },
                {
                    "image_link": "https://wpforms.com/wp-content/uploads/2023/05/paypal-sandbox-accounts.png"
                },
                {
                    "text": "From here, you'll need to set up a password for your Business Sandbox account, allowing you to log in with this account later to make test payments. PayPal does generate a password for you by default. However, we recommend changing it to something you'll remember easily."
                },
                {
                    "text": "To create your password, click the 3 vertical dots under the settings icon column for the Business test email. Then, click on View/Edit account ."
                },
                {
                    "image_link": "https://wpforms.com/wp-content/uploads/2023/05/view-edit-sandbox-account.png"
                },
                {
                    "text": "Note: If you'd like to create additional test accounts, be sure to check out PayPal's documentation on managing sandbox accounts ."
                },
                {
                    "url": "https://developer.paypal.com/api/rest/sandbox/accounts/#create-and-manage-sandbox-accounts"
                },
                {
                    "text": "Next, a modal window will appear with your sandbox account details. From here, click on the Change password link to change your password."
                },
                {
                    "image_link": "https://wpforms.com/wp-content/uploads/2023/05/change-sandbox-account-password.png"
                },
                {
                    "text": "Go ahead and enter your new password and click Save ."
                },
                {
                    "image_link": "https://wpforms.com/wp-content/uploads/2023/05/save-new-sandbox-password.png"
                },
                {
                    "text": "After changing your password, feel free to close the modal window. However, we recommend keeping the PayPal Developer site open as you'll need to refer back to it while connecting PayPal Commerce to WPForms."
                }
            ]
        },
        {
            "subtitle": "Enabling PayPal Commerce Test Mode",
            "content": [
                {
                    "text": "Now that your sandbox account is set up, you'll need to enable Test Mode to prevent PayPal Commerce from processing live transactions. To do this, go to WPForms \" Settings in your WordPress dashboard and click on the Payments tab."
                },
                {
                    "image_link": "https://wpforms.com/wp-content/uploads/2022/08/wpforms-payment-settings-1.png"
                },
                {
                    "text": "After that, scroll to the PayPal Commerce section and check the box next to Test Mode ."
                },
                {
                    "image_link": "https://wpforms.com/wp-content/uploads/2023/09/enable-paypal-commerce-test-mode.png"
                }
            ]
        },
        {
            "subtitle": "Connecting With PayPal Commerce",
            "content": [
                {
                    "text": "Now that you've enabled Test Mode, you'll need to connect with PayPal Commerce by clicking the Connect with PayPal Commerce button."
                },
                {
                    "image_link": "https://wpforms.com/wp-content/uploads/2022/08/click-connect-with-paypal-commerce-button-1.png"
                },
                {
                    "text": "Next, a modal window will appear where you'll need to enter your sandbox account details."
                },
                {
                    "image_link": "https://wpforms.com/wp-content/uploads/2022/08/connect-to-paypal-modal-window.png"
                },
                {
                    "text": "Go ahead and switch back to your PayPal Developer dashboard and copy the sandbox Business account email address."
                },
                {
                    "image_link": "https://wpforms.com/wp-content/uploads/2023/05/select-sandbox-business-account.png"
                },
                {
                    "text": "Now, head back to your WPForms payment settings and paste the Business account email address into the Email field."
                },
                {
                    "image_link": "https://wpforms.com/wp-content/uploads/2022/08/add-paypal-business-email-address.png"
                },
                {
                    "text": "After that, select your country or region from the dropdown."
                },
                {
                    "image_link": "https://wpforms.com/wp-content/uploads/2022/08/select-country-or-region.png"
                },
                {
                    "text": "When you're ready, click Next to proceed to the next step."
                },
                {
                    "image_link": "https://wpforms.com/wp-content/uploads/2022/08/click-next-button-paypal-modal.png"
                },
                {
                    "text": "In the next modal window, enter the password you created when you set up a sandbox account and click Log In ."
                },
                {
                    "url": "#paypal-sandbox-account"
                },
                {
                    "image_link": "https://wpforms.com/wp-content/uploads/2022/08/enter-password-and-click-login-button.png"
                },
                {
                    "text": "A new modal window will appear asking you to \"Allow PayPal to connect your account with Test Store.\" Go ahead and click the Agree and Connect button."
                },
                {
                    "image_link": "https://wpforms.com/wp-content/uploads/2022/08/click-agree-and-connect-button.png"
                },
                {
                    "text": "Once you've successfully connected your PayPal sandbox account, you'll see the connection status change to Connected to PayPal in Sandbox mode ."
                },
                {
                    "image_link": "https://wpforms.com/wp-content/uploads/2022/08/paypal-connection-status.png"
                },
                {
                    "text": "In the next section, we'll cover how to create a simple payment form to test your PayPal Commerce transactions."
                }
            ]
        },
        {
            "subtitle": "Creating a Form to Test PayPal Commerce Payments",
            "content": [
                {
                    "text": "Now that you've set up your sandbox account for testing, you'll need a form you can use to test PayPal Commerce transactions. To do this, create a new form or edit an existing one to open the form builder."
                },
                {
                    "url": "https://wpforms.com/docs/creating-first-form/"
                },
                {
                    "text": "Feel free to customize the form however you'd like, but be sure to include a PayPal Commerce field. You can add this field by simply clicking on it on the left side of the form builder or by dragging and dropping it into the preview area."
                },
                {
                    "image_link": "https://wpforms.com/wp-content/uploads/2022/08/select-paypal-commerce-field.png"
                },
                {
                    "text": "The PayPal Commerce field will allow you to test both PayPal and credit card transactions to make sure they're working as expected."
                },
                {
                    "text": "If you'd like to test credit card payments, you'll need to log in to the PayPal Developer dashboard and use the test credit card generator ."
                },
                {
                    "url": "https://developer.paypal.com/"
                },
                {
                    "url": "https://developer.paypal.com/developer/creditCardGenerator"
                },
                {
                    "image_link": "https://wpforms.com/wp-content/uploads/2022/08/paypal-credit-card-generator.png"
                },
                {
                    "text": "Note: Want to learn more about accepting payments through your WordPress forms? Check out our guide to creating payment forms for all the details."
                },
                {
                    "url": "https://wpforms.com/docs/how-to-create-a-payment-form-in-wpforms/"
                }
            ]
        },
        {
            "subtitle": "Enabling PayPal Commerce Payments in Your Form",
            "content": [
                {
                    "text": "Next, you'll need to enable PayPal Commerce payments for the form you'll be using to test transactions. In the form builder, go to Payments \" PayPal Commerce and toggle on the Enable one-time payments option."
                },
                {
                    "image_link": "https://wpforms.com/wp-content/uploads/2022/08/enable-one-time-payments-form-builder.png"
                },
                {
                    "text": "After enabling this option, additional settings will appear that aren't required for testing your PayPal Commerce transactions. However, we recommend adding a description to the Payment Description field to help you identify your test transactions in your sandbox account dashboard later on."
                },
                {
                    "image_link": "https://wpforms.com/wp-content/uploads/2022/08/paypal-commerce-settings.png"
                },
                {
                    "text": "Note: The rest of the settings are optional for testing payments, but you'll want to configure them when you're ready to accept live transactions. We've covered how to configure these settings in more detail in our full PayPal Commerce addon tutorial ."
                },
                {
                    "url": "https://wpforms.com/docs/paypal-commerce-addon/"
                },
                {
                    "text": "Now that you've enabled PayPal Commerce payments, go ahead and save your form."
                }
            ]
        },
        {
            "subtitle": "Publishing and Testing Your Form",
            "content": [
                {
                    "text": "Once you've set up your form, you're ready to test PayPal Commerce transactions on the frontend of your site. To test your form without publishing it to a live page on your site, you can use the WPForms form preview option or create a private page or post ."
                },
                {
                    "url": "https://wpforms.com/docs/how-to-properly-test-your-wordpress-forms-before-launching-checklist/#preview"
                },
                {
                    "url": "https://www.wpbeginner.com/beginners-guide/how-to-create-a-private-post-in-wordpress/"
                },
                {
                    "text": "Then, go ahead and complete a test transaction by submitting a test entry for your form. Keep in mind that when you complete the test transaction, you'll want to use the email address and password associated with the Personal sandbox account that PayPal has created for you."
                },
                {
                    "text": "You can find your Personal sandbox account credentials in the PayPal Developer dashboard by going to Testing Tools \" Sandbox Accounts ."
                },
                {
                    "url": "https://developer.paypal.com/"
                },
                {
                    "image_link": "https://wpforms.com/wp-content/uploads/2023/05/select-sandbox-personal-account.png"
                },
                {
                    "text": "If you'd like to test the credit card payment, you can use any of PayPal's Sandbox test card details."
                },
                {
                    "url": "https://developer.paypal.com/tools/sandbox/card-testing/"
                },
                {
                    "text": "There is also a test credit card associated with your Personal sandbox account that can be used for testing purposes."
                },
                {
                    "text": "To access the credit card, click the 3 vertical dots under the settings icon column and select View/Edit account ."
                },
                {
                    "image_link": "https://wpforms.com/wp-content/uploads/2023/05/view-edit-personal-sandbox-account.png"
                },
                {
                    "text": "In the overlay that appears, navigate to the Funding tab. Here, you'll see your Personal sandbox card details under the Credit Card section."
                },
                {
                    "image_link": "https://wpforms.com/wp-content/uploads/2023/05/paypal-commerce-credit-card.png"
                },
                {
                    "text": "Note: You'll need to use a different account than the Business sandbox account you've used to connect PayPal Commerce to WPForms. If you attempt to complete a test transaction with your Business Sandbox account, PayPal will decline the transaction."
                }
            ]
        },
        {
            "subtitle": "Viewing Test Transactions in WPForms",
            "content": [
                {
                    "text": "To view and manage all test transactions and their details, simply go to WPForms \" Payments and turn on the Test Data option."
                },
                {
                    "image_link": "https://wpforms.com/wp-content/uploads/2023/06/view-payments-test-data.png"
                },
                {
                    "text": "For full details on viewing test and live payment information, understanding transaction trends, adjusting for different currencies, and more, check out our guide to viewing and managing payments ."
                },
                {
                    "url": "https://wpforms.com/docs/viewing-and-managing-payments/"
                },
                {
                    "text": "Note: Looking to offer discounts to your customers through coupon codes? Check out our Coupons addon tutorial for all the details."
                },
                {
                    "url": "https://wpforms.com/docs/coupons-addon/"
                }
            ]
        },
        {
            "subtitle": "Viewing Test Transactions in Your PayPal Sandbox Account",
            "content": [
                {
                    "text": "After you submit a test payment, you can view the transaction in your PayPal Business sandbox account by clicking on the Transaction ID in your test entry ."
                },
                {
                    "url": "https://wpforms.com/docs/paypal-commerce-addon/#viewing-completed-payments"
                },
                {
                    "text": "Alternatively, you can log in to your PayPal Business sandbox account with the same sandbox business email and password you used to connect your account to WPForms."
                },
                {
                    "url": "https://www.sandbox.paypal.com/"
                },
                {
                    "text": "Note: When you're viewing test transactions, be sure not to use your personal PayPal Business account to log in to your Sandbox account. You'll need to use the same sandbox Business email address and password you used to connect with PayPal Commerce ."
                },
                {
                    "url": "#connecting-your-account"
                },
                {
                    "text": "Once you've logged in to your PayPal Business sandbox account, click the Activity tab at the top of your account dashboard."
                },
                {
                    "image_link": "https://wpforms.com/wp-content/uploads/2022/08/click-activity-tab.png"
                },
                {
                    "text": "Then, click All Transactions to view your transactions."
                },
                {
                    "image_link": "https://wpforms.com/wp-content/uploads/2022/08/click-all-transactions.png"
                },
                {
                    "text": "You should now see your test transaction(s) listed in a table on the following screen."
                },
                {
                    "image_link": "https://wpforms.com/wp-content/uploads/2022/08/all-transactions-table-1.png"
                },
                {
                    "text": "Note: When you're done testing PayPal Commerce payments, remember to disconnect your test account in WPForms \" Settings \" Payments , turn off Test Mode, and connect your live PayPal Business account so you can process users' transactions."
                },
                {
                    "url": "https://wpforms.com/docs/paypal-commerce-addon/"
                },
                {
                    "text": "That's it! Now you know how to test PayPal Commerce payments in WPForms."
                },
                {
                    "text": "Next, would you like to perform a full form test before you publish it on your site? Our complete form testing checklist walks you through the process step by step."
                },
                {
                    "url": "https://wpforms.com/docs/how-to-properly-test-your-wordpress-forms-before-launching-checklist/"
                }
            ]
        }
    ],
    "section": "Documentation",
    "category": "Payment Processing"
}