{
    "product_name": "WPForms",
    "document_id": 533,
    "document_name": "Renewing Your License",
    "document_url": "https://wpforms.com/docs/how-to-renew-your-wpforms-license/",
    "author": "Umair Majeed",
    "reviewer": "David Ozokoye",
    "date": "Updated: Nov 30, 2023",
    "version": "1.0",
    "title": "Renewing Your License",
    "content": [
        {
            "subtitle": "Renewing an Expired License",
            "content": [
                {
                    "text": "In order to renew your license after it's expired, you'll first need to open up your WPForms account ."
                },
                {
                    "url": "https://wpforms.com/account/"
                },
                {
                    "text": "If a license in your account has expired, you should see an expiration notice on the right side of this page. In this notice, click the renew your license link."
                },
                {
                    "image_link": "https://wpforms.com/wp-content/uploads/2021/01/License-renewal-link-on-WPForms-account-main-page-3.png"
                },
                {
                    "text": "If you don't see this expiration notice, you can instead click on the Downloads tab."
                },
                {
                    "text": "To the right of your license type, you should see an orange button labeled Renew WPForms ."
                },
                {
                    "image_link": "https://wpforms.com/wp-content/uploads/2021/02/Click-the-Renew-WPForms-button.png"
                },
                {
                    "text": "After clicking this renewal button, a checkout page will appear. Here, you can choose a payment method and complete the renewal."
                },
                {
                    "image_link": "https://wpforms.com/wp-content/uploads/2021/01/Checkout-page-for-WPForms-license-renewal-1.png"
                },
                {
                    "text": "Once you've completed the checkout process, your license will be renewed."
                }
            ]
        },
        {
            "subtitle": "Resolving a Failing Renewal Payment Issue",
            "content": [
                {
                    "text": "If your license's auto-renewal isn't able to be processed for any reason, then you should receive an email from our team letting you know about the issue. When this happens, your license will also expire until you have a chance to update your payment details."
                },
                {
                    "text": "To get things back on track, please follow our guide to update your account's payment information ."
                },
                {
                    "url": "https://wpforms.com/docs/how-to-update-billing-details-for-your-wpforms-account/"
                },
                {
                    "text": "Please also note that, if you're paying with a credit card, it may take a day or more before the payment attempts to run again. Please reach out to our support team if you'd like to manually trigger the charge right away."
                },
                {
                    "url": "https://wpforms.com/account/support/"
                }
            ]
        },
        {
            "subtitle": "Renewing a License Before it Expires",
            "content": [
                {
                    "text": "If your license hasn't expired yet, then in most cases you can simply wait until it does expire before you renew it. Then, you can follow the steps above ."
                },
                {
                    "url": "#renew-expired"
                },
                {
                    "text": "Note: This section only applies if you have manually cancelled the auto-renewal on your subscription. There is currently no way to renew early by directly visiting your WPForms account. The only early renewal option is through the special email link described below."
                },
                {
                    "text": "However, there is another option if you'd like to renew your license slightly early. Your renewal reminder emails will include a special renewal link, and clicking this will allow you to renew your license ahead of time."
                },
                {
                    "image_link": "https://wpforms.com/wp-content/uploads/2021/01/Early-renewal-notice.png"
                },
                {
                    "text": "The first renewal reminder email will be sent to you 30 days before your license is set to expire."
                }
            ]
        },
        {
            "subtitle": "Frequently Asked Questions",
            "content": [
                {
                    "text": "Below, we've answered the top questions we see about renewing your WPForms license."
                }
            ]
        },
        {
            "subtitle": "How do I renew with a different credit card or payment method?",
            "content": [
                {
                    "text": "Changing your payment details requires just a couple of quick steps. Please check out our tutorial on updating billing information for all the details."
                },
                {
                    "url": "https://wpforms.com/docs/how-to-update-billing-details-for-your-wpforms-account/"
                }
            ]
        },
        {
            "subtitle": "Can I get an invoice for my renewal?",
            "content": [
                {
                    "text": "Absolutely! After your renewal is processed, you'll be sent an email receipt. However, you can also create a traditionally formatted invoice if you'd like. For details, please see our tutorial on generating an invoice in WPForms ."
                },
                {
                    "url": "https://wpforms.com/docs/create-invoice-wpforms/"
                }
            ]
        },
        {
            "subtitle": "How can I downgrade to a lower license level instead of renewing my current license?",
            "content": [
                {
                    "text": "If you're considering a downgrade from your current license, please follow our guide on downgrading your license level . This will provide you with step-by-step instructions to ensure a smooth transition."
                },
                {
                    "url": "https://wpforms.com/docs/how-to-downgrade-your-wpforms-license/"
                }
            ]
        },
        {
            "subtitle": "How do I cancel my license after it expires?",
            "content": [
                {
                    "text": "After your WPForms license expires, you can still cancel your subscription if you'd like. To do this, log into your WPForms account and navigate to the Billing tab. Then, scroll down to the Subscriptions section and click on Cancel . For details, please see our tutorial on canceling your account ."
                },
                {
                    "url": "https://wpforms.com/docs/how-to-cancel-your-wpforms-account/"
                }
            ]
        },
        {
            "subtitle": "Do I need to renew to continue using WPForms Pro?",
            "content": [
                {
                    "text": "While you can continue using the version of WPForms Pro you installed before your license expired, we recommend renewing your license. Renewing ensures you have access to the latest updates, addons, customer support, and other premium features ."
                },
                {
                    "url": "https://wpforms.com/features/"
                },
                {
                    "text": "That's it! These are the details you need to know in order to renew your WPForms license subscription."
                },
                {
                    "text": "Next, would you like to update your WPForms account details? Make sure to check out our tutorial on how to update your email and password for more information."
                },
                {
                    "url": "https://wpforms.com/docs/how-to-update-the-email-and-password-for-your-wpforms-account/"
                }
            ]
        }
    ],
    "section": "Documentation",
    "category": "Account Management"
}