{
    "product_name": "WPForms",
    "document_id": 223,
    "document_name": "How to Enable Legacy Email Template",
    "document_url": "https://wpforms.com/developers/how-to-enable-legacy-email-template/",
    "author": "Editorial Team",
    "reviewer": "Molly Tyler",
    "date": "Updated: Feb 28, 2024, 12:48 PM",
    "version": "1.0",
    "title": "How to Enable Legacy Email Template",
    "content": [
        {
            "subtitle": "Enabling the Legacy Email template",
            "content": [
                {
                    "text": "You can add this snippet to your site. If you need assistance in how to add snippets to your site, please check out this tutorial ."
                },
                {
                    "url": "https://wpforms.com/developers/how-to-add-custom-php-or-javascript-for-wpforms/"
                },
                {
                    "code": "\n/**\n * Revert to legacy 'HTML' email template, v1.8.4 and below\n * \n * @link   https://wpforms.com/developers/how-to-enable-legacy-email-template/\n * \n * For support, please visit: https://www.facebook.com/groups/wpformsvip\n */\n\n$settings = (array) get_option( 'wpforms_settings', [] );\n$settings[ 'email-template' ] = 'default';\nupdate_option( 'wpforms_settings', $settings );\n"
                },
                {
                    "text": "Once you've added this snippet, you can now go to WPForms \" Settings \" Email \" Template and see that Legacy is now an option for you."
                },
                {
                    "image_link": "https://wpforms.com/wp-content/uploads/2023/11/wpforms-legacy-email-template.jpg"
                },
                {
                    "text": "And that's all you need you enable legacy email templates! Would you also like to create conditional email notifications? Take a look at our article on How to Create Conditional Email Recipients ."
                },
                {
                    "url": "https://wpforms.com/developers/how-to-create-conditional-email-recipients/"
                }
            ]
        }
    ],
    "section": "Developers",
    "category": "Extending"
}