{
    "product_name": "WPForms",
    "document_id": 24,
    "document_name": "Adding Multiple Form Notifications",
    "document_url": "https://wpforms.com/docs/adding-multiple-form-notifications/",
    "author": "Editorial Team",
    "reviewer": "Molly Tyler",
    "date": "Published: Mar 5, 2024",
    "version": "1.0",
    "title": "Adding Multiple Form Notifications",
    "content": [
        {
            "subtitle": "Adding Multiple Form Notifications",
            "content": [
                {
                    "text": "WPForms makes it easy to create multiple email notifications for a form. Whether you'd like to send out unique emails to different recipients or set up conditional notifications based on users' entry selections , multiple form notifications are a great way to make your emails feel more personalized."
                },
                {
                    "url": "https://wpforms.com/docs/how-to-create-conditional-form-notifications-in-wpforms/"
                },
                {
                    "text": "Note: If you're looking for information on how to get started with form notifications, be sure to check out our guide to setting up form notifications for all the details."
                },
                {
                    "url": "https://wpforms.com/docs/setup-form-notification-wpforms/"
                },
                {
                    "text": "To add an additional notification email from the form builder, first navigate to the Settings \" Notifications page."
                },
                {
                    "image_link": "https://wpforms.com/wp-content/uploads/2023/06/access-form-notification-settings.png"
                },
                {
                    "text": "Then, click the Add New Notification button."
                },
                {
                    "image_link": "https://wpforms.com/wp-content/uploads/2021/03/add-new-notification.png"
                },
                {
                    "text": "An overlay will then appear where you can name your new notification. Your users won't see this name, so it can be anything you like. It's meant to simply help you keep your notifications organized."
                },
                {
                    "image_link": "https://wpforms.com/wp-content/uploads/2021/03/name-new-notification.png"
                },
                {
                    "text": "If you decide later that you'd like to rename or delete a notification, you can do that by clicking the appropriate icon to the right of the notification name."
                },
                {
                    "image_link": "https://wpforms.com/wp-content/uploads/2021/03/delete-notification.png"
                },
                {
                    "text": "If you'd like to duplicate a notification, click the clipboard icon."
                },
                {
                    "image_link": "https://wpforms.com/wp-content/uploads/2021/03/duplicate-notification.png"
                },
                {
                    "text": "Additionally, you can use the caret (^) to collapse the settings for a notification."
                },
                {
                    "image_link": "https://wpforms.com/wp-content/uploads/2021/03/collapse-notification.png"
                },
                {
                    "text": "You can configure your new notification following the same steps as above. When you're finished, click Save to store your changes."
                },
                {
                    "image_link": "https://wpforms.com/wp-content/uploads/2023/02/save-form-changes.png"
                }
            ]
        }
    ],
    "section": "Documentation",
    "category": "Form Notifications"
}