{
    "product_name": "WPForms",
    "document_id": 624,
    "document_name": "wpforms_frontend_strings",
    "document_url": "https://wpforms.com/developers/wpforms_frontend_strings/",
    "author": null,
    "reviewer": null,
    "date": null,
    "version": "1.0",
    "title": "wpforms_frontend_strings",
    "content": [
        {
            "subtitle": "Description",
            "content": [
                {
                    "text": "The wpforms_frontend_strings filter is used to change the string text that appears when limiting characters or words inside a Single Line Text or Paragraph Text form field."
                }
            ]
        },
        {
            "subtitle": "Parameters",
            "content": [
                {
                    "text": "$strings: (string)String text used to display a message of how many remaining characters (or words) left when limiting the text of the form field."
                }
            ]
        },
        {
            "subtitle": "Source",
            "content": [
                {
                    "text": "wpforms/src/Frontend/Frontend.php"
                }
            ]
        },
        {
            "subtitle": "More Information",
            "content": [
                {
                    "text": "The filter is used to change the string text message that appears below the Single Line Text or Paragraph Text form fields when limiting either the character or word counts."
                }
            ]
        },
        {
            "subtitle": "Example",
            "content": [
                {
                    "code": "\n/**\n * Limiting character or word display message.\n *\n * @link   https://wpforms.com/developers/wpforms_frontend_strings\n *\n * @param  string $strings  String text used to display message under the form field when limiting character or word count.\n * @return string\n */\n\nfunction wpf_dev_frontend_strings( $strings ) {\n     \n    // val_limit_words to be used when limiting words\n    // val_limit_characters to be used when limiting characters   \n     \n    $strings[ 'val_limit_characters' ] = __( 'You have used {count} out of the {limit} characters allowed.', 'plugin-domain' );\n\n    return $strings;\n}\n\nadd_filter( 'wpforms_frontend_strings' , 'wpf_dev_frontend_strings', 10, 1 );\n\n"
                }
            ]
        },
        {
            "subtitle": "Reference Articles",
            "content": [
                {
                    "text": "How to Change the Limit Character Validation Text"
                },
                {
                    "url": "https://wpforms.com/developers/how-to-change-the-limit-character-validation-text/"
                }
            ]
        }
    ],
    "section": "Developers",
    "category": "Filters Hooks"
}