{
    "product_name": "WPForms",
    "document_id": 206,
    "document_name": "Error: \u2018AccessDenied\u2019 When Downloading WPForms Zip File From Receipt Email",
    "document_url": "https://wpforms.com/docs/error-accessdenied-when-downloading-wpforms-zip-file-from-receipt-email/",
    "author": "Umair Majeed",
    "reviewer": "David Ozokoye",
    "date": "Updated: Sep 30, 2024",
    "version": "1.0",
    "title": "Error: \u2018AccessDenied\u2019 When Downloading WPForms Zip File From Receipt Email",
    "content": [
        {
            "subtitle": "Summary",
            "content": [
                {
                    "text": "The 'AccessDenied' error occurs when users attempt to download the WPForms zip file using an expired download link from their purchase receipt email. This issue typically affects users who have recently upgraded from WPForms Lite to a paid version, such as WPForms Pro."
                }
            ]
        },
        {
            "subtitle": "Causes",
            "content": [
                {
                    "text": "This error occurs when the download link in the receipt email has expired. The download links in WPForms receipt emails are valid for 12 hours after the purchase is made."
                }
            ]
        },
        {
            "subtitle": "Solution",
            "content": [
                {
                    "text": "To resolve this issue, first log in to your WPForms account . Once you've logged in, click on the Downloads tab."
                },
                {
                    "url": "https://wpforms.com/account/"
                },
                {
                    "image_link": "https://wpforms.com/wp-content/uploads/2024/08/downloads-1024x506.png"
                },
                {
                    "text": "Then, locate the appropriate license and click the Download button next to it. This will allow you to download the zip file of the paid version of WPForms directly from your account page."
                },
                {
                    "text": "For detailed instructions on installing the downloaded plugin, refer to our comprehensive guide on installing and activating WPForms ."
                },
                {
                    "url": "https://wpforms.com/docs/install-wpforms-plugin/#download"
                },
                {
                    "text": "That's it! You now know how to handle the 'AccessDenied' error when attempting to download WPForms from a receipt email by accessing the file directly from your WPForms account."
                }
            ]
        }
    ],
    "section": "Documentation",
    "category": "Error Library"
}