{
    "product_name": "WPForms",
    "document_id": 145,
    "document_name": "How to Store the Non-Cached IP Address Into a Hidden Field",
    "document_url": "https://wpforms.com/developers/how-to-store-the-non-cached-ip-address-into-a-hidden-field/",
    "author": "Editorial Team",
    "reviewer": "Molly Tyler",
    "date": "Published: Oct 22, 2021, 13:48 PM",
    "version": "1.0",
    "title": "How to Store the Non-Cached IP Address Into a Hidden Field",
    "content": [
        {
            "subtitle": "Introduction",
            "content": [
                {
                    "text": "Would you like to store the non-cached IP address in a Hidden Field with WPForms?"
                },
                {
                    "text": "You can use the {user_ip} Smart Tag to pull in the IP address of the user completing your form. For further information on that, please see this article ."
                },
                {
                    "url": "https://wpforms.com/docs/how-to-use-smart-tags-in-wpforms/#userip"
                },
                {
                    "text": "However, this IP address is captured at the time the user loads the page and could very well be a cached version."
                },
                {
                    "text": "When using this snippet, you won't need to use the user_ip Smart Tag. This snippet will automatically get the user's IP for you and place it in the Hidden Field while ensuring that the number captured will not be the cached version of the IP address."
                },
                {
                    "text": "For help in understanding what an IP address is, check out this description from our friends at WPBeginner."
                },
                {
                    "url": "https://www.wpbeginner.com/glossary/ip-address/"
                }
            ]
        },
        {
            "subtitle": "Creating your form",
            "content": [
                {
                    "text": "First, you'll need to create your form and add the fields that you need."
                },
                {
                    "text": "If you need any help in creating your form, please see this documentation ."
                },
                {
                    "url": "https://wpforms.com/docs/creating-first-form/"
                },
                {
                    "text": "Once you've added all the necessary fields, add the Hidden Field to your form and save the form."
                },
                {
                    "image_link": "https://wpforms.com/wp-content/uploads/2021/10/wpforms-user-ip-hidden-field.jpg"
                }
            ]
        },
        {
            "subtitle": "Adding the snippet to capture the non-cached IP address",
            "content": [
                {
                    "text": "Now it's time to add the snippet to your site."
                },
                {
                    "text": "If you need any help in how to add snippets to your site, please see this tutorial ."
                },
                {
                    "url": "https://wpforms.com/developers/how-to-add-custom-php-or-javascript-for-wpforms/"
                },
                {
                    "code": "\n/**\n * Do not store the cached IP address in a hidden field\n *\n * @link   https://wpforms.com/developers/how-to-store-the-non-cached-ip-address-into-a-hidden-field/\n */\n\nfunction wpf_hidden_ip_avoid_cache( $fields, $entry, $form_data ){\n\n    // Only run on the form with ID 727\n    if( $form_data[ 'id' ] == 727 ) {\n\n\t\t//Look for the hidden field we want to replace the value of\n\t\tforeach( $fields as $field_id => $field ){\n\t\t\t\n\t\t\t// Look for field ID is 10 - it MUST be a Hidden Field, change this ID to match your field ID\n\t\t\tif( '10' == $field[ 'id' ] && 'hidden' == $field[ 'type' ] ){ \n\t\t\t\t\n\t\t\t\t// Replace that value with the IP WPForms detects\n\t\t\t\t$fields[ $field_id ][ 'value' ] = wpforms_get_ip(); \n\t\t\t}\n\t\t}\n    }\n\n\treturn $fields; \n}\nadd_filter( 'wpforms_process_filter', 'wpf_hidden_ip_avoid_cache', 10, 3 );\n"
                },
                {
                    "text": "The snippet above will only run on the form ID 727 , if the field ID of 10 is indeed a Hidden Field , it will update this field after the form is submitted with the user's IP address."
                },
                {
                    "text": "If you need any help in finding your form and field IDs, please check out this tutorial ."
                },
                {
                    "url": "https://wpforms.com/developers/how-to-locate-form-id-and-field-id/"
                },
                {
                    "image_link": "https://wpforms.com/wp-content/uploads/2021/10/wpforms-non-cached-ip-address.jpg"
                },
                {
                    "text": "And that's it! Are you looking to add some CSS animation to your form's confirmation message? Check out our tutorial on How to Add Falling Autumn Leaves to Your Confirmation Message."
                },
                {
                    "url": "https://wpforms.com/developers/how-to-add-falling-autumn-leaves-to-your-confirmation-message/"
                }
            ]
        },
        {
            "subtitle": "Related",
            "content": [
                {
                    "text": "Filter Reference: wpforms_process_filter"
                },
                {
                    "url": "https://wpforms.com/developers/wpforms_process_filter/"
                }
            ]
        }
    ],
    "section": "Developers",
    "category": "Tutorials"
}