{
    "product_name": "WPForms",
    "document_id": 425,
    "document_name": "Zapier Addon",
    "document_url": "https://wpforms.com/docs/how-to-install-and-use-zapier-addon-with-wpforms/",
    "author": "David Ozokoye",
    "reviewer": "Claire Broadley",
    "date": "Updated: Oct 25, 2024",
    "version": "1.0",
    "title": "Zapier Addon",
    "content": [
        {
            "subtitle": "Installing the Zapier Addon",
            "content": [
                {
                    "text": "Before you get started, be sure you've installed and activated WPForms and verified your license . Then go ahead and install the Zapier addon ."
                },
                {
                    "url": "https://wpforms.com/docs/install-wpforms-plugin/"
                },
                {
                    "url": "https://wpforms.com/docs/verify-wpforms-license/"
                },
                {
                    "url": "https://wpforms.com/docs/install-activate-wpforms-addons/"
                },
                {
                    "text": "Once the Zapier addon is activated, go to WPForms \" Settings and click on the Integrations tab."
                },
                {
                    "image_link": "https://wpforms.com/wp-content/uploads/2022/08/wpforms-settings-integrations-zapier-2.png"
                },
                {
                    "text": "Here, you'll see Zapier listed with your available WPForms integrations. Go ahead and click on it to see more details. This is where you'll find the Zapier API key for your site."
                },
                {
                    "image_link": "https://wpforms.com/wp-content/uploads/2022/08/zapier-integration-details-1.png"
                },
                {
                    "text": "Be sure to keep this browser tab or window open, as you'll need this API key in the next step."
                }
            ]
        },
        {
            "subtitle": "Creating a Zap in Zapier",
            "content": [
                {
                    "text": "In Zapier, the integrations you create are called \"zaps.\" The next step is to create a zap that sends information from your forms to another service."
                },
                {
                    "text": "First, you'll need to log in to your Zapier account . If you don't have one yet, then you can sign up for free."
                },
                {
                    "url": "https://zapier.com/app/login"
                },
                {
                    "url": "https://zapier.com/sign-up/"
                },
                {
                    "text": "Note: Some integrations will require a paid account with Zapier. For more details on identifying paid integrations, please see Zapier's documentation on premium apps ."
                },
                {
                    "url": "https://zapier.com/help/create/basics/learn-key-concepts-in-zapier#step-14"
                },
                {
                    "text": "After you've logged in to your account, click the Create Zap button in the upper left corner (if your browser window is small, this button may appear as an orange plus (+) sign instead)."
                },
                {
                    "image_link": "https://wpforms.com/wp-content/uploads/2022/08/zapier-create-zap-1.png"
                },
                {
                    "text": "This will open the setup page for your new zap. If you'd like to name your zap, go ahead and add a title by clicking on the title in the upper left corner of the page."
                },
                {
                    "image_link": "https://wpforms.com/wp-content/uploads/2022/08/zapier-zap-dashboard-edit-name-1.png"
                }
            ]
        },
        {
            "subtitle": "Setting Up Your Trigger Event",
            "content": [
                {
                    "text": "Next, select WPForms as your trigger app. In the App event search box, type \"WPForms.\" In the results that appear, click on WPForms ."
                },
                {
                    "image_link": "https://wpforms.com/wp-content/uploads/2022/08/zapier-trigger-app-event-2.png"
                },
                {
                    "text": "Once you've selected WPForms, Zapier will display your trigger options under Trigger . WPForms only has 1 trigger option (New Form Entry). Click inside the search box, and select New Form Entry from the dropdown list that appears."
                },
                {
                    "image_link": "https://wpforms.com/wp-content/uploads/2022/08/choose-zapier-new-form-entry-event-2.png"
                },
                {
                    "text": "Then, click the Continue button to proceed."
                },
                {
                    "image_link": "https://wpforms.com/wp-content/uploads/2022/08/zapier-zap-continue-1.png"
                },
                {
                    "text": "In the next step, you'll connect Zapier to WPForms on your website. To do this, click the Sign in button on the right-hand side."
                },
                {
                    "image_link": "https://wpforms.com/wp-content/uploads/2022/08/zapier-sign-in-wpforms.png"
                },
                {
                    "text": "This will cause a new window to appear. Here, you'll need to add your API Key ."
                },
                {
                    "text": "To find your API key, go back to the browser tab or window with your WPForms integrations settings. Then copy and paste the Zapier API key into the zap setup page."
                },
                {
                    "image_link": "https://wpforms.com/wp-content/uploads/2022/08/enter-zapier-api-key-1.png"
                },
                {
                    "text": "Next, you'll need to fill out the Website field. Be sure to enter the full URL of your website and include the trailing slash (i.e., https://example.com/)."
                },
                {
                    "text": "Note: If you're creating a zap for a site in a WordPress multisite network, you'll need to enter the full path URL (i.e., https://sitename.com/subsite/ ) to create your zap."
                },
                {
                    "text": "When you're ready, click the Yes, Continue button."
                },
                {
                    "image_link": "https://wpforms.com/wp-content/uploads/2022/08/zapier-allow-wpforms-access-1.png"
                },
                {
                    "text": "Once your site is connected, Zapier will prompt you to choose which account to use for your zap. Select your account from the dropdown, then click Continue ."
                },
                {
                    "image_link": "https://wpforms.com/wp-content/uploads/2022/08/zapier-choose-wpforms-account.png"
                },
                {
                    "text": "Next, select the form you'd like to use from the dropdown and click Continue again."
                },
                {
                    "image_link": "https://wpforms.com/wp-content/uploads/2022/08/zapier-select-form.png"
                },
                {
                    "text": "Zapier will then give you a chance to pull in sample entries to test your connection."
                },
                {
                    "text": "Note: The form you selected in the previous step needs to have at least 1 entry in order for the test to work."
                },
                {
                    "text": "Click the Test trigger button to load available entries."
                },
                {
                    "image_link": "https://wpforms.com/wp-content/uploads/2022/08/zapier-test-trigger.png"
                },
                {
                    "text": "Zapier will then show you the entries it was able to pull from your form. You can select any available entry from the dropdown to view its data and make sure everything looks correct."
                },
                {
                    "image_link": "https://wpforms.com/wp-content/uploads/2022/08/zapier-trigger-test-results.png"
                },
                {
                    "text": "When you're happy with the trigger test's results, click the Continue button to proceed."
                }
            ]
        },
        {
            "subtitle": "Setting Up Your Action Event",
            "content": [
                {
                    "text": "After checking your sample entries, Zapier will ask you to select an App event for the action you want to take place in response to the trigger."
                },
                {
                    "image_link": "https://wpforms.com/wp-content/uploads/2022/08/zapier-action-app-event.png"
                },
                {
                    "text": "This app is the service you'd like to send your form entry details to. Zapier has over 5,000 apps and services available. You can find out more about the available integrations on Zapier's site ."
                },
                {
                    "url": "https://zapier.com/apps/zapier/integrations"
                },
                {
                    "text": "After selecting an app, Zapier will walk you through the steps to pass form data to your chosen service. These steps will depend on which service you integrate with."
                }
            ]
        },
        {
            "subtitle": "Examples of Zapier Connections for WPForms",
            "content": [
                {
                    "text": "Since the next steps will vary depending on which integration you choose in Zapier, we aren't able to cover all possible options in a single tutorial."
                },
                {
                    "text": "For detailed guides on our most popular Zapier integrations, please check out the articles below."
                }
            ]
        },
        {
            "subtitle": "Send Uploaded Files to Web Storage Services",
            "content": [
                {
                    "text": "Amazon S3"
                },
                {
                    "text": "Dropbox"
                },
                {
                    "text": "Google Drive"
                },
                {
                    "url": "https://wpforms.com/how-to-create-a-wordpress-amazon-s3-upload-form/"
                },
                {
                    "url": "https://wpforms.com/how-to-create-a-simple-dropbox-upload-form-in-wordpress/"
                },
                {
                    "url": "https://wpforms.com/how-to-create-a-wordpress-google-drive-upload-form/"
                }
            ]
        },
        {
            "subtitle": "Send Leads to Marketing Services and CRMs",
            "content": [
                {
                    "text": "Marketo"
                },
                {
                    "text": "Pipedrive"
                },
                {
                    "text": "SendFox"
                },
                {
                    "text": "Sendy"
                },
                {
                    "text": "Zoho"
                },
                {
                    "url": "https://wpforms.com/how-to-automatically-send-leads-from-wordpress-forms-to-marketo/"
                },
                {
                    "url": "https://wpforms.com/how-to-create-a-custom-pipedrive-wordpress-form/"
                },
                {
                    "url": "https://wpforms.com/wordpress-sendfox-form/"
                },
                {
                    "url": "https://wpforms.com/how-to-create-a-custom-sendy-subscribe-form-in-wordpress/"
                },
                {
                    "url": "https://wpforms.com/how-to-create-a-contact-in-zoho-from-a-wordpress-form/"
                }
            ]
        },
        {
            "subtitle": "Send Entry Details to Task Lists or Team Communication Services",
            "content": [
                {
                    "text": "Asana"
                },
                {
                    "text": "Discord"
                },
                {
                    "text": "Toggl"
                },
                {
                    "text": "Trello"
                },
                {
                    "url": "https://wpforms.com/how-to-automatically-create-an-asana-task-from-a-wordpress-form/"
                },
                {
                    "url": "https://wpforms.com/how-to-connect-your-wordpress-contact-form-to-discord/"
                },
                {
                    "url": "https://wpforms.com/toggl-project/"
                },
                {
                    "url": "https://wpforms.com/how-to-automatically-create-trello-cards-from-your-wordpress-forms/"
                }
            ]
        },
        {
            "subtitle": "Send Entry Details to Invoice or Accounting Applications",
            "content": [
                {
                    "text": "Airtable"
                },
                {
                    "text": "Quickbooks"
                },
                {
                    "url": "https://wpforms.com/create-a-custom-airtable-form-for-wordpress/"
                },
                {
                    "url": "https://wpforms.com/how-to-automatically-add-a-quickbooks-customer-from-your-wordpress-forms-2/"
                }
            ]
        },
        {
            "subtitle": "Other Popular Integrations",
            "content": [
                {
                    "text": "Google to create contact lists"
                },
                {
                    "text": "Google Calendar to schedule events"
                },
                {
                    "text": "Jira to create support issues"
                },
                {
                    "text": "Planyo to make restaurant reservations"
                },
                {
                    "text": "Twilio to receive SMS text messages"
                },
                {
                    "text": "YouTube to upload videos"
                },
                {
                    "text": "ZenDesk to collect support tickets"
                },
                {
                    "url": "https://wpforms.com/how-to-automatically-add-a-google-contact-from-your-wordpress-forms/"
                },
                {
                    "url": "https://wpforms.com/how-to-send-wpforms-entries-to-google-calendar/"
                },
                {
                    "url": "https://wpforms.com/create-jira-issues-from-wordpress-form-submissions/"
                },
                {
                    "url": "https://wpforms.com/how-to-take-restaurant-reservations-on-your-wordpress-website/"
                },
                {
                    "url": "https://wpforms.com/how-to-get-an-sms-text-message-from-your-wordpress-form/"
                },
                {
                    "url": "https://wpforms.com/allow-users-to-upload-videos-to-youtube-from-wordpress/"
                },
                {
                    "url": "https://wpforms.com/how-to-create-a-custom-support-ticket-form-on-wordpress-with-zendesk/"
                }
            ]
        },
        {
            "subtitle": "Frequently Asked Questions",
            "content": [
                {
                    "text": "In this section, we'll answer some of the most common questions about the Zapier addon."
                }
            ]
        },
        {
            "subtitle": "Can I disable entry storage when using the Zapier integration with my form?",
            "content": [
                {
                    "text": "Yes, you can absolutely do this. You'll need at least 1 entry for your form when setting up a zap in Zapier. Once that's done, you can disable entry storage."
                },
                {
                    "text": "To do so, open the form for editing and go to Settings \" General . Expand the Advanced section, then toggle on the Disable storing entry information in WordPress option and save your changes."
                },
                {
                    "image_link": "https://wpforms.com/wp-content/uploads/2022/08/disable-storing-entry-information-in-wordpress.png"
                },
                {
                    "text": "That's it! You can now connect your forms to hundreds of web services through the Zapier addon in WPForms."
                },
                {
                    "text": "Next, would you like to learn more about what you can do with WPForms entries? Be sure to check out our complete guide to entries for details on all of the available options and tools."
                },
                {
                    "url": "https://wpforms.com/docs/complete-guide-to-form-entries/"
                }
            ]
        }
    ],
    "section": "Documentation",
    "category": "Advanced Form Features"
}