{
    "product_name": "WPForms",
    "document_id": 266,
    "document_name": "Customizing Form Field Options",
    "document_url": "https://wpforms.com/docs/how-to-customize-form-field-options/",
    "author": "David Ozokoye",
    "reviewer": "Molly Tyler",
    "date": "Updated: May 21, 2024",
    "version": "1.0",
    "title": "Customizing Form Field Options",
    "content": [
        {
            "subtitle": "Try this Form Demo!",
            "content": [
                {
                    "text": "Email"
                },
                {
                    "text": "Phone Call"
                },
                {
                    "text": "Text Message"
                },
                {
                    "text": "Before you get started, make sure WPForms is installed and activated on your site. Then you'll need to create a new form or edit an existing one."
                },
                {
                    "url": "https://wpforms.com/docs/install-wpforms-plugin/"
                },
                {
                    "url": "https://wpforms.com/docs/creating-first-form/"
                }
            ]
        },
        {
            "subtitle": "General Field Options",
            "content": [
                {
                    "text": "Once the form builder is open, you can add, remove, and edit fields. To open the options for a field, simply click on it in the preview area."
                },
                {
                    "image_link": "https://wpforms.com/wp-content/uploads/2018/09/opening-field-options.gif"
                }
            ]
        },
        {
            "subtitle": "Changing Field Label Text",
            "content": [
                {
                    "text": "When you first add a field to your form, the label will match the field type (for example, \"Checkboxes\" or \"Multiple Items\"). However, you can edit the Label text and make it whatever you'd like."
                },
                {
                    "image_link": "https://wpforms.com/wp-content/uploads/2018/09/changing-field-label.png"
                }
            ]
        },
        {
            "subtitle": "Adding Description Text",
            "content": [
                {
                    "text": "You can also choose to add Description text to your form fields."
                },
                {
                    "image_link": "https://wpforms.com/wp-content/uploads/2018/09/adding-description-text.png"
                },
                {
                    "text": "This text will display below the input area."
                },
                {
                    "image_link": "https://wpforms.com/wp-content/uploads/2018/09/preview-description-text.png"
                },
                {
                    "text": "For more details, please see our tutorial on adding extra text to your forms ."
                },
                {
                    "url": "https://wpforms.com/docs/how-to-add-extra-text-and-descriptions-to-forms/"
                }
            ]
        },
        {
            "subtitle": "Requiring a Field",
            "content": [
                {
                    "text": "Under the Description option, you can toggle on the Required option to make a field mandatory."
                },
                {
                    "image_link": "https://wpforms.com/wp-content/uploads/2018/09/requiring-field.png"
                },
                {
                    "text": "If a user skips a required field and tries to submit the form, a validation message will display, reminding them to fill out that field."
                },
                {
                    "image_link": "https://wpforms.com/wp-content/uploads/2022/09/required-email-field.png"
                },
                {
                    "text": "Note: Did you know that you can customize validation message text? For details, please see our validation message tutorial ."
                },
                {
                    "url": "https://wpforms.com/docs/customize-wpforms-validation-messages/"
                }
            ]
        },
        {
            "subtitle": "Advanced Field Options",
            "content": [
                {
                    "text": "Advanced Field Options offer even more customization settings for your fields. To locate these, you'll need to click on the Advanced tab."
                },
                {
                    "image_link": "https://wpforms.com/wp-content/uploads/2018/09/opening-advanced-field-options.png"
                }
            ]
        },
        {
            "subtitle": "Selecting a Field Size",
            "content": [
                {
                    "text": "Most fields will include an option to change the field size, which can be super useful when customizing the appearance of your forms."
                },
                {
                    "text": "If this option is available for the type of field you're editing, you'll see a Field Size dropdown. Options will include Small , Medium , and Large ."
                },
                {
                    "image_link": "https://wpforms.com/wp-content/uploads/2018/09/changing-field-size.png"
                },
                {
                    "text": "In most cases, the Field Size will determine the width of the field within your form."
                },
                {
                    "image_link": "https://wpforms.com/wp-content/uploads/2022/09/field-sizes.png"
                },
                {
                    "text": "However, there's an exception for 2 fields. For Paragraph Text and Rich Text fields, the Field Size will set the height of the input area."
                },
                {
                    "text": "Note: If you'd like to place more than one field in the same row, please see our tutorial on multi-column form layouts ."
                },
                {
                    "url": "https://wpforms.com/docs/how-to-create-multi-column-form-layouts-in-wpforms/"
                }
            ]
        },
        {
            "subtitle": "Adding Placeholder Text",
            "content": [
                {
                    "text": "Many fields will allow you to add Placeholder Text , which displays until the user starts typing their own text."
                },
                {
                    "image_link": "https://wpforms.com/wp-content/uploads/2018/08/adding-input-field-placeholder-text.png"
                },
                {
                    "text": "You can use placeholder text to provide instructions or even to change the design of a form. If you'd like to know more, we've shared additional details and examples in our placeholder text tutorial ."
                },
                {
                    "url": "https://wpforms.com/docs/how-to-add-placeholder-text-to-a-form-field/"
                }
            ]
        },
        {
            "subtitle": "Hiding a Field Label",
            "content": [
                {
                    "text": "If you'd like a more compact or simplified form, you may want to consider hiding your fields' labels."
                },
                {
                    "text": "To do this, you'll need to toggle on the Hide Label option."
                },
                {
                    "image_link": "https://wpforms.com/wp-content/uploads/2018/09/hiding-field-labels.png"
                },
                {
                    "text": "Note: If you choose to hide field labels, please still be sure to enter a relevant name into the label of the field. Since the label will still appear in your entry details , this will help you identify each field."
                },
                {
                    "url": "https://wpforms.com/docs/complete-guide-to-form-entries/"
                }
            ]
        },
        {
            "subtitle": "Setting a Default Value",
            "content": [
                {
                    "text": "In some cases, you may want parts of a form to be pre-filled for users. That way you can save users a little effort, but they can still change the input or selection if they need to."
                },
                {
                    "text": "If this option is available for the type of field you're editing, you'll see a Default Value field in the Advanced tab."
                },
                {
                    "image_link": "https://wpforms.com/wp-content/uploads/2018/09/setting-default-value.png"
                },
                {
                    "text": "For more details and examples, including defaults for Checkboxes and Multiple Choice fields, be sure to check out our guide to adding default values to fields ."
                },
                {
                    "url": "https://wpforms.com/docs/how-to-add-default-values-for-form-fields/"
                },
                {
                    "text": "Note: Want to pull user data or information from your site into your forms as default values? Check out our tutorial on using Smart Tags to learn how."
                },
                {
                    "url": "https://wpforms.com/docs/how-to-use-smart-tags-in-wpforms/"
                }
            ]
        },
        {
            "subtitle": "Adding Custom CSS Classes",
            "content": [
                {
                    "text": "You can easily customize the appearance of your form's field to make your fields look how you'd like. To do so, simply enter the CSS class names for the form field in the CSS Classes text field. For multiple classes, separate the class names with spaces."
                },
                {
                    "image_link": "https://wpforms.com/wp-content/uploads/2021/09/Locate-CSS-Classes-field-in-the-WPForms-form-builder.png"
                },
                {
                    "text": "For a more detailed guide, be sure to check out our tutorial on using your own custom CSS classes as well."
                },
                {
                    "url": "https://wpforms.com/docs/how-to-add-custom-css-to-your-wpforms/"
                },
                {
                    "text": "Note: We recommend using the Layout field for a simpler, drag-and-drop approach to building advanced multi-column layouts. However, the layout CSS classes covered in this tutorial are still supported."
                },
                {
                    "url": "https://wpforms.com/docs/how-to-use-the-layout-field-in-wpforms/"
                }
            ]
        },
        {
            "subtitle": "Special Options for Checkboxes and Multiple Choice Fields",
            "content": [
                {
                    "text": "Below, we'll discuss a few additional options available specifically for Checkboxes and Multiple Choice fields."
                }
            ]
        },
        {
            "subtitle": "Adding Image Choices",
            "content": [
                {
                    "text": "You can easily add images to any Checkboxes, Multiple Choice, Checkbox Items, or Multiple Items field. To do so, you just need to toggle on the Use image choices option."
                },
                {
                    "image_link": "https://wpforms.com/wp-content/uploads/2018/09/enabling-image-options.png"
                },
                {
                    "text": "After this setting is turned on, you'll be able to upload images for each option within your field."
                },
                {
                    "image_link": "https://wpforms.com/wp-content/uploads/2018/09/uploading-image-choices.png"
                },
                {
                    "text": "For more details, please see our tutorial on adding image choices to your forms ."
                },
                {
                    "url": "https://wpforms.com/docs/how-to-add-image-choices-to-fields/"
                }
            ]
        },
        {
            "subtitle": "Adding Icon Choices",
            "content": [
                {
                    "text": "You can also add icons to any of the choices in a Checkboxes, Multiple Choice, Checkbox items, or Multiple Items field. To enable this feature, toggle on the Use icon choices option."
                },
                {
                    "image_link": "https://wpforms.com/wp-content/uploads/2022/12/enable-use-icon-choices.png"
                },
                {
                    "text": "Once you've enabled icon choices, you'll see default icons added to each choice in your Multiple Choice field. When you click on the default icon, an Icon Picker will appear where you can select from over 2,000 icons."
                },
                {
                    "image_link": "https://wpforms.com/wp-content/uploads/2022/12/click-to-change-default-icon.png"
                },
                {
                    "text": "To learn more about icon choices, be sure to check out our tutorial on using icon choices in WPForms ."
                },
                {
                    "url": "https://wpforms.com/docs/using-icon-choices/"
                }
            ]
        },
        {
            "subtitle": "Randomizing Options",
            "content": [
                {
                    "text": "Randomizing the options you provide can help to avoid order bias, which is especially beneficial if you're using our Surveys and Polls addon ."
                },
                {
                    "url": "https://wpforms.com/docs/how-to-install-and-use-the-surveys-and-polls-addon/"
                },
                {
                    "text": "In the Advanced tab for any Checkboxes or Multiple Choice field, you can toggle on the Randomize Choices option."
                },
                {
                    "image_link": "https://wpforms.com/wp-content/uploads/2018/09/randomizing-choices.png"
                }
            ]
        },
        {
            "subtitle": "Displaying Dynamic Choices",
            "content": [
                {
                    "text": "The Dynamic Choices option is super useful if you want choices in a Checkboxes, Multiple Choice, or Dropdown field to be the names of pages, posts, categories, or tags on your site. When enabled, this option will automatically populate the choices for the field (and keep them updated if you add or remove content or taxonomies)."
                },
                {
                    "text": "To set up this option, open the Advanced tab and select options from the Dynamic Choices and Dynamic Source dropdowns."
                },
                {
                    "image_link": "https://wpforms.com/wp-content/uploads/2018/09/displaying-dynamic-choices.png"
                },
                {
                    "text": "For more details, please see our tutorial on setting up dynamic choices ."
                },
                {
                    "url": "https://wpforms.com/docs/how-to-set-dynamic-field-default-values-in-wpforms/"
                },
                {
                    "text": "That's it! You can now customize your form fields with tons of built-in options in WPForms."
                },
                {
                    "text": "Next, would you also like to add smart logic to customize your forms even further? Be sure to check out our tutorial on conditional logic for details and lots of examples."
                },
                {
                    "url": "https://wpforms.com/docs/how-to-use-conditional-logic-with-wpforms/"
                }
            ]
        }
    ],
    "section": "Documentation",
    "category": "Field Customizations"
}