{
    "product_name": "WPForms",
    "document_id": 196,
    "document_name": "Creating a Unique ID for Each Form Entry",
    "document_url": "https://wpforms.com/developers/how-to-create-a-unique-id-for-each-form-entry/",
    "author": "David Ozokoye",
    "reviewer": "Dimitris Mitsis",
    "date": "Updated: Sep 3, 2024, 06:48 AM",
    "version": "1.0",
    "title": "Creating a Unique ID for Each Form Entry",
    "content": [
        {
            "subtitle": "Creating the Unique ID",
            "content": [
                {
                    "text": "We usually start our tutorials by creating our form. However, since we want to use this Smart Tag inside our form builder, we'll start by adding the code snippet to our site first this time. If you need any assistance with adding code snippets to your site, you can read this tutorial for help ."
                },
                {
                    "url": "https://wpforms.com/developers/how-to-add-custom-php-or-javascript-for-wpforms/"
                },
                {
                    "code": "\n/*\n * Create a unique_id Smart Tag and assign it to each form submission.\n *\n * @link https://wpforms.com/developers/how-to-create-a-unique-id-for-each-form-entry/\n */\n\n// Generate Unique ID Smart Tag for WPForms\nfunction wpf_dev_register_smarttag( $tags ) {\n    \n    // Key is the tag, item is the tag name.\n    $tags['unique_id'] = 'Unique ID';\n    \n    return $tags;\n}\n\nadd_filter( 'wpforms_smart_tags', 'wpf_dev_register_smarttag' );\n\n// Generate Unique ID value\nfunction wpf_dev_process_smarttag( $content, $tag, $form_data, $fields, $entry_id ) {\n    \n    // Only run if it is our desired tag.\n    if ( 'unique_id' === $tag && !$entry_id ) {\n        \n        // Replace the tag with our Unique ID that will be prefixed with wpf.\n        $content = str_replace( '{unique_id}', uniqid( 'wpf', true ), $content );\n    } elseif ( 'unique_id' === $tag && $entry_id ) {\n        \n        foreach ( $form_data['fields'] as $field ) {\n            \n            if ( preg_match( '/\\b{unique_id}\\b/', $field['default_value'] ) ) {\n                $field_id = $field['id'];\n                break;\n            }\n        }\n        \n        $content = str_replace( '{unique_id}', $fields[$field_id]['value'], $content );\n    }\n    \n    return $content;\n}\n\nadd_filter( 'wpforms_smart_tag_process', 'wpf_dev_process_smarttag', 10, 5 );\n"
                },
                {
                    "text": "This snippet will not only create the code we need to build a unique ID with every form submission but also allow us to use this number as a Smart Tag so that we can attach it to our form entries."
                },
                {
                    "url": "https://wpforms.com/docs/how-to-use-smart-tags-in-wpforms/"
                }
            ]
        },
        {
            "subtitle": "Creating Your Form",
            "content": [
                {
                    "text": "Next, we'll create our support form. This form will contain fields for Name, Email Address, a Dropdown field to try to capture the issue, and finally, a Paragraph Text form field to allow our visitors a place to give further information about the support they are seeking. However, since we want to store this number as part of our entries, we'll also be adding a Hidden Field to store that unique ID number as well."
                },
                {
                    "text": "If you need any help with creating a form in WPForms, please see this documentation ."
                },
                {
                    "url": "https://wpforms.com/docs/creating-first-form/"
                },
                {
                    "text": "After adding the Hidden Field, click on it to open the Field Options panel. Then, go to the Advanced Options section."
                },
                {
                    "text": "In the Default Value, simply add the Smart Tag {unique_id} ."
                },
                {
                    "image_link": "https://wpforms.com/wp-content/uploads/2021/03/wpforms-add-unique-id-smart-tag.jpg"
                },
                {
                    "text": "Hidden fields are not visible inside the form to your visitors, but we're using this field to store the unique ID for internal reference so that it will display on the entry."
                }
            ]
        },
        {
            "subtitle": "Adding the Unique ID to Confirmation Messages",
            "content": [
                {
                    "text": "If you'd like to add your unique ID to your confirmation message, you'll need to place the value that is stored inside the Hidden Field when the form is submitted."
                },
                {
                    "text": "In our form, the field ID was 6, as you can see in the previous image. So we'll add this to our confirmation message so it will pull in that exact same value."
                },
                {
                    "text": "{field_id=\"6\"}"
                },
                {
                    "text": "When using the unique ID inside the confirmation message, you must use this field ID inside the message, as seen in the image below, and not the actual Smart Tag."
                },
                {
                    "image_link": "https://wpforms.com/wp-content/uploads/2021/03/wpforms-unique-id-confirmation-message.jpg"
                },
                {
                    "text": "If you need help with locating your form ID or form field ID, please check out this tutorial ."
                },
                {
                    "url": "https://wpforms.com/developers/how-to-locate-form-id-and-field-id/"
                },
                {
                    "text": "Now, when the form is submitted, your visitors will see the unique ID as well as it being recorded inside the Hidden Field of the form."
                },
                {
                    "image_link": "https://wpforms.com/wp-content/uploads/2021/03/wpforms-see-smart-tag-in-confirmation.jpg"
                }
            ]
        },
        {
            "subtitle": "FAQ",
            "content": []
        },
        {
            "subtitle": "Q: What if I wanted a specific number of characters for my unique ID?",
            "content": [
                {
                    "text": "A: You can see the following example will only provide a 6-digit (hexadecimal only) unique ID."
                },
                {
                    "code": "\n/*\n * Create a unique ID with a specific number of characters and assign it to each form submission.\n *\n * @link https://wpforms.com/developers/how-to-create-a-unique-id-for-each-form-entry/\n */\n\n// Generate Unique ID Smart Tag for WPForms\nfunction wpf_dev_register_smarttag( $tags ) {\n\n    // Key is the tag, item is the tag name.\n    $tags['unique_id'] = 'Unique ID';\n\n    return $tags;\n}\n\nadd_filter( 'wpforms_smart_tags', 'wpf_dev_register_smarttag' );\n\n// Generate Unique ID value\nfunction wpf_dev_process_smarttag( $content, $tag, $form_data, $fields, $entry_id ) {\n\n    // Only run if it is our desired tag.\n    if ( 'unique_id' === $tag && !$entry_id ) {\n\n        // Generate a hexadecimal string based on the time to ensure uniqueness\n        // Reduce the string to 6 characters\n        $uuid = substr( md5( time() ), 0, 6 );\n\n        // Replace the tag with our Unique ID.\n        $content = str_replace( '{unique_id}', $uuid, $content );\n\n    } elseif ( 'unique_id' === $tag && $entry_id ) {\n\n        foreach ( $form_data['fields'] as $field ) {\n\n            if ( preg_match( '/\\b{unique_id}\\b/', $field['default_value'] ) ) {\n                $field_id = $field['id'];\n                break;\n            }\n        }\n\n        $content = str_replace( '{unique_id}', $fields[$field_id]['value'], $content );\n    }\n\n    return $content;\n}\n\nadd_filter( 'wpforms_smart_tag_process', 'wpf_dev_process_smarttag', 10, 5 );\n"
                },
                {
                    "text": "This snippet will grab the current time, then convert it into a hexadecimal string and restrict it to a 6-character number."
                }
            ]
        },
        {
            "subtitle": "Q: Can I use this snippet to get a numeric-only value?",
            "content": [
                {
                    "text": "A: Of course! You can use this snippet that will return a unique numeric value between the numbers of 1 - 5,000,000,000. Using this number range will mean you'll end up with a unique number that is between 1 and 10 digits. If you want to reduce the number of digits generated, you would reflect that in the rand(1, 5000000000) ."
                },
                {
                    "text": "For example, if you only wanted a 6-digit number, the snippet would be something like rand(100000, 999999) , but this does increase the possibility of repeating numbers eventually since there are so many different combinations you can use with a 6-digit limit."
                },
                {
                    "code": "\n/*\n * Create a unique_id numeric-only Smart Tag and assign it to each form submission.\n *\n * @link https://wpforms.com/developers/how-to-create-a-unique-id-for-each-form-entry/\n */\n\n// Generate Unique ID Smart Tag for WPForms\nfunction wpf_dev_register_smarttag( $tags ) {\n\n    // Key is the tag, item is the tag name.\n    $tags['unique_number_id'] = 'Unique Number ID';\n\n    return $tags;\n}\n\nadd_filter( 'wpforms_smart_tags', 'wpf_dev_register_smarttag' );\n\n// Generate Unique ID value\nfunction wpf_dev_process_smarttag( $content, $tag, $form_data, $fields, $entry_id ) {\n\n    // Only run if it is our desired tag.\n    if ( 'unique_number_id' === $tag && !$entry_id ) {\n\n        // Generate a random numeric ID between 1 and 5,000,000,000\n        $unique_id = rand(1, 5000000000);\n\n        // Replace the tag with our Unique ID.\n        $content = str_replace( '{unique_number_id}', $unique_id, $content );\n\n    } elseif ( 'unique_number_id' === $tag && $entry_id ) {\n\n        foreach ( $form_data['fields'] as $field ) {\n\n            if ( preg_match( '/\\b{unique_number_id}\\b/', $field['default_value'] ) ) {\n                $field_id = $field['id'];\n                break;\n            }\n        }\n\n        $content = str_replace( '{unique_number_id}', $fields[$field_id]['value'], $content );\n    }\n\n    return $content;\n}\n\nadd_filter( 'wpforms_smart_tag_process', 'wpf_dev_process_smarttag', 10, 5 );\n"
                }
            ]
        },
        {
            "subtitle": "Q: Can I prefix the unique ID?",
            "content": [
                {
                    "text": "A: Absolutely. If you'd like to add a prefix, you can use this snippet."
                },
                {
                    "code": "\n/*\n * Create a unique ID and add a prefix.\n *\n * @link https://wpforms.com/developers/how-to-create-a-unique-id-for-each-form-entry/\n */\n\n// Generate Unique ID Smart Tag for WPForms\nfunction wpf_dev_register_smarttag( $tags ) {\n\n    // Key is the tag, item is the tag name.\n    $tags['my_unique_id'] = 'My Unique ID';\n\n    return $tags;\n}\n\nadd_filter( 'wpforms_smart_tags', 'wpf_dev_register_smarttag' );\n\n// Generate Unique ID value\nfunction wpf_dev_process_smarttag( $content, $tag, $form_data, $fields, $entry_id ) {\n\n    // Only run if it is our desired tag.\n    if ( 'my_unique_id' === $tag && !$entry_id ) {\n\n        // Replace the tag with our Unique ID that will be prefixed with \"WPF-\".\n        $content = str_replace( '{my_unique_id}', uniqid('WPF-', true), $content );\n\n    } elseif ( 'my_unique_id' === $tag && $entry_id ) {\n\n        foreach ( $form_data['fields'] as $field ) {\n\n            if ( preg_match( '/\\b{my_unique_id}\\b/', $field['default_value'] ) ) {\n                $field_id = $field['id'];\n                break;\n            }\n        }\n\n        $content = str_replace( '{my_unique_id}', $fields[$field_id]['value'], $content );\n    }\n\n    return $content;\n}\n\nadd_filter( 'wpforms_smart_tag_process', 'wpf_dev_process_smarttag', 10, 5 );\n"
                }
            ]
        },
        {
            "subtitle": "Q: Can I control the number by incrementing the count?",
            "content": [
                {
                    "text": "A: Absolutely. However, if you'd like to increment the number we recommend following this useful guide instead ."
                },
                {
                    "url": "https://wpforms.com/developers/how-to-increment-a-count-on-each-form-submission/"
                }
            ]
        },
        {
            "subtitle": "Q: Can I use the form field value as the Unique ID's prefix?",
            "content": [
                {
                    "text": "A: Yes. The snippet below will allow you to use a specific field from your form as the prefix for the unique ID."
                },
                {
                    "code": "\n/*\n * Create a unique ID and add a prefix based on user submitted data.\n *\n * @link https://wpforms.com/developers/how-to-create-a-unique-id-for-each-form-entry/\n */\n\n// Generate Unique ID on form submission and add to a hidden field\nfunction wpf_dev_generate_unique_id( $fields, $entry, $form_data ) {\n\n    // Replace '5' with the actual field ID of your field\n    $field_id = 5;\n    // Replace '3' with the actual field ID of your hidden field for unique ID\n    $hidden_field_id = 3;\n\n    // Check if the field exists and has a value\n    if ( isset( $fields[$field_id]['value'] ) && ! empty( $fields[$field_id]['value'] ) ) {\n        // Get the field value\n        $field_value = $fields[$field_id]['value'];\n\n        // Sanitize the field value to use as a prefix\n        $prefix = preg_replace( '/[^A-Za-z0-9]/', '', $field_value );\n\n        // Generate unique ID with the dropdown value as prefix\n        $unique_id = $prefix . '-' . uniqid();\n\n        // Add the unique ID to the hidden field\n        foreach ( $fields as &$field ) {\n            if ( $field['id'] == $hidden_field_id ) {\n                $field['value'] = $unique_id;\n                break;\n            }\n        }\n    }\n\n    return $fields;\n}\nadd_filter( 'wpforms_process_filter', 'wpf_dev_generate_unique_id', 10, 3 );\n\n// Register the Unique ID Smart Tag for WPForms\nfunction wpf_dev_register_smarttag( $tags ) {\n    // Key is the tag, item is the tag name.\n    $tags['my_unique_id'] = 'My Unique ID';\n    return $tags;\n}\nadd_filter( 'wpforms_smart_tags', 'wpf_dev_register_smarttag' );\n\n// Process Unique ID Smart Tag to retrieve the value from the hidden field\nfunction wpf_dev_process_smarttag( $content, $tag, $form_data, $fields, $entry_id ) {\n    // Only run if it is our desired tag\n    if ( 'my_unique_id' === $tag ) {\n        // Replace '3' with the actual field ID of your hidden field for unique ID\n        $hidden_field_id = 3;\n        if ( isset( $fields[$hidden_field_id]['value'] ) ) {\n            $content = str_replace( '{my_unique_id}', $fields[$hidden_field_id]['value'], $content );\n        }\n    }\n    return $content;\n}\nadd_filter( 'wpforms_smart_tag_process', 'wpf_dev_process_smarttag', 10, 5 );\n"
                },
                {
                    "text": "You'll need to replace the values of the $field_id variable with the ID of the specific form field you'd like to use for the prefix. Also, replace the $hidden_field_id variable with the ID of the Hidden field with the Unique ID Smart Tag on your form."
                },
                {
                    "text": "And that's all you need to create a unique ID for each form submission. Would you like to process a Smart Tag inside Checkbox field labels? Try out our tutorial on How to Process Smart Tags in Checkbox Labels ."
                },
                {
                    "url": "https://wpforms.com/developers/process-smart-tags-in-checkbox-labels/"
                }
            ]
        },
        {
            "subtitle": "Reference Filters",
            "content": [
                {
                    "text": "wpforms_smart_tags"
                },
                {
                    "text": "wpforms_smart_tag_process"
                },
                {
                    "url": "https://wpforms.com/developers/wpforms_smart_tags/"
                },
                {
                    "url": "https://wpforms.com/developers/wpforms_smart_tag_process/"
                }
            ]
        }
    ],
    "section": "Developers",
    "category": "Notifications"
}