{
    "product_name": "WPForms",
    "document_id": 190,
    "document_name": "Using the Content Field",
    "document_url": "https://wpforms.com/docs/using-the-content-field/",
    "author": "David Ozokoye",
    "reviewer": "Claire Broadley",
    "date": "Updated: Sep 29, 2024",
    "version": "1.0",
    "title": "Using the Content Field",
    "content": [
        {
            "subtitle": "Adding a Content Field to Your Form",
            "content": [
                {
                    "text": "Once you've opened the form builder, you'll find the Content field located under the Fancy Fields section. Go ahead and click the Content field or drag and drop it to the preview area to add it to your form."
                },
                {
                    "image_link": "https://wpforms.com/wp-content/uploads/2022/10/click-content-field-to-add-to-form.png"
                }
            ]
        },
        {
            "subtitle": "Adding Content",
            "content": [
                {
                    "text": "Now that you've added a Content field to your form, it's time to add your content. To get started, click on the field in the form preview area."
                },
                {
                    "image_link": "https://wpforms.com/wp-content/uploads/2022/10/click-to-edit-content-field.png"
                },
                {
                    "text": "This will take you to the Field Options panel. Here you'll see a simple editor that you'll use to add your content."
                },
                {
                    "image_link": "https://wpforms.com/wp-content/uploads/2022/11/content-field-editor.png"
                },
                {
                    "text": "The editor has 2 different modes that you can choose for adding content: Visual and Text ."
                }
            ]
        },
        {
            "subtitle": "Using the Visual Editor",
            "content": [
                {
                    "text": "The visual editor provides a simple, code-free way to add content. It allows you to view what your content will look like as you're editing it, much like a WYSIWYG editor ."
                },
                {
                    "url": "https://www.wpbeginner.com/glossary/wysiwyg-what-you-see-is-what-you-get/"
                },
                {
                    "text": "To use the visual editor, select the Visual tab."
                },
                {
                    "image_link": "https://wpforms.com/wp-content/uploads/2022/11/select-visual-tab.png"
                },
                {
                    "text": "To add content, simply replace the default text with your own."
                },
                {
                    "image_link": "https://wpforms.com/wp-content/uploads/2022/11/add-text-to-visual-editor.gif"
                },
                {
                    "text": "At the top of the editor, you'll see several clickable options for formatting your content."
                },
                {
                    "image_link": "https://wpforms.com/wp-content/uploads/2022/11/format-text-visual-editor.png"
                },
                {
                    "text": "To view more formatting options, click the Expand Editor button located below the editor's text area."
                },
                {
                    "image_link": "https://wpforms.com/wp-content/uploads/2022/11/click-expand-editor-button.png"
                },
                {
                    "text": "Next, the editor will expand, and you'll see even more options for formatting your content."
                },
                {
                    "image_link": "https://wpforms.com/wp-content/uploads/2022/11/additional-formatting-options.png"
                },
                {
                    "text": "To collapse the editor back to its original size, click Collapse Editor ."
                },
                {
                    "image_link": "https://wpforms.com/wp-content/uploads/2022/11/click-collapse-editor-button.png"
                }
            ]
        },
        {
            "subtitle": "Using the Text Editor",
            "content": [
                {
                    "text": "The text editor allows you to add and edit your content using HTML. This can be useful if you'd like more control of the style and format of your content."
                },
                {
                    "text": "To use the text editor, click the Text tab."
                },
                {
                    "image_link": "https://wpforms.com/wp-content/uploads/2022/11/click-text-tab.png"
                },
                {
                    "text": "At the top of the text editor, you'll see some basic options for formatting your content with HTML markup."
                },
                {
                    "image_link": "https://wpforms.com/wp-content/uploads/2022/11/text-editor-formatting-options.png"
                },
                {
                    "text": "When you expand the editor, you'll see even more options to format your content."
                },
                {
                    "image_link": "https://wpforms.com/wp-content/uploads/2022/11/additional-html-options.png"
                }
            ]
        },
        {
            "subtitle": "Adding Media to the Content Field",
            "content": [
                {
                    "text": "To add media to the Content field, such as an image or video, click the Add Media button located above the editor."
                },
                {
                    "image_link": "https://wpforms.com/wp-content/uploads/2022/11/click-add-media-button.png"
                },
                {
                    "text": "Next, an overlay will appear that shows options for uploading new files or selecting existing ones from the WordPress Media Library."
                },
                {
                    "text": "For our example, we'll select an image that we've already added to the WordPress Media Library. To do this, click the Media Library tab."
                },
                {
                    "image_link": "https://wpforms.com/wp-content/uploads/2022/11/cllick-media-library-tab.png"
                },
                {
                    "text": "Go ahead and select an image and click the Insert into form button."
                },
                {
                    "image_link": "https://wpforms.com/wp-content/uploads/2022/11/click-insert-into-form-button.png"
                },
                {
                    "text": "You should now see the image in the text area of the Content field editor. If you're using the visual editor, you'll see a preview of what the image looks like."
                },
                {
                    "image_link": "https://wpforms.com/wp-content/uploads/2022/11/media-added-to-visual-editor.png"
                },
                {
                    "text": "If you switch to the text editor, you'll see the HTML for the image."
                },
                {
                    "image_link": "https://wpforms.com/wp-content/uploads/2022/11/html-for-image-in-text-editor.png"
                }
            ]
        },
        {
            "subtitle": "Previewing Your Content in the Form Builder",
            "content": [
                {
                    "text": "The Content field has a neat feature that allows you to preview what your content will look like right in the form builder."
                },
                {
                    "text": "To preview the content you've added to your form, simply click the Update Preview button."
                },
                {
                    "image_link": "https://wpforms.com/wp-content/uploads/2022/11/click-update-preview-button.png"
                },
                {
                    "text": "On the right side of the form builder, you'll now see a preview of how the content is displayed in your form."
                },
                {
                    "image_link": "https://wpforms.com/wp-content/uploads/2022/11/preview-content-field-in-form-builder.png"
                },
                {
                    "text": "Note: Clicking the Update Preview button doesn't save the content to your form. To save the content and any other changes you've made to your form, you'll need to click the Save button located at the top of the form builder."
                }
            ]
        },
        {
            "subtitle": "Saving and Previewing Your Form",
            "content": [
                {
                    "text": "Once you've added your content and formatted it the way you like, it's time to save and preview your form."
                },
                {
                    "text": "To save any changes you've made to your form, click the Save button located at the top of the form builder."
                },
                {
                    "image_link": "https://wpforms.com/wp-content/uploads/2022/10/Save-Your-Form-settings.png"
                },
                {
                    "text": "After saving your form, click the Preview button."
                },
                {
                    "image_link": "https://wpforms.com/wp-content/uploads/2022/11/click-preview-button.png"
                },
                {
                    "text": "A new page will open in your browser with a preview of how your form looks on the frontend of your site."
                },
                {
                    "image_link": "https://wpforms.com/wp-content/uploads/2022/11/content-field-form-preview.png"
                }
            ]
        },
        {
            "subtitle": "Frequently Asked Questions",
            "content": [
                {
                    "text": "Below are some of the most common questions we receive about the Content field."
                }
            ]
        },
        {
            "subtitle": "Why does my content disappear after I save my form?",
            "content": [
                {
                    "text": "If your content loses its formatting or disappears completely after you save your form, it's likely because your WordPress user role doesn't have the unfiltered_html capability enabled. If this capability is disabled, users cannot post HTML markup in pages, posts, comments, or widgets, including forms. This is to help prevent users from posting potentially malicious code."
                },
                {
                    "url": "https://wordpress.org/support/article/roles-and-capabilities/#roles"
                },
                {
                    "url": "https://wordpress.org/support/article/roles-and-capabilities/#unfiltered_html"
                },
                {
                    "text": "To fix this issue, you'll need to enable the unfiltered_html capability or reach out to your site's administrator so they can enable it for you."
                }
            ]
        },
        {
            "subtitle": "Why is the content not included in notification emails?",
            "content": [
                {
                    "text": "By default, non-input fields like the Content field and Page Breaks are excluded from email notifications. However, you can update the default behavior to include them in your email notifications. Please see our tutorial on including non-input fields in notification emails if you'd like to learn how."
                },
                {
                    "url": "https://wpforms.com/developers/include-page-break-section-divider-and-html-fields-in-notifications/"
                },
                {
                    "text": "That's it! Now you know how to use the Content field in WPForms."
                },
                {
                    "text": "Next, want to learn how to include file attachments in form notification emails? Be sure to check out our guide to file upload attachments for all the details."
                },
                {
                    "url": "https://wpforms.com/docs/attaching-files-to-form-notification-emails"
                }
            ]
        }
    ],
    "section": "Documentation",
    "category": "Field Types"
}