{
    "product_name": "WPForms",
    "document_id": 30,
    "document_name": "wpforms_mailcheck_domains",
    "document_url": "https://wpforms.com/developers/wpforms_mailcheck_domains/",
    "author": null,
    "reviewer": null,
    "date": null,
    "version": "1.0",
    "title": "wpforms_mailcheck_domains",
    "content": [
        {
            "subtitle": "Description",
            "content": [
                {
                    "text": "The wpforms_mailcheck_domains filter is used for adding additional domains inside the email suggestion on the WPForms Email form field."
                }
            ]
        },
        {
            "subtitle": "Parameters",
            "content": [
                {
                    "text": "$domains: (array)Array of domain suggestions for theEmailform field."
                }
            ]
        },
        {
            "subtitle": "Source",
            "content": [
                {
                    "text": "wpforms/src/Frontend/Frontend.php"
                }
            ]
        },
        {
            "subtitle": "More Information",
            "content": [
                {
                    "text": "The wpforms_mailcheck_domains is an array used for the email suggestion on the Email form field."
                }
            ]
        },
        {
            "subtitle": "Example",
            "content": [
                {
                    "code": "\n/**\n * List of domains for email suggestion.\n *\n * @link    https://wpforms.com/developers/wpforms_mailcheck_domains/\n *\n * @param   array   $domains  Array of domains for email suggestion.\n * @return  array\n */\n\nfunction wpf_dev_mailcheck_domains( $domains ) {\n \n    $domains[] = \"domain.com\";\n \n    return $domains;\n}\n \nadd_filter( 'wpforms_mailcheck_domains', 'wpf_dev_mailcheck_domains', 10, 1 );\n\n\n"
                }
            ]
        },
        {
            "subtitle": "Reference Articles",
            "content": [
                {
                    "text": "How to Add Domains to the Email Suggestion List"
                },
                {
                    "url": "https://wpforms.com/developers/how-to-add-domains-to-the-email-suggestion-list/"
                }
            ]
        }
    ],
    "section": "Developers",
    "category": "Filters Hooks"
}