{
    "product_name": "WPForms",
    "document_id": 606,
    "document_name": "How to Create Additional Formats for the Date Field",
    "document_url": "https://wpforms.com/developers/how-to-create-additional-formats-for-the-date-field/",
    "author": "Editorial Team",
    "reviewer": "Molly Tyler",
    "date": "Updated: May 29, 2024, 16:36 PM",
    "version": "1.0",
    "title": "How to Create Additional Formats for the Date Field",
    "content": [
        {
            "subtitle": "Creating additional formats",
            "content": [
                {
                    "text": "To begin, we're going to add this snippet to our site. If you need help with how to add snippets to your site, please check out this tutorial ."
                },
                {
                    "url": "https://wpforms.com/developers/how-to-add-custom-php-or-javascript-for-wpforms/"
                },
                {
                    "code": "\n/**\n * Add additional formats for the Date field Date Picker.\n *\n * @link   https://wpforms.com/developers/how-to-create-additional-formats-for-the-date-field/\n */\n\nfunction wpf_dev_date_field_formats( $formats ) {\n\n\t// Item key is JS date character - see https://flatpickr.js.org/formatting/\n\t// Item value is in PHP format - see http://php.net/manual/en/function.date.php\n\n\t// Adds new format Monday, 20th December 2021\n\t$formats[ 'l, J F Y' ] = 'l, jS F Y';\n\n\treturn $formats;\n}\n\nadd_filter( 'wpforms_datetime_date_formats', 'wpf_dev_date_field_formats', 10, 1 );\n"
                },
                {
                    "text": "This date format will allow us to enter the full date in a longer format Monday, 20th December 2021 . To find more formats such as this, please see all the functions available with the date format ."
                },
                {
                    "url": "https://www.php.net/manual/en/function.date.php"
                },
                {
                    "text": "All dates are also converted and stored in a UNIX timestamp (in addition to the readable format). Depending on the date format, it could affect the ability of PHP to create the UNIX timestamp correctly. In most cases, this is not an issue, but still worth noting."
                }
            ]
        },
        {
            "subtitle": "Creating the form",
            "content": [
                {
                    "text": "Next, we're going to create our form and add our fields. This will include one Date / Time form field."
                },
                {
                    "text": "If you need any assistance in creating a form, please see this documentation ."
                },
                {
                    "url": "https://wpforms.com/docs/creating-first-form/"
                },
                {
                    "text": "Once you've added your Date / Time form field, click on the Field Options tab and select Advanced to select the Format and select your new format."
                },
                {
                    "image_link": "https://wpforms.com/wp-content/uploads/2019/10/wpforms-additional-date-format.jpg"
                },
                {
                    "text": "And that's all you need to create additional date formats for your Date field Date Picker . Would you like to customize the Time Picker as well? Please review our tutorial on How to Customize the Date Time Field Time Picker ."
                },
                {
                    "url": "https://wpforms.com/developers/customize-the-date-time-field-time-picker/"
                }
            ]
        },
        {
            "subtitle": "Reference Filter",
            "content": [
                {
                    "text": "Filter Reference: wpforms_datetime_date_formats"
                },
                {
                    "url": "https://wpforms.com/developers/wpforms_datetime_date_formats/"
                }
            ]
        },
        {
            "subtitle": "FAQ",
            "content": []
        },
        {
            "subtitle": "Q: How can I change the separator?",
            "content": [
                {
                    "text": "A: If you would like to change the date from a / to - , use this snippet."
                },
                {
                    "code": "\n/**\n * Add additional formats for the Date field Date Picker.\n *\n * @link   https://wpforms.com/developers/how-to-create-additional-formats-for-the-date-field/\n */\n\nfunction wpf_dev_date_field_formats( $formats ) {\n \n // Item key is JS date character - see https://flatpickr.js.org/formatting/\n // Item value is in PHP format - see http://php.net/manual/en/function.date.php\n \n // Adds new format 24-07-2021\n $formats[ 'j-m-y' ] = 'j-m-y';\n \n return $formats;\n}\nadd_filter( 'wpforms_datetime_date_formats', 'wpf_dev_date_field_formats', 10, 1 );\n"
                },
                {
                    "text": "Any change for the date format will also affect how the entry is stored and exported."
                }
            ]
        },
        {
            "subtitle": "Q: Can I place a word in the middle of this format?",
            "content": [
                {
                    "text": "A: To produce a date format such as Monday, 20th of December 2021 , you'd need to escape the word with a slash (\\) . You would use this snippet."
                },
                {
                    "code": "\n/**\n * Add additional formats for the Date field Date Picker.\n *\n * @link   https://wpforms.com/developers/how-to-create-additional-formats-for-the-date-field/\n */\n\nfunction wpf_dev_date_field_formats( $formats ) {\n \n    // Item key is JS date character - see https://flatpickr.js.org/formatting/\n    // Item value is in PHP format - see http://php.net/manual/en/function.date.php\n \n    // Adds new format Monday, 20th of December 2021\n    $formats[ 'l, J \\of F Y' ] = 'l, jS \\of F Y';\n \n    return $formats;\n}\n \nadd_filter( 'wpforms_datetime_date_formats', 'wpf_dev_date_field_formats', 10, 1 );\n"
                }
            ]
        }
    ],
    "section": "Developers",
    "category": "Fields"
}