{
    "product_name": "WPForms",
    "document_id": 180,
    "document_name": "How to Center a Form",
    "document_url": "https://wpforms.com/developers/how-to-center-a-form/",
    "author": "Editorial Team",
    "reviewer": "Dimitris Mitsis",
    "date": "Updated: Aug 3, 2024, 01:28 AM",
    "version": "1.0",
    "title": "How to Center a Form",
    "content": [
        {
            "subtitle": "Creating your form",
            "content": [
                {
                    "text": "First, you'll need to create your form. If you need any help with this, you can always review this documentation for assistance ."
                },
                {
                    "url": "https://wpforms.com/docs/creating-first-form/"
                },
                {
                    "text": "Once you've created your form and added your fields, you'll need to set each Field Size to Large . To set the Field Size just click the Advanced tab and select Large from the Field Size dropdown."
                },
                {
                    "image_link": "https://wpforms.com/wp-content/uploads/2020/11/wpforms-set-field-size.jpg 1276w, https://wpforms.com/wp-content/uploads/2020/11/wpforms-set-field-size-300x188.jpg 300w, https://wpforms.com/wp-content/uploads/2020/11/wpforms-set-field-size-1024x640.jpg 1024w, https://wpforms.com/wp-content/uploads/2020/11/wpforms-set-field-size-768x480.jpg 768w"
                }
            ]
        },
        {
            "subtitle": "Adding the CSS Class",
            "content": [
                {
                    "text": "In the form builder, you'll need to go to Settings \" General . In the field labeled Form CSS Class , add wpf-center ."
                },
                {
                    "image_link": "https://wpforms.com/wp-content/uploads/2020/11/wpforms-add-class-name-center-form.jpg 1116w, https://wpforms.com/wp-content/uploads/2020/11/wpforms-add-class-name-center-form-300x138.jpg 300w, https://wpforms.com/wp-content/uploads/2020/11/wpforms-add-class-name-center-form-1024x472.jpg 1024w, https://wpforms.com/wp-content/uploads/2020/11/wpforms-add-class-name-center-form-768x354.jpg 768w"
                },
                {
                    "text": "It's important to not skip this step. Without adding the class name, the CSS applied to the site in the next step won't be applied."
                }
            ]
        },
        {
            "subtitle": "Centering the form",
            "content": [
                {
                    "text": "And finally, we now just need to add the CSS to our site that will center a form."
                },
                {
                    "text": "For help adding CSS to your site, please have a look at this tutorial."
                },
                {
                    "url": "https://wpforms.com/developers/how-to-add-custom-css-styles-for-wpforms/"
                },
                {
                    "code": "\n.wpforms-container.wpf-center {\nmargin: 0 auto !important;\n/* Adjust the width in the next 2 lines as your site needs */\nmax-width: 500px !important;\nwidth: 500px !important;\n}\n\n/* Readjust the form width for smaller devices */\n@media only screen and (max-width: 600px) {\n\n.wpforms-container.wpf-center {\n/* Reset the width for devices under 600px */\nmax-width: unset !important;\nwidth: auto !important;\n}\n\n}\n"
                },
                {
                    "text": "The CSS is using a max-width of 500px for the form, this means the form will never be any wider than 500px . You can certainly play with this amount until you find the one that meets your needs."
                },
                {
                    "text": "But also note in the CSS, we are resetting the CSS back to auto on smaller devices so that anyone viewing the form on a mobile device will still see the centering but we're letting the screen determine the width of the form."
                },
                {
                    "text": "The margin: 0 auto !important; CSS rule is standard when wanting to center any block element on a page with CSS."
                }
            ]
        },
        {
            "subtitle": "Centering all the elements on the form",
            "content": [
                {
                    "text": "That will style just the form elements only. If you'd like to style things like the submit button, labels, form titles, descriptions, and the like, use this complete CSS."
                },
                {
                    "code": "\n/* This centers the form elements only */\n.wpforms-container.wpf-center {\nmargin: 0 auto !important;\n/* Adjust the width in the next 2 lines as your site needs */\nmax-width: 500px !important;\nwidth: 500px !important;\n}\n\n/* This centers the submit button and makes it fullwidth*/\n.wpf-center .wpforms-submit-container  {\ndisplay: inline-block;\ntext-align: center;\nwidth: 100% !important;\n}\n\n/* This centers all pagebreak elements and makes it fullwidth */\n.wpf-center .wpforms-field-pagebreak  {\ndisplay: inline-block;\ntext-align: center;\nwidth: 100% !important;\n}\n\n.wpf-center .wpforms-pagebreak-left .wpforms-page-button:before,.wpf-center .wpforms-pagebreak-left .wpforms-page-button:after {\ncontent: none;\n}\n\n/* This styles all labels, field descriptions, form titles, and form descriptions */\n.wpf-center .wpforms-title,\n.wpf-center .wpforms-description,\n.wpf-center .wpforms-field-label,\n.wpf-center .wpforms-field-sublabel,\n.wpf-center .wpforms-field-description {\ntext-align: center;\n}\n\n/* Readjust the form width for smaller devices */\n@media only screen and (max-width: 600px) {\n\n.wpforms-container.wpf-center {\n/* Reset the width for devices under 600px */\nmax-width: unset !important;\nwidth: auto !important;\n}\n\n}\n"
                },
                {
                    "text": "And that's all you need to center your form. Would you like to be able to change the submit button color on your forms? Take a look at our article on How to Change the Submit Button Color ."
                },
                {
                    "url": "https://wpforms.com/developers/how-to-change-the-submit-button-color/"
                }
            ]
        },
        {
            "subtitle": "FAQ",
            "content": []
        },
        {
            "subtitle": "Q: Why is the CSS not working for me?",
            "content": [
                {
                    "text": "A: Please make sure you've added the CSS Class name as mentioned above. Without this step completed, the CSS will not be applied and the form will not be centered."
                }
            ]
        },
        {
            "subtitle": "Q: How do I center just the Submit button?",
            "content": [
                {
                    "text": "A: By default, the CSS will also center the button as well as the fields, but if you only want to center the button only, you'll still need to add a class name to the Form CSS Class but this time we're going to use wpf-center-button instead of the class mentioned in the previous steps."
                },
                {
                    "image_link": "https://wpforms.com/wp-content/uploads/2020/11/wpforms-center-button.jpg"
                },
                {
                    "text": "Next, add this CSS to your site."
                },
                {
                    "text": "/* This centers the submit button */ .wpforms-container.wpf-center .wpforms-submit-container { text-align: center; }"
                },
                {
                    "text": "Once the CSS is added, you'll notice that the button is now centered to the form."
                }
            ]
        }
    ],
    "section": "Developers",
    "category": "Styling"
}