{
    "product_name": "WPForms",
    "document_id": 385,
    "document_name": "How to Block Form Submissions Containing Profanity",
    "document_url": "https://wpforms.com/developers/how-to-block-form-submissions-containing-profanity/",
    "author": "Editorial Team",
    "reviewer": "Molly Tyler",
    "date": "Updated: Mar 14, 2024, 12:16 PM",
    "version": "1.0",
    "title": "How to Block Form Submissions Containing Profanity",
    "content": [
        {
            "subtitle": "Creating your form",
            "content": [
                {
                    "text": "First, you'll need to create a new form and add either a Paragraph Text or a Single Line Text ."
                },
                {
                    "text": "If you need any help in creating a form, please see this documentation ."
                },
                {
                    "url": "https://wpforms.com/docs/creating-first-form/"
                },
                {
                    "image_link": "https://wpforms.com/wp-content/uploads/2020/10/wpforms-create-new-form.jpg"
                }
            ]
        },
        {
            "subtitle": "Blocking submissions containing profanity",
            "content": [
                {
                    "text": "Next, come up with a list of words you want to add to your profanity filter. Once you've identified the words you want to block you'll need to add one of these snippets to your site. If you need any help in adding snippets to your site, please see this documentation ."
                },
                {
                    "url": "https://wpforms.com/developers/how-to-add-custom-php-or-javascript-for-wpforms/"
                },
                {
                    "text": "You'll just add each word to your $blocked_words separated by a comma."
                }
            ]
        },
        {
            "subtitle": "Paragraph Text Form Field",
            "content": [
                {
                    "code": "\n/**\n * Prevent profanity words from Paragraph Text form fields.\n *\n * @link https://wpforms.com/developers/how-to-block-form-submissions-containing-profanity/\n */\n\nfunction wpf_dev_profanity_filter_paragraph( $field_id, $field_submit, $form_data ) {\n\n        // Create your list of profanity words separated by commas\n\t$blocked_words = array( \n\t\t'badword1', \n\t\t'badword2'\n\t);\n\n    foreach( $blocked_words as $word ) {\n        if(strpos($field_submit, $word) !== FALSE ) {\n            wpforms()->process->errors[ $form_data[ 'id' ] ][ $field_id ] = esc_html__( 'No profanity allowed.', 'plugin-domain' );\n            return;\n        }\n    }\n\n}\n\nadd_action( 'wpforms_process_validate_textarea', 'wpf_dev_profanity_filter_paragraph', 10, 3 );\n\n"
                },
                {
                    "image_link": "https://wpforms.com/wp-content/uploads/2020/10/wpforms-prevent-profanity-paragraph-text.jpg"
                }
            ]
        },
        {
            "subtitle": "Single Line Text Form Field",
            "content": [
                {
                    "code": "\n/**\n * Prevent profanity words from Single Line Text form fields.\n *\n * @link https://wpforms.com/developers/how-to-block-form-submissions-containing-profanity/\n */\n\nfunction wpf_dev_profanity_filter_single_text( $field_id, $field_submit, $form_data ) {\n\n        // Create your list of profanity words separated by commas\n\t$blocked_words = array( \n\t\t'badword1', \n\t\t'badword2'\n\t);\n\n    foreach( $blocked_words as $word ) {\n        if(strpos($field_submit, $word) !== FALSE ) {\n            wpforms()->process->errors[ $form_data[ 'id' ] ][ $field_id ] = esc_html__( 'No profanity allowed.', 'plugin-domain' );\n            return;\n        }\n    }\n\n}\n\nadd_action( 'wpforms_process_validate_text', 'wpf_dev_profanity_filter_single_text', 10, 3 );\n\n"
                }
            ]
        },
        {
            "subtitle": "Rich Text Form Field",
            "content": [
                {
                    "code": "\n/**\n * Prevent profanity words from Rich Text form fields.\n *\n * @link https://wpforms.com/developers/how-to-block-form-submissions-containing-profanity/\n */\n\nfunction wpf_dev_profanity_filter_rich_text( $field_id, $field_submit, $form_data ) {\n\n        // Create your list of profanity words separated by commas\n\t$blocked_words = array( \n\t\t'badword1', \n\t\t'badword2'\n\t);\n\n    foreach( $blocked_words as $word ) {\n        if(strpos($field_submit, $word) !== FALSE ) {\n            wpforms()->process->errors[ $form_data[ 'id' ] ][ $field_id ] = esc_html__( 'No profanity allowed.', 'plugin-domain' );\n            return;\n        }\n    }\n\n}\n\nadd_action( 'wpforms_process_validate_richtext', 'wpf_dev_profanity_filter_rich_text', 10, 3 );\n\n"
                },
                {
                    "text": "And that's it! You've now created and implemented a profanity filter for your Single Line and Paragraph Text form fields. Would you like to block URLs from being entered into your form? Check out our tutorial on How to Block URLs Inside the Form Fields."
                },
                {
                    "url": "https://wpforms.com/developers/how-to-block-urls-inside-the-form-fields/"
                }
            ]
        },
        {
            "subtitle": "Reference Actions",
            "content": [
                {
                    "text": "wpforms_process_validate_textarea"
                },
                {
                    "text": "wpforms_process_validate_text"
                },
                {
                    "text": "wpforms_process_validate_richtext"
                },
                {
                    "url": "https://wpforms.com/developers/wpforms_process_validate_textarea/"
                },
                {
                    "url": "https://wpforms.com/developers/wpforms_process_validate_text/"
                },
                {
                    "url": "https://wpforms.com/developers/wpforms_process_validate_richtext/"
                }
            ]
        }
    ],
    "section": "Developers",
    "category": "Fields"
}