{
    "product_name": "WPForms",
    "document_id": 315,
    "document_name": "Adding a Date and Time Stamp to Entries",
    "document_url": "https://wpforms.com/docs/how-to-add-a-date-time-stamp-to-wpforms-entries/",
    "author": "David Ozokoye",
    "reviewer": "Claire Broadley",
    "date": "Updated: Oct 21, 2024",
    "version": "1.0",
    "title": "Adding a Date and Time Stamp to Entries",
    "content": [
        {
            "subtitle": "Checking Built-In Date and Time Stamps",
            "content": [
                {
                    "text": "There are several built-in ways that WPForms keeps track of when entries are submitted: within your Entries Overview page, within each of your individual entries, and through exporting entries. We'll go over each of these options below:"
                }
            ]
        },
        {
            "subtitle": "Entries Overview",
            "content": [
                {
                    "text": "By default, every entry in your Entries Overview will save the date and time it was submitted."
                },
                {
                    "text": "To view this information, first navigate to WPForms \" Entries . Then, click on the name of the form you'd like to view entry data for."
                },
                {
                    "image_link": "https://wpforms.com/wp-content/uploads/2021/08/Entries-overview-1.png"
                },
                {
                    "text": "Once you've opened this up, you'll be able to see the submission date and time for every submission."
                },
                {
                    "image_link": "https://wpforms.com/wp-content/uploads/2023/11/Date-time-stamp-in-entry-overview-1.png"
                }
            ]
        },
        {
            "subtitle": "Individual Entries",
            "content": [
                {
                    "text": "By default, each individual entry will store the date and time that it was submitted."
                },
                {
                    "text": "You can view the data for an individual entry by clicking the View button from the entry overview ."
                },
                {
                    "url": "#entries-overview"
                },
                {
                    "image_link": "https://wpforms.com/wp-content/uploads/2023/11/click-to-view-individual-entry.png"
                },
                {
                    "text": "From there, you can view a submission's date and time data in the Entry Details box."
                },
                {
                    "image_link": "https://wpforms.com/wp-content/uploads/2023/11/Individual-entry-date-time-stamp-2.png"
                }
            ]
        },
        {
            "subtitle": "Exporting Entries",
            "content": [
                {
                    "text": "You can also include a date stamp when exporting your entries ."
                },
                {
                    "url": "https://wpforms.com/docs/how-to-export-form-entries-to-csv-in-wpforms/"
                },
                {
                    "text": "After selecting which form's entries you'd like to export, you can add entry date information under the Additional Information section."
                },
                {
                    "image_link": "https://wpforms.com/wp-content/uploads/2021/09/Export-entries-with-entry-date.png"
                }
            ]
        },
        {
            "subtitle": "Adding Additional Date and Time Stamps",
            "content": [
                {
                    "text": "You can add additional date and time stamps through the use of a Hidden Field, or by configuring the form notification settings. We'll go over each of these options below:"
                }
            ]
        },
        {
            "subtitle": "Hidden Field",
            "content": [
                {
                    "text": "Using a Hidden Field is a quick and easy way to capture the date an entry was submitted. To do this, you'll first need to add a Hidden Field to your form. Then, click on the field to open up its settings."
                },
                {
                    "image_link": "https://wpforms.com/wp-content/uploads/2021/09/Add-a-hidden-field.png"
                },
                {
                    "text": "Then, next to the Default Value field, click on Show Smart Tags ."
                },
                {
                    "image_link": "https://wpforms.com/wp-content/uploads/2021/09/Click-show-smart-tags-1.png"
                },
                {
                    "text": "This will open up a list of possible Smart Tags you can add to this field. Select the Date Smart Tag to add it to your Hidden Field."
                },
                {
                    "image_link": "https://wpforms.com/wp-content/uploads/2021/09/Hidden-field-date-smart-tag.png"
                },
                {
                    "text": "The Date Smart Tag will now appear in the Default Value field in the following format: {date format=\"m/d/Y\"} ."
                },
                {
                    "image_link": "https://wpforms.com/wp-content/uploads/2021/09/Default-date-value-for-hidden-field.png"
                },
                {
                    "text": "If you'd like to also include a time stamp, you can change the {date format=\"m/d/Y\"} Smart Tag to the following format: {date format=\"m/d/Y h:i:s A\"} ."
                },
                {
                    "text": "Note: If you'd like to use alternative PHP parameters, refer to our developer guide on using PHP date and time formats in WPForms ."
                },
                {
                    "url": "https://wpforms.com/developers/how-to-use-php-date-and-time-formats-in-wpforms/"
                },
                {
                    "image_link": "https://wpforms.com/wp-content/uploads/2021/09/Default-date-time-value-for-hidden-field.png"
                },
                {
                    "text": "Once you've added this, you can view the submission date and time information in your entries area. This information is also included in your email notifications by default."
                },
                {
                    "text": "Note: If you were already using the form on your site before adding the Hidden Field, only future entries will include date information in the Hidden Field."
                }
            ]
        },
        {
            "subtitle": "Notification Settings",
            "content": [
                {
                    "text": "You can also add a date stamp directly into your email notifications . To set this up, click on the Show Smart Tags option above the message body."
                },
                {
                    "url": "https://wpforms.com/docs/setup-form-notification-wpforms/#basic-setup"
                },
                {
                    "image_link": "https://wpforms.com/wp-content/uploads/2021/09/Show-smart-tags-in-email-notification.png"
                },
                {
                    "text": "Then, click the Date Smart Tag to add it to your email notification."
                },
                {
                    "image_link": "https://wpforms.com/wp-content/uploads/2021/09/Select-date-smart-tag.png"
                },
                {
                    "text": "Once you've added it to the email notification, you'll see the {date format=\"m/d/Y\"} Smart Tag next to {all_fields} ."
                },
                {
                    "image_link": "https://wpforms.com/wp-content/uploads/2021/09/Date-format-in-email-notification.png"
                },
                {
                    "text": "Here's an example of how your email notification might look with the Date Smart Tag added:"
                },
                {
                    "image_link": "https://wpforms.com/wp-content/uploads/2021/09/Email-notification-with-date-stamp.png"
                },
                {
                    "text": "That's it! We hope this helped to familiarize you with some of the ways to add a date and time stamp to WPForms."
                },
                {
                    "text": "Next, would you like to export your forms from your current site and import them to another? Be sure to check out our guide on importing and exporting your WordPress forms."
                },
                {
                    "url": "https://wpforms.com/docs/how-to-import-and-export-wpforms/"
                }
            ]
        }
    ],
    "section": "Documentation",
    "category": "Entry Management"
}