{
    "product_name": "WPForms",
    "document_id": 171,
    "document_name": "wpforms_dynamic_choice_post_type_args",
    "document_url": "https://wpforms.com/developers/wpforms_dynamic_choice_post_type_args/",
    "author": null,
    "reviewer": null,
    "date": null,
    "version": "1.0",
    "title": "wpforms_dynamic_choice_post_type_args",
    "content": [
        {
            "subtitle": "Description",
            "content": [
                {
                    "text": "The wpforms_dynamic_choice_post_type_args filter is used to populate the Dynamic Choices for post types and taxonomies."
                }
            ]
        },
        {
            "subtitle": "Parameters",
            "content": [
                {
                    "text": "$args: (array) (Required)Arguments from the post submission such as Category ID, Tag ID, Author ID, etc."
                },
                {
                    "text": "$field: (array)Sanitized entry field values/properties."
                },
                {
                    "text": "$form_id: (int)Form ID."
                }
            ]
        },
        {
            "subtitle": "Source",
            "content": [
                {
                    "text": "wpforms/includes/functions/form-fields.php"
                }
            ]
        },
        {
            "subtitle": "More Information",
            "content": [
                {
                    "text": "The wpforms_dynamic_choice_post_type_args filter provides a list of supported arguments from the post such as Category. Similarly, you can also use the wpforms_dynamic_choice_taxonomy_args to pull arguments from the taxonomy of Tags ."
                },
                {
                    "text": "In this example shown below, the function will process on form ID 789 for field ID 10 and only include posts from the category 11 ."
                }
            ]
        },
        {
            "subtitle": "Examples",
            "content": [
                {
                    "code": "\n/**\n * Limit posts or pages displayed by category.\n *\n * @link https://wpforms.com/developers/wpforms_dynamic_choice_post_type_args\n *\n * @param array $args       Arguments from post submission.     \n * @param array $field      Sanitized field data. \n * @param int   $form_id    Form ID\n *\n * @return $args\n */\n\nfunction wpf_dev_dynamic_choices_categories( $args, $field, $form_id ) {\n    \n     // Only on form #789 and field #10\n     if ( $form_data[ 'id' ] == 789 && $field[ 'id' ] == 10 ) {\n\n         $args[ 'category' ] = '11';\t\t \n    \n     }\n\t\n     return $args;\n}\n\nadd_filter( 'wpforms_dynamic_choice_post_type_args', 'wpf_dev_dynamic_choices_categories', 10, 3 );\n"
                }
            ]
        },
        {
            "subtitle": "Reference Articles",
            "content": [
                {
                    "text": "How to Exclude Posts, Pages or Categories From Dynamic Choices"
                },
                {
                    "url": "https://wpforms.com/developers/how-to-exclude-posts-pages-or-categories-from-dynamic-choices/"
                }
            ]
        },
        {
            "subtitle": "FAQ",
            "content": []
        },
        {
            "subtitle": "Q: How can I show only the child categories?",
            "content": [
                {
                    "text": "A: To display child categories in your form, you need to include both the parent category ID and the child category IDs. This is because the current functionality requires that the parent category is specified to correctly fetch and display its child categories."
                },
                {
                    "code": "\n/**\n * Limit posts or pages displayed by category.\n *\n * @link https://wpforms.com/developers/wpforms_dynamic_choice_post_type_args\n *\n * @param array $args   Arguments for post submission.     \n * @param array $field  Sanitized field data. \n * @param int   $form_id Form ID\n *\n * @return array Updated arguments\n */\n\nfunction wpf_dev_dynamic_choices_include( $args, $field, $form_id ) {\n    // Ensure form ID is correctly handled\n    if ( is_array( $form_id ) ) {\n        $form_id = $form_id[ 'id' ];\n    }\n\n    // Apply only to specific form and field IDs\n    if ( $form_id == 122 && $field[ 'id' ] == 11 ) {\n        // Include category IDs - 87 is the parent; 88 and 89 are child categories\n        $args['include'] = '87,88,89';\n    }\n\n    return $args;\n}\nadd_filter( 'wpforms_dynamic_choice_taxonomy_args', 'wpf_dev_dynamic_choices_include', 10, 3 );\n\n"
                },
                {
                    "text": "This snippet ensures that both the parent category (ID 87) and its child categories (IDs 88 and 89) are included in the dynamic choices."
                }
            ]
        }
    ],
    "section": "Developers",
    "category": "Filters Hooks"
}