{
    "product_name": "WPForms",
    "document_id": 509,
    "document_name": "Creating Multi-Column Form Layouts With CSS Classes",
    "document_url": "https://wpforms.com/docs/how-to-create-multi-column-form-layouts-in-wpforms/",
    "author": "Umair Majeed",
    "reviewer": "David Ozokoye",
    "date": "Updated: Sep 9, 2024",
    "version": "1.0",
    "title": "Creating Multi-Column Form Layouts With CSS Classes",
    "content": [
        {
            "subtitle": "Creating Multi-Column Forms With Visual Layouts",
            "content": [
                {
                    "text": "WPForms includes a visual layout tool that enables you to create multiple columns without code."
                },
                {
                    "text": "To access this tool, click on any field in the builder to open its Field Options panel. Then click on the Advanced tab."
                },
                {
                    "image_link": "https://wpforms.com/wp-content/uploads/2018/06/open-field-options-advanced.png"
                },
                {
                    "text": "Open the visual layouts tool by clicking Show Layouts next to the CSS Classes option."
                },
                {
                    "image_link": "https://wpforms.com/wp-content/uploads/2018/06/show-visual-layouts-tool.png"
                },
                {
                    "text": "This will reveal several pre-made layout options that you can use in your form."
                },
                {
                    "image_link": "https://wpforms.com/wp-content/uploads/2018/06/WPForms-multi-column-layouts-options.png"
                },
                {
                    "text": "Note: The Show Layouts option is only available to WPForms Lite users. If you're using the WPForms Pro plugin, you'll be required to use the Layout field to create multi-column form fields."
                },
                {
                    "url": "https://wpforms.com/docs/how-to-use-the-layout-field-in-wpforms/"
                },
                {
                    "text": "For our example, we want our Name and Email fields to appear next to each other, and for each to take up half of the form's width. To create this layout, we'll select the option that shows two evenly sized boxes."
                },
                {
                    "image_link": "https://wpforms.com/wp-content/uploads/2018/06/select-two-column-layout-1.png"
                },
                {
                    "text": "Once we select this layout, we need to choose which column we want this particular field to appear in. Since our Name field is first in our form, we want it to appear in the left column."
                },
                {
                    "image_link": "https://wpforms.com/wp-content/uploads/2018/06/select-two-column-first-field.png"
                },
                {
                    "text": "When you click on a column in the visual layouts tool, the corresponding classes are automatically added to the field's CSS Classes setting. The wpforms-one-half class tells the field to take up half of the available width, while the wpforms-first class tells the field that it needs to start a new row."
                },
                {
                    "image_link": "https://wpforms.com/wp-content/uploads/2018/06/multi-column-CSS-added-with-visual-layouts-tool.png"
                },
                {
                    "text": "Next, we need to carry out the same process for our Email field. However, we'll put it in the right column."
                },
                {
                    "image_link": "https://wpforms.com/wp-content/uploads/2018/06/adding-second-column-field.png"
                },
                {
                    "text": "When you're done adding your fields to your layout, be sure to save your changes in the form builder."
                },
                {
                    "text": "Here's how our multi-column layout example looks on the frontend of our site:"
                },
                {
                    "image_link": "https://wpforms.com/wp-content/uploads/2022/09/frontend-example-two-column-form.png"
                },
                {
                    "text": "Check out our Multi-Column Request a Quote Form Template that uses CSS classes to create a compact, multi-column layout."
                },
                {
                    "url": "https://wpforms.com/templates/multi-column-request-a-quote-form-template/"
                }
            ]
        },
        {
            "subtitle": "Adding Multi-Column CSS Classes Manually",
            "content": [
                {
                    "text": "If you'd prefer not to use the visual layouts tool, you can manually type CSS classes into the relevant field in the Advanced tab of the Field Options panel."
                },
                {
                    "text": "Here are all of the available CSS classes for multi-column layouts:"
                },
                {
                    "text": "wpforms-one-half"
                },
                {
                    "text": "wpforms-one-third"
                },
                {
                    "text": "wpforms-one-fourth"
                },
                {
                    "text": "wpforms-one-fifth"
                },
                {
                    "text": "wpforms-one-sixth"
                },
                {
                    "text": "wpforms-two-thirds"
                },
                {
                    "text": "wpforms-two-fourths"
                },
                {
                    "text": "wpforms-two-fifths"
                },
                {
                    "text": "wpforms-two-sixths"
                },
                {
                    "text": "wpforms-three-fourths"
                },
                {
                    "text": "wpforms-three-fifths"
                },
                {
                    "text": "wpforms-three-sixths"
                },
                {
                    "text": "wpforms-four-fifths"
                },
                {
                    "text": "wpforms-four-sixths"
                },
                {
                    "text": "wpforms-five-sixths"
                },
                {
                    "text": "The image below shows 3 different common multi-column layouts. The labels indicate which CSS classes were used from the list above."
                },
                {
                    "image_link": "https://wpforms.com/wp-content/uploads/2022/09/common-multi-column-layout-css-classes.png"
                },
                {
                    "text": "Note: The first field in each row in the image above also uses the wpforms-first class."
                },
                {
                    "text": "Note: The first field in each row in the image above also uses the wpforms-first class."
                }
            ]
        },
        {
            "subtitle": "Additional Notes for Using Multi-Column Layouts",
            "content": [
                {
                    "text": "When using column classes, there are a few important things to note:"
                },
                {
                    "text": "Columns do not apply in the form builder. They are only visible when viewing the form on the frontend of your site. Always test your forms before publishing them to make sure you're happy with their layouts."
                },
                {
                    "text": "The first field in each row must have the wpforms-first class in addition to its column class. This tells the plugin it's the first item and resets any previous columns in the form."
                },
                {
                    "text": "In most cases, when using column classes you should set the Field Size (also in the Advanced tab of the Field Options panel) to Large . This lets the field fill all available space in its column and keeps right and left spacing even against neighboring fields."
                },
                {
                    "url": "https://wpforms.com/docs/how-to-properly-test-your-wordpress-forms-before-launching-checklist/"
                },
                {
                    "image_link": "https://wpforms.com/wp-content/uploads/2018/06/change-multi-column-field-size-to-large.png"
                },
                {
                    "text": "If you use a multi-column layout with conditional fields , any fields that are conditionally shown will be aligned to the left. To keep these fields aligned according to your preferred layout, you can use this CSS snippet:"
                },
                {
                    "url": "https://wpforms.com/docs/how-to-use-conditional-logic-with-wpforms/"
                },
                {
                    "text": "Note: If you are unfamiliar with using CSS in WPForms, please check out our CSS guide for beginners and our doc on using custom classes with WPForms ."
                },
                {
                    "url": "https://wpforms.com/docs/how-to-style-wpforms-with-custom-css-beginners-guide/"
                },
                {
                    "url": "https://wpforms.com/docs/how-to-add-custom-css-to-your-wpforms/"
                }
            ]
        },
        {
            "subtitle": "Frequently Asked Questions",
            "content": [
                {
                    "text": "These are answers to some top questions about creating multi-column form layouts."
                }
            ]
        },
        {
            "subtitle": "Why is the multi-column layout not working when I preview my form?",
            "content": [
                {
                    "text": "If Modern Markup is enabled in your WPForms settings, the multi-column CSS classes won't work when you view your form in the frontend. To fix this issue, you'll need to disable Modern Markup."
                },
                {
                    "text": "Note: Disabling Modern Markup prevents you from styling forms in the block editor. We recommend using the Layout field to create multi-column form fields if you still want to style your form in the block editor."
                },
                {
                    "url": "https://wpforms.com/docs/how-to-use-the-layout-field-in-wpforms/"
                },
                {
                    "text": "For this, go to WPForms \" Settings and select the General tab."
                },
                {
                    "image_link": "https://wpforms.com/wp-content/uploads/2023/03/WPForms-General-Settings.png"
                },
                {
                    "text": "After that, scroll down and uncheck the Use Modern Markup option."
                },
                {
                    "image_link": "https://wpforms.com/wp-content/uploads/2023/02/use-modern-markup-style.png"
                },
                {
                    "text": "Be sure to save your changes once you're done."
                },
                {
                    "text": "Note: If you can't find the Modern Markup settings, you'll need to add a filter to force WPForms to show this option. Please see our form styling guide for more details."
                },
                {
                    "url": "https://wpforms.com/docs/styling-your-forms/#show-hide-modern-markup"
                },
                {
                    "text": "That's it! You can now optimize your forms with multi-column layouts."
                },
                {
                    "text": "Next, would you also like to make your forms look great on mobile devices? You can configure your form to have a multi-column layout that changes to display fields in a single column on mobile , so it's user-friendly on every device."
                },
                {
                    "url": "https://wpforms.com/docs/how-to-display-fields-in-a-single-column-on-mobile/"
                }
            ]
        }
    ],
    "section": "Documentation",
    "category": "Styling and Customization"
}