{
    "product_name": "WPForms",
    "document_id": 283,
    "document_name": "wpforms_address_schemes",
    "document_url": "https://wpforms.com/developers/wpforms_address_schemes/",
    "author": null,
    "reviewer": null,
    "date": null,
    "version": "1.0",
    "title": "wpforms_address_schemes",
    "content": [
        {
            "subtitle": "Description",
            "content": [
                {
                    "text": "The wpforms_address_schemes filter is used to populate the Address form field Scheme inside the form builder."
                }
            ]
        },
        {
            "subtitle": "Parameters",
            "content": [
                {
                    "text": "$schemes: (array) (Required)Determines whatSchemeswill populate in theAddressform field dropdown selection."
                }
            ]
        },
        {
            "subtitle": "Source",
            "content": [
                {
                    "text": "wpforms/pro/includes/fields/class-address.php"
                }
            ]
        },
        {
            "subtitle": "More Information",
            "content": [
                {
                    "text": "The wpforms_address_schemes filter is applied to the Scheme dropdown on the Address form field inside the form builder. You can easily create your own Address Scheme for your specific needs."
                }
            ]
        },
        {
            "subtitle": "Example",
            "content": [
                {
                    "code": "\n/**\n * Using the \n *\n * @link https://wpforms.com/developers/wpforms_address_schemes\n * \n * @param  array $schemes   List of address schemes.  \n *\n * @return array\n */\n\nfunction wpf_dev_new_address_scheme( $schemes ) {\n\n    $schemes[ 'custom' ] = array(\n        'label'          => 'Custom',\n        'address1_label' => 'Address Line 1',\n        'address2_label' => 'Address Line 2',\n        'city_label'     => 'City',\n        'postal_label'   => 'Postal Code',\n        'state_label'    => 'State / Province / Region',\n        'states'         => '',\n        'countries'      => array(\n            'AF' => 'Afghanistan',\n            'AX' => 'Aland Islands',\n            'AL' => 'Albania',\n            'DZ' => 'Algeria',\n            'AS' => 'American Samoa',\n            'AD' => 'Andorra',\n            'AO' => 'Angola',\n            'AI' => 'Anguilla',\n            'AQ' => 'Antarctica',\n            'AG' => 'Antigua and Barbuda',\n            'AR' => 'Argentina',\n            'AM' => 'Armenia',\n            'AW' => 'Aruba',\n            'AC' => 'Ascension Island',\n            'AU' => 'Australia',\n            'AT' => 'Austria',\n            'AZ' => 'Azerbaijan',\n            'BS' => 'Bahamas',\n            'BH' => 'Bahrain',\n            'BD' => 'Bangladesh',\n            'BB' => 'Barbados',\n            'BY' => 'Belarus',\n            'BE' => 'Belgium',\n            'BZ' => 'Belize',\n            'BJ' => 'Benin',\n            'BM' => 'Bermuda',\n            'BT' => 'Bhutan',\n            'BO' => 'Bolivia',\n            'BA' => 'Bosnia and Herzegovina',\n            'BW' => 'Botswana',\n            'BV' => 'Bouvet Island',\n            'BR' => 'Brazil',\n            'IO' => 'British Indian Ocean Territory',\n            'VG' => 'British Virgin Islands',\n            'BN' => 'Brunei',\n            'BG' => 'Bulgaria',\n            'BF' => 'Burkina Faso',\n            'BI' => 'Burundi',\n            'KH' => 'Cambodia',\n            'CM' => 'Cameroon',\n            'CA' => 'Canada',\n            'IC' => 'Canary Islands',\n            'CV' => 'Cape Verde',\n            'BQ' => 'Caribbean Netherlands',\n            'KY' => 'Cayman Islands',\n            'CF' => 'Central African Republic',\n            'EA' => 'Ceuta and Melilla',\n            'TD' => 'Chad',\n            'CL' => 'Chile',\n            'CN' => 'China',\n            'CX' => 'Christmas Island',\n            'CP' => 'Clipperton Island',\n            'CC' => 'Cocos (Keeling) Islands',\n            'CO' => 'Colombia',\n            'KM' => 'Comoros',\n            'CD' => 'Congo (DRC)',\n            'CG' => 'Congo (Republic)',\n            'CK' => 'Cook Islands',\n            'CR' => 'Costa Rica',\n            'CI' => 'C\u00f4te d\u2019Ivoire',\n            'HR' => 'Croatia',\n            'CU' => 'Cuba',\n            'CW' => 'Cura\u00e7ao',\n            'CY' => 'Cyprus',\n            'CZ' => 'Czech Republic',\n            'DK' => 'Denmark (Danmark)',\n            'DG' => 'Diego Garcia',\n            'DJ' => 'Djibouti',\n            'DM' => 'Dominica',\n            'DO' => 'Dominican Republic',\n            'EC' => 'Ecuador',\n            'EG' => 'Egypt',\n            'SV' => 'El Salvador',\n            'GQ' => 'Equatorial Guinea',\n            'ER' => 'Eritrea',\n            'EE' => 'Estonia',\n            'ET' => 'Ethiopia',\n            'FK' => 'Falkland Islands',\n            'FO' => 'Faroe Islands',\n            'FJ' => 'Fiji',\n            'FI' => 'Finland',\n            'FR' => 'France',\n            'GF' => 'French Guiana',\n            'PF' => 'French Polynesia',\n            'TF' => 'French Southern Territories',\n            'GA' => 'Gabon',\n            'GM' => 'Gambia',\n            'GE' => 'Georgia',\n            'DE' => 'Germany',\n            'GH' => 'Ghana',\n            'GI' => 'Gibraltar',\n            'GR' => 'Greece',\n            'GL' => 'Greenland',\n            'GD' => 'Grenada',\n            'GP' => 'Guadeloupe',\n            'GU' => 'Guam',\n            'GT' => 'Guatemala',\n            'GG' => 'Guernsey',\n            'GN' => 'Guinea',\n            'GW' => 'Guinea-Bissau',\n            'GY' => 'Guyana',\n            'HT' => 'Haiti',\n            'HM' => 'Heard & McDonald Islands',\n            'HN' => 'Honduras',\n            'HK' => 'Hong Kong',\n            'HU' => 'Hungary',\n            'IS' => 'Iceland',\n            'IN' => 'India',\n            'ID' => 'Indonesia',\n            'IR' => 'Iran',\n            'IQ' => 'Iraq',\n            'IE' => 'Ireland',\n            'IM' => 'Isle of Man',\n            'IL' => 'Israel',\n            'IT' => 'Italy',\n            'JM' => 'Jamaica',\n            'JP' => 'Japan',\n            'JE' => 'Jersey',\n            'JO' => 'Jordan',\n            'KZ' => 'Kazakhstan',\n            'KE' => 'Kenya',\n            'KI' => 'Kiribati',\n            'XK' => 'Kosovo',\n            'KW' => 'Kuwait',\n            'KG' => 'Kyrgyzstan',\n            'LA' => 'Laos',\n            'LV' => 'Latvia',\n            'LB' => 'Lebanon',\n            'LS' => 'Lesotho',\n            'LR' => 'Liberia',\n            'LY' => 'Libya',\n            'LI' => 'Liechtenstein',\n            'LT' => 'Lithuania',\n            'LU' => 'Luxembourg',\n            'MO' => 'Macau',\n            'MK' => 'Macedonia (FYROM)',\n            'MG' => 'Madagascar',\n            'MW' => 'Malawi',\n            'MY' => 'Malaysia',\n            'MV' => 'Maldives',\n            'ML' => 'Mali',\n            'MT' => 'Malta',\n            'MH' => 'Marshall Islands',\n            'MQ' => 'Martinique',\n            'MR' => 'Mauritania',\n            'MU' => 'Mauritius',\n            'YT' => 'Mayotte',\n            'MX' => 'Mexico',\n            'FM' => 'Micronesia',\n            'MD' => 'Moldova',\n            'MC' => 'Monaco',\n            'MN' => 'Mongolia',\n            'ME' => 'Montenegro',\n            'MS' => 'Montserrat',\n            'MA' => 'Morocco',\n            'MZ' => 'Mozambique',\n            'MM' => 'Myanmar',\n            'NA' => 'Namibia',\n            'NR' => 'Nauru',\n            'NP' => 'Nepal',\n            'NL' => 'Netherlands',\n            'NC' => 'New Caledonia',\n            'NZ' => 'New Zealand',\n            'NI' => 'Nicaragua',\n            'NE' => 'Niger',\n            'NG' => 'Nigeria',\n            'NU' => 'Niue',\n            'NF' => 'Norfolk Island',\n            'MP' => 'Northern Mariana Islands',\n            'KP' => 'North Korea',\n            'NO' => 'Norway',\n            'OM' => 'Oman',\n            'PK' => 'Pakistan',\n            'PW' => 'Palau',\n            'PS' => 'Palestine',\n            'PA' => 'Panama',\n            'PG' => 'Papua New Guinea',\n            'PY' => 'Paraguay',\n            'PE' => 'Peru',\n            'PH' => 'Philippines',\n            'PN' => 'Pitcairn Islands',\n            'PL' => 'Poland',\n            'PT' => 'Portugal',\n            'PR' => 'Puerto Rico',\n            'QA' => 'Qatar',\n            'RE' => 'R\u00e9union',\n            'RO' => 'Romania',\n            'RU' => 'Russia',\n            'RW' => 'Rwanda',\n            'BL' => 'Saint Barth\u00e9lemy',\n            'SH' => 'Saint Helena',\n            'KN' => 'Saint Kitts and Nevis',\n            'LC' => 'Saint Lucia',\n            'MF' => 'Saint Martin',\n            'PM' => 'Saint Pierre and Miquelon',\n            'WS' => 'Samoa',\n            'SM' => 'San Marino',\n            'ST' => 'S\u00e3o Tom\u00e9 and Pr\u00edncipe',\n            'SA' => 'Saudi Arabia',\n            'SN' => 'Senegal',\n            'RS' => 'Serbia',\n            'SC' => 'Seychelles',\n            'SL' => 'Sierra Leone',\n            'SG' => 'Singapore',\n            'SX' => 'Sint Maarten',\n            'SK' => 'Slovakia',\n            'SI' => 'Slovenia',\n            'SB' => 'Solomon Islands',\n            'SO' => 'Somalia',\n            'ZA' => 'South Africa',\n            'GS' => 'South Georgia & South Sandwich Islands',\n            'KR' => 'South Korea',\n            'SS' => 'South Sudan',\n            'ES' => 'Spain',\n            'LK' => 'Sri Lanka',\n            'VC' => 'St. Vincent & Grenadines',\n            'SD' => 'Sudan',\n            'SR' => 'Suriname',\n            'SJ' => 'Svalbard and Jan Mayen',\n            'SZ' => 'Swaziland',\n            'SE' => 'Sweden',\n            'CH' => 'Switzerland',\n            'SY' => 'Syria',\n            'TW' => 'Taiwan, Province of China',\n            'TJ' => 'Tajikistan',\n            'TZ' => 'Tanzania',\n            'TH' => 'Thailand',\n            'TL' => 'Timor-Leste',\n            'TG' => 'Togo',\n            'TK' => 'Tokelau',\n            'TO' => 'Tonga',\n            'TT' => 'Trinidad and Tobago',\n            'TA' => 'Tristan da Cunha',\n            'TN' => 'Tunisia',\n            'TR' => 'Turkey',\n            'TM' => 'Turkmenistan',\n            'TC' => 'Turks and Caicos Islands',\n            'TV' => 'Tuvalu',\n            'UM' => 'U.S. Outlying Islands',\n            'VI' => 'U.S. Virgin Islands',\n            'UG' => 'Uganda',\n            'UA' => 'Ukraine',\n            'AE' => 'United Arab Emirates',\n            'GB' => 'United Kingdom',\n            'US' => 'United States of America',\n            'UY' => 'Uruguay',\n            'UZ' => 'Uzbekistan',\n            'VU' => 'Vanuatu',\n            'VA' => 'Vatican City',\n            'VE' => 'Venezuela',\n            'VN' => 'Vietnam',\n            'WF' => 'Wallis and Futuna',\n            'EH' => 'Western Sahara',\n            'YE' => 'Yemen',\n            'ZM' => 'Zambia',\n            'ZW' => 'Zimbabwe',\n        ),\n    );\n\n    return $schemes;\n\n}\n\nadd_filter( 'wpforms_address_schemes', 'wpf_dev_new_address_scheme', 10, 1 );\n"
                }
            ]
        },
        {
            "subtitle": "Reference Action",
            "content": [
                {
                    "text": "How to Create Additional Schemes for the Address Field"
                },
                {
                    "url": "https://wpforms.com/developers/create-additional-schemes-for-the-address-field/"
                }
            ]
        }
    ],
    "section": "Developers",
    "category": "Filters Hooks"
}