{
    "product_name": "WPForms",
    "document_id": 401,
    "document_name": "How to Customize the Save and Resume Link",
    "document_url": "https://wpforms.com/developers/how-to-customize-the-save-and-resume-link/",
    "author": "Editorial Team",
    "reviewer": "Molly Tyler",
    "date": "Published: Jan 5, 2024, 13:28 PM",
    "version": "1.0",
    "title": "How to Customize the Save and Resume Link",
    "content": [
        {
            "subtitle": "Overview",
            "content": [
                {
                    "text": "Would you like to customize the save and resume link? Using a small CSS snippet, you can easily convert the text link that appears when the Save and Resume addon is enabled to appear like a button. Let's get started!"
                }
            ]
        },
        {
            "subtitle": "Adding the CSS snippet",
            "content": [
                {
                    "text": "For the purpose of this documentation, we're going to presume you've already created your form and enabled the Save and Resume addon ."
                },
                {
                    "text": "However, should you need any assistance with enabling this addon for your form, please check out this helpful guide ."
                },
                {
                    "url": "https://wpforms.com/docs/how-to-install-and-use-the-save-and-resume-addon-with-wpforms/"
                },
                {
                    "text": "Once your form is created and the addon is enabled, simply add this CSS to your site and customize the colors, the font-family, font-size, etc., however you wish."
                },
                {
                    "text": "If you need help in how and where to add CSS snippets to your site, please check out this tutorial ."
                },
                {
                    "url": "https://wpforms.com/developers/how-to-add-custom-css-styles-for-wpforms/"
                }
            ]
        },
        {
            "subtitle": "Styling for all forms",
            "content": [
                {
                    "code": "\na.wpforms-save-resume-button {\n    padding: 10px;\n    text-decoration: none !important;\n    background-color: #e27730;\n    border-radius: 3px;\n    color: #ffffff !important;\n    font-family: 'Roboto' !important;\n    font-size: 17px !important;\n    border: 1px solid #e27730;\n    transition: all 0.3s ease-out;\n}\n\na.wpforms-save-resume-button:hover {\n    color: #e27730 !important;\n\tbackground-color: #ffffff;\n}\n"
                }
            ]
        },
        {
            "subtitle": "Styling for specific forms",
            "content": [
                {
                    "text": "If you only wanted to apply this change to a specific form, use this CSS instead."
                },
                {
                    "code": "\nform#wpforms-form-999 a.wpforms-save-resume-button {\n    padding: 10px;\n    text-decoration: none !important;\n    background-color: #e27730;\n    border-radius: 3px;\n    color: #ffffff !important;\n    font-family: 'Roboto' !important;\n    font-size: 17px !important;\n    border: 1px solid #e27730;\n    transition: all 0.3s ease-out;\n}\n\nform#wpforms-form-999 a.wpforms-save-resume-button:hover {\n    color: #e27730 !important;\n\tbackground-color: #ffffff;\n}\n"
                },
                {
                    "text": "Please note that you will need to update the form ID in your CSS from 999 to match your own form ID. If you need any help in finding your form ID, please review this helpful guide ."
                },
                {
                    "url": "https://wpforms.com/developers/how-to-locate-form-id-and-field-id/"
                },
                {
                    "text": "And now when you view the form, you can immediately see the difference!"
                },
                {
                    "image_link": "https://wpforms.com/wp-content/uploads/2024/01/wpforms-customize-save-resume-link.jpg"
                },
                {
                    "text": "Would you like to also customize the email subject line for this addon when notifications are sent? Take a look at our tutorial on How to Change the Email Subject on Save and Resume Email Notifications ."
                },
                {
                    "url": "https://wpforms.com/developers/how-to-change-the-email-subject-on-save-and-resume-email-notifications/"
                }
            ]
        }
    ],
    "section": "Developers",
    "category": "Snippets"
}