{
    "product_name": "WPForms",
    "document_id": 9,
    "document_name": "How to Add Custom PHP or JavaScript for WPForms",
    "document_url": "https://wpforms.com/developers/how-to-add-custom-php-or-javascript-for-wpforms/",
    "author": "Umair Majeed",
    "reviewer": "Dimitris Mitsis",
    "date": "Updated: Sep 2, 2024, 07:55 AM",
    "version": "1.0",
    "title": "How to Add Custom PHP or JavaScript for WPForms",
    "content": [
        {
            "subtitle": "Implementation Options",
            "content": [
                {
                    "text": "There are a number of approaches available for adding PHP or Javascript to customize your specific needs, not just for WPForms but for any custom code you wish to add."
                }
            ]
        },
        {
            "subtitle": "Using WPCode plugin (recommended)",
            "content": [
                {
                    "text": "Using the WPCode plugin is super fast and easy to add snippets to your site."
                },
                {
                    "text": "Just one of the many reasons we strongly recommend using this plugin for adding custom snippets to your site is that it has a built-in check before saving your snippet. If a semi-colon is missed or an extra bracket is added, the snippet won't save. This prevents any issues you may experience such as JavaScript error or even PHP Fatal errors from being able to happen on your site due to an incorrect copied and pasted snippet. And yes, even with the free version, you'll receive this extra audit before your snippet would be made active."
                },
                {
                    "text": "Note: To find out more about this plugin, please check out the site for further information including dedicated documentation ."
                },
                {
                    "url": "https://wpcode.com/"
                },
                {
                    "text": "Once the plugin is installed, navigate to the Code Snippets menu from the left-hand side menu on your WordPress dashboard and select + Add Snippet ."
                },
                {
                    "text": "Next, simply click the Add Your Custom Code (New Snippet) , then click the blue Use Snippet button to create a new snippet."
                },
                {
                    "image_link": "https://wpforms.com/wp-content/uploads/2019/10/wpcode-add-new-snippet.png"
                },
                {
                    "text": "When your new snippet screen appears, give the snippet a name that will make sense to you so you and your site admins will understand it's purpose. From the Code Type dropdown, select PHP ."
                },
                {
                    "text": "Note: All of the WPForms snippets found throughout our developer documentation would be added as a PHP snippet, even the snippets that use JavaScript, with the exception of specific CSS snippets. This is to make sure if there isn't a WPForms form on the page, the snippet wouldn't load the script. This helps reduce the need for loading scripts that do not apply to all pages."
                },
                {
                    "text": "For the purpose of this tutorial, we're going to be adding the following snippet."
                },
                {
                    "text": "In the Code Preview section, add your snippet just under the <?php . Here is an example to use for the purpose of this documentation."
                },
                {
                    "code": "\n/**\n * Trigger submit from checkbox click\n *\n * @link https://wpforms.com/developers/how-to-automatically-submit-a-form-with-a-field-choice/\n */\nfunction wpf_dev_automatic_submit_form() {\n    ?>\n    <script type=\"text/javascript\">\n    jQuery(function($){\n        var event = jQuery.Event(\"submit\");\n        jQuery(\"input:checkbox\").change(\n            function()\n            {\n                // when any checkbox is checked, trigger this function\n                if( jQuery(this).is(\":checked\") )\n                {\n                    // only run this function for the form ID 3046\n                    jQuery(\"#wpforms-form-3046\").submit();\n                }\n            }\n        );\n    });\n    </script>\n    <?php\n}\nadd_action('wpforms_wp_footer_end', 'wpf_dev_automatic_submit_form', 30);\n"
                },
                {
                    "text": "Next, you'll see the Insertion section. Since we're adding PHP, we'll select Auto-Insert for the Insert Method and Frontend Only for the Location ."
                },
                {
                    "text": "Once you've added your snippet, click Save Snippet . This will save the snippet, but doesn't automatically activate it. Once you've initially saved, you'll notice that the status of the snippet is set to Inactive by default. Simply toggle the switch from Inactive to Active and click Update to set the snippet is Active ."
                },
                {
                    "image_link": "https://wpforms.com/wp-content/uploads/2019/10/wpforms-add-snippet-wpcode.jpg"
                }
            ]
        },
        {
            "subtitle": "Creating a Site-Specific Plugin",
            "content": [
                {
                    "text": "Note: Using this particular method is only recommended if you are comfortable with editing PHP files and uploading directly to your server or through your favorite FTP program ."
                },
                {
                    "url": "https://www.wpbeginner.com/beginners-guide/how-to-use-ftp-to-upload-files-to-wordpress-for-beginners/"
                },
                {
                    "text": "If you are a move of an advanced user and would like to keep all of your custom scripts kept in one file on your site, you can easily create your own unique plugin for storing these snippets."
                },
                {
                    "text": "If you'd like more information on how to create a site-specific plugin, please see this tutorial ."
                },
                {
                    "url": "https://www.wpbeginner.com/beginners-guide/what-why-and-how-tos-of-creating-a-site-specific-wordpress-plugin/"
                },
                {
                    "text": "In order to create a plugin, you'll need to follow these steps."
                },
                {
                    "text": "1. Using your favorite text editor, create a new file. Then, add the following lines to the top of the file: <?php /* Plugin Name: WPForms Custom Code Snippets Plugin URI: https://wpforms.com/ Description: Plugin for adding custom code snippets Author: WPForms Team Version: 1.0 Author URI: https://wpforms.com/ */"
                },
                {
                    "text": "2. Save the file as wpforms-custom-snippets.php ."
                },
                {
                    "text": "3. Compress or zip the file."
                },
                {
                    "text": "4. Log into your WordPress admin and under Plugins , click Add New . Follow the on screen instructions to upload and activate the .zip file you just created."
                },
                {
                    "text": "5. Once you've activated the plugin, you can now see the file from the Plugins \" Editor ."
                },
                {
                    "image_link": "https://wpforms.com/wp-content/uploads/2019/10/wpforms-create-custom-plugin-1024x686.jpg"
                },
                {
                    "text": "Note: WordPress never recommends making any live changes to any of your files, including plugin and theme files."
                }
            ]
        },
        {
            "subtitle": "Using functions.php inside a child theme",
            "content": [
                {
                    "text": "Note: Using this particular method is only recommended if you are comfortable with editing PHP files and uploading directly to your server or through your favorite FTP program ."
                },
                {
                    "url": "https://www.wpbeginner.com/beginners-guide/how-to-use-ftp-to-upload-files-to-wordpress-for-beginners/"
                },
                {
                    "text": "Creating a child theme is (again) more for advanced users. This is an alternative solution to your theme files, your stylesheet included with the theme, but also for any custom functions that you may want to use such as the ones described in WPForms developer tutorials and snippets ."
                },
                {
                    "url": "https://developer.wordpress.org/themes/advanced-topics/child-themes/"
                },
                {
                    "url": "https://wpforms.com/developers/"
                },
                {
                    "text": "Our friends at WPBeginner has put together a most excellent article on how to create a child theme. This tutorial even includes a video for you to follow along with."
                },
                {
                    "url": "http://www.wpbeginner.com/wp-themes/how-to-create-a-wordpress-child-theme-video/"
                },
                {
                    "text": "Note: We never recommend editing any of your theme files directly. If the theme author were to release an update to the theme, any and all edits that you would've made would be lost. Using a child theme will reduce this chance of keeping your theme up-to-date without losing any customizations you may make along the way."
                },
                {
                    "text": "For this example, we're going to create a child theme from the WordPress theme Twenty Twenty . In order to do this, please follow the steps below."
                },
                {
                    "text": "1. Create a new folder on your desktop called twentytwenty-child"
                },
                {
                    "text": "2 . Create a text document and these lines: <?php /* Theme Name: Twenty Twenty Child Theme URI: http://yoursite.com/twenty-twenty-child/ Description: Twenty Twenty Child Theme Author: Your name Author URI: http://yoursite.com Template: twentytwenty Version: 1.0.0 License: GNU General Public License v2 or later License URI: http://www.gnu.org/licenses/gpl-2.0.html Text Domain: twentytwentychild */"
                },
                {
                    "text": "3. Save this file inside your twentytwenty-child folder and name it style.css ."
                },
                {
                    "text": "4. Inside this same folder, create a new doc and name it functions.php . The only thing this file will have to being is the open PHP tag: <?php ."
                },
                {
                    "image_link": "https://wpforms.com/wp-content/uploads/2019/10/wpforms-child-theme-1024x668.jpg"
                },
                {
                    "text": "5. Compress or zip the twentytwenty-child folder."
                },
                {
                    "text": "6. Log into your WordPress admin and under Appearances \" Themes , click the Add New to upload the twentytwenty-child.zip file you just created. When prompted, activate this theme as well."
                },
                {
                    "text": "7. Now you'll see in your WordPress admin you've activated the Twenty Twenty Child theme."
                },
                {
                    "image_link": "https://wpforms.com/wp-content/uploads/2019/10/twentytwenty-child-theme.jpg"
                },
                {
                    "text": "When those steps are completed, you'll now see you have a working child theme of Twenty Twenty and a blank functions.php file to add snippets to as well as a blank stylesheet that you can add your own custom CSS to."
                },
                {
                    "text": "Your theme will still function as before, loading all the necessary files and styles first. However, any custom snippets you use from the WPForms developer documentation would be added to the child theme functions.php and would customize the forms based on the snippets you add."
                },
                {
                    "text": "And that's just a few different ways you can easily add custom PHP or JavaScript to your site."
                }
            ]
        },
        {
            "subtitle": "Notes",
            "content": [
                {
                    "text": "When adding any kind of custom code to your site, it's important to preserve your code from unexpected events. So no matter what approach you choose, it's a good idea to always back up your site . That way, you'll have access to older versions of code files if needed."
                },
                {
                    "url": "http://www.wpbeginner.com/plugins/7-best-wordpress-backup-plugins-compared-pros-and-cons/"
                }
            ]
        },
        {
            "subtitle": "FAQ",
            "content": []
        },
        {
            "subtitle": "Q: How does this help me with adding custom code to WPForms?",
            "content": [
                {
                    "text": "A: This tutorial isn't specificly for WPForms code snippets but for any code snippets. Simply find which option above is easier for you to add any code snippets, including the WPForms code snippets mentioned in the Tutorials and Snippets section."
                },
                {
                    "url": "https://wpforms.com/developers/categories/tutorials/"
                },
                {
                    "url": "https://wpforms.com/developers/categories/snippets/"
                }
            ]
        }
    ],
    "section": "Developers",
    "category": "Getting Started"
}