{
    "product_name": "WPForms",
    "document_id": 29,
    "document_name": "How to Create Additional Schemes for the Address Field",
    "document_url": "https://wpforms.com/developers/create-additional-schemes-for-the-address-field/",
    "author": "Editorial Team",
    "reviewer": "Molly Tyler",
    "date": "Updated: Jun 17, 2024, 12:10 PM",
    "version": "1.0",
    "title": "How to Create Additional Schemes for the Address Field",
    "content": [
        {
            "subtitle": "Introduction",
            "content": [
                {
                    "text": "Would you like to create additional schemes for the Address field? WPForms makes it easy to add custom address schemes using PHP. This tutorial will guide you through the process."
                },
                {
                    "text": "By default, the Address field in WPForms offers two formats: US and International . However, you can add more address layouts using a filter."
                }
            ]
        },
        {
            "subtitle": "Creating additional schemes",
            "content": [
                {
                    "text": "To begin, you'll need to add either one of the example code snippets below (or create your own) to your site. The snippets below demonstrate how you can create new schemes for other countries, such as Canada or Australia ."
                },
                {
                    "text": "If you need any assistance in how to add snippets to your site, please review this tutorial ."
                },
                {
                    "url": "https://wpforms.com/developers/how-to-add-custom-php-or-javascript-for-wpforms/"
                }
            ]
        },
        {
            "subtitle": "Canada",
            "content": [
                {
                    "code": "\n/**\n * WPForms Add new address field scheme (Canada)\n *\n * @link   https://wpforms.com/developers/create-additional-schemes-for-the-address-field/\n */\n\nfunction wpf_dev_new_address_scheme( $schemes ) {\n\n    $schemes[ 'canada' ] = array(\n        'label' => 'Canada',\n        'address1_label' => 'Address Line 1',\n        'address2_label' => 'Address Line 2',\n        'city_label' => 'City',\n        'postal_label' => 'Code Postal',\n        'state_label' => 'Province',\n        'states' => array(\n            'BC' => 'British Columbia',\n            'ON' => 'Ontario',\n            'QC' => 'Quebec',\n            'AB' => 'Alberta',\n            'MB' => 'Manitoba',\n            'NB' => 'New Brunswick',\n            'NL' => 'Newfoundland and Labrador',\n            'NT' => 'Northwest Territories',\n            'NS' => 'Nova Scotia',\n            'NU' => 'Nunavut',\n            'PE' => 'Prince Edward Island',\n            'SK' => 'Saskatchewan',\n            'YT' => 'Yukon',\n            ),\n    );\n\n    return $schemes;\n\n}\n\nadd_filter( 'wpforms_address_schemes', 'wpf_dev_new_address_scheme', 10, 1);\n"
                }
            ]
        },
        {
            "subtitle": "Australia",
            "content": [
                {
                    "code": "\n/**\n * WPForms Add new address field scheme (Australia)\n *\n * @link   https://wpforms.com/developers/create-additional-schemes-for-the-address-field/\n */\n\nfunction wpf_dev_new_address_scheme( $schemes ) {\n\n\t$schemes[ 'australia' ] = array(\n            'label'          => 'Australia',\n            'address1_label' => 'Address Line 1',\n            'address2_label' => 'Address Line 2',\n            'city_label'     => 'City',\n            'postal_label'   => 'Postal',\n            'state_label'    => 'State / Territory',\n            'states'         => array(\n                'NSW' => 'New South Wales',\n                'VIC' => 'Victoria',\n                'QLD' => 'Queensland',\n                'WA'  => 'Western Australia',\n                'SA'  => 'South Australia',\n\t\t'TAS' => 'Tasmania',\n\t\t'ACT' => 'Australia Capital Territory',\n\t\t'NT'  => 'Northern Territory',\n        ),\n    );\n\n    return $schemes;\n\n}\n\nadd_filter( 'wpforms_address_schemes', 'wpf_dev_new_address_scheme', 10, 1 );\n"
                }
            ]
        },
        {
            "subtitle": "Using the new Address scheme",
            "content": [
                {
                    "text": "Once the snippet is added, you can create a new form and add an Address field to the form."
                },
                {
                    "text": "Once you've added the Address form field, you'll be able to select your new address scheme from the Scheme dropdown."
                },
                {
                    "image_link": "https://wpforms.com/wp-content/uploads/2020/01/wpforms-adding-custom-address-scheme.jpg"
                },
                {
                    "text": "With either (or both) of the snippets above, you've now added new additional address schemes. Would you like to learn how to sublabels on the address field? Try out our article on How to Change the Address Field Sublabels ."
                },
                {
                    "url": "https://wpforms.com/developers/how-to-change-the-address-field-sublabels/"
                }
            ]
        },
        {
            "subtitle": "Reference Filter",
            "content": [
                {
                    "text": "wpforms_address_schemes"
                },
                {
                    "url": "https://wpforms.com/developers/wpforms_address_schemes/"
                }
            ]
        },
        {
            "subtitle": "FAQ",
            "content": []
        },
        {
            "subtitle": "Q: Can I create a custom address scheme and list all the countries?",
            "content": [
                {
                    "text": "A: Absolutely! To create your own unique address scheme and list all the countries, you'd use the following code snippet. You would just customize this to your needs."
                },
                {
                    "code": "\n/**\n * WPForms Add new address field scheme (Custom)\n *\n * @link https://wpforms.com/developers/create-additional-schemes-for-the-address-field/\n */\n\nfunction wpf_new_address_scheme( $schemes ) {\n\n\t$schemes[ 'custom' ] = array(\n            'label'          => 'Custom',\n\t    'address1_label' => 'Address Line 1',\n\t    'address2_label' => 'Address Line 2',\n\t    'city_label'     => 'City',\n\t    'postal_label'   => 'Postal Code',\n\t    'state_label'    => 'State / Province / Region',\n\t    'states'\t\t => '',\n\t    'countries'      => array(\n\t\t'AF' => 'Afghanistan',\n\t\t'AX' => 'Aland Islands',\n\t\t'AL' => 'Albania',\n\t\t'DZ' => 'Algeria',\n\t\t'AS' => 'American Samoa',\n\t\t'AD' => 'Andorra',\n\t\t'AO' => 'Angola',\n\t\t'AI' => 'Anguilla',\n\t\t'AQ' => 'Antarctica',\n\t\t'AG' => 'Antigua and Barbuda',\n\t\t'AR' => 'Argentina',\n\t\t'AM' => 'Armenia',\n\t\t'AW' => 'Aruba',\n\t\t'AC' => 'Ascension Island',\n\t\t'AU' => 'Australia',\n\t\t'AT' => 'Austria',\n\t\t'AZ' => 'Azerbaijan',\n\t\t'BS' => 'Bahamas',\n\t\t'BH' => 'Bahrain',\n\t\t'BD' => 'Bangladesh',\n\t\t'BB' => 'Barbados',\n\t\t'BY' => 'Belarus',\n\t\t'BE' => 'Belgium',\n\t\t'BZ' => 'Belize',\n\t\t'BJ' => 'Benin',\n\t\t'BM' => 'Bermuda',\n\t\t'BT' => 'Bhutan',\n\t\t'BO' => 'Bolivia',\n\t\t'BA' => 'Bosnia and Herzegovina',\n\t\t'BW' => 'Botswana',\n\t\t'BV' => 'Bouvet Island',\n\t\t'BR' => 'Brazil',\n\t\t'IO' => 'British Indian Ocean Territory',\n\t\t'VG' => 'British Virgin Islands',\n\t\t'BN' => 'Brunei',\n\t\t'BG' => 'Bulgaria',\n\t\t'BF' => 'Burkina Faso',\n\t\t'BI' => 'Burundi',\n\t\t'KH' => 'Cambodia',\n\t\t'CM' => 'Cameroon',\n\t\t'CA' => 'Canada',\n\t\t'IC' => 'Canary Islands',\n\t\t'CV' => 'Cape Verde',\n\t\t'BQ' => 'Caribbean Netherlands',\n\t\t'KY' => 'Cayman Islands',\n\t\t'CF' => 'Central African Republic',\n\t\t'EA' => 'Ceuta and Melilla',\n\t\t'TD' => 'Chad',\n\t\t'CL' => 'Chile',\n\t\t'CN' => 'China',\n\t\t'CX' => 'Christmas Island',\n\t\t'CP' => 'Clipperton Island',\n\t\t'CC' => 'Cocos (Keeling) Islands',\n\t\t'CO' => 'Colombia',\n\t\t'KM' => 'Comoros',\n\t\t'CD' => 'Congo (DRC)',\n\t\t'CG' => 'Congo (Republic)',\n\t\t'CK' => 'Cook Islands',\n\t\t'CR' => 'Costa Rica',\n\t\t'CI' => 'C\u00f4te d\u2019Ivoire',\n\t\t'HR' => 'Croatia',\n\t\t'CU' => 'Cuba',\n\t\t'CW' => 'Cura\u00e7ao',\n\t\t'CY' => 'Cyprus',\n\t\t'CZ' => 'Czech Republic',\n\t\t'DK' => 'Denmark (Danmark)',\n\t\t'DG' => 'Diego Garcia',\n\t\t'DJ' => 'Djibouti',\n\t\t'DM' => 'Dominica',\n\t\t'DO' => 'Dominican Republic',\n\t\t'EC' => 'Ecuador',\n\t\t'EG' => 'Egypt',\n\t\t'SV' => 'El Salvador',\n\t\t'GQ' => 'Equatorial Guinea',\n\t\t'ER' => 'Eritrea',\n\t\t'EE' => 'Estonia',\n\t\t'ET' => 'Ethiopia',\n\t\t'FK' => 'Falkland Islands',\n\t\t'FO' => 'Faroe Islands',\n\t\t'FJ' => 'Fiji',\n\t\t'FI' => 'Finland',\n\t\t'FR' => 'France',\n\t\t'GF' => 'French Guiana',\n\t\t'PF' => 'French Polynesia',\n\t\t'TF' => 'French Southern Territories',\n\t\t'GA' => 'Gabon',\n\t\t'GM' => 'Gambia',\n\t\t'GE' => 'Georgia',\n\t\t'DE' => 'Germany',\n\t\t'GH' => 'Ghana',\n\t\t'GI' => 'Gibraltar',\n\t\t'GR' => 'Greece',\n\t\t'GL' => 'Greenland',\n\t\t'GD' => 'Grenada',\n\t\t'GP' => 'Guadeloupe',\n\t\t'GU' => 'Guam',\n\t\t'GT' => 'Guatemala',\n\t\t'GG' => 'Guernsey',\n\t\t'GN' => 'Guinea',\n\t\t'GW' => 'Guinea-Bissau',\n\t\t'GY' => 'Guyana',\n\t\t'HT' => 'Haiti',\n\t\t'HM' => 'Heard & McDonald Islands',\n\t\t'HN' => 'Honduras',\n\t\t'HK' => 'Hong Kong',\n\t\t'HU' => 'Hungary',\n\t\t'IS' => 'Iceland',\n\t\t'IN' => 'India',\n\t\t'ID' => 'Indonesia',\n\t\t'IR' => 'Iran',\n\t\t'IQ' => 'Iraq',\n\t\t'IE' => 'Ireland',\n\t\t'IM' => 'Isle of Man',\n\t\t'IL' => 'Israel',\n\t\t'IT' => 'Italy',\n\t\t'JM' => 'Jamaica',\n\t\t'JP' => 'Japan',\n\t\t'JE' => 'Jersey',\n\t\t'JO' => 'Jordan',\n\t\t'KZ' => 'Kazakhstan',\n\t\t'KE' => 'Kenya',\n\t\t'KI' => 'Kiribati',\n\t\t'XK' => 'Kosovo',\n\t\t'KW' => 'Kuwait',\n\t\t'KG' => 'Kyrgyzstan',\n\t\t'LA' => 'Laos',\n\t\t'LV' => 'Latvia',\n\t\t'LB' => 'Lebanon',\n\t\t'LS' => 'Lesotho',\n\t\t'LR' => 'Liberia',\n\t\t'LY' => 'Libya',\n\t\t'LI' => 'Liechtenstein',\n\t\t'LT' => 'Lithuania',\n\t\t'LU' => 'Luxembourg',\n\t\t'MO' => 'Macau',\n\t\t'MK' => 'Macedonia (FYROM)',\n\t\t'MG' => 'Madagascar',\n\t\t'MW' => 'Malawi',\n\t\t'MY' => 'Malaysia',\n\t\t'MV' => 'Maldives',\n\t\t'ML' => 'Mali',\n\t\t'MT' => 'Malta',\n\t\t'MH' => 'Marshall Islands',\n\t\t'MQ' => 'Martinique',\n\t\t'MR' => 'Mauritania',\n\t\t'MU' => 'Mauritius',\n\t\t'YT' => 'Mayotte',\n\t\t'MX' => 'Mexico',\n\t\t'FM' => 'Micronesia',\n\t\t'MD' => 'Moldova',\n\t\t'MC' => 'Monaco',\n\t\t'MN' => 'Mongolia',\n\t\t'ME' => 'Montenegro',\n\t\t'MS' => 'Montserrat',\n\t\t'MA' => 'Morocco',\n\t\t'MZ' => 'Mozambique',\n\t\t'MM' => 'Myanmar',\n\t\t'NA' => 'Namibia',\n\t\t'NR' => 'Nauru',\n\t\t'NP' => 'Nepal',\n\t\t'NL' => 'Netherlands',\n\t\t'NC' => 'New Caledonia',\n\t\t'NZ' => 'New Zealand',\n\t\t'NI' => 'Nicaragua',\n\t\t'NE' => 'Niger',\n\t\t'NG' => 'Nigeria',\n\t\t'NU' => 'Niue',\n\t\t'NF' => 'Norfolk Island',\n\t\t'MP' => 'Northern Mariana Islands',\n\t\t'KP' => 'North Korea',\n\t\t'NO' => 'Norway',\n\t\t'OM' => 'Oman',\n\t\t'PK' => 'Pakistan',\n\t\t'PW' => 'Palau',\n\t\t'PS' => 'Palestine',\n\t\t'PA' => 'Panama',\n\t\t'PG' => 'Papua New Guinea',\n\t\t'PY' => 'Paraguay',\n\t\t'PE' => 'Peru',\n\t\t'PH' => 'Philippines',\n\t\t'PN' => 'Pitcairn Islands',\n\t\t'PL' => 'Poland',\n\t\t'PT' => 'Portugal',\n\t\t'PR' => 'Puerto Rico',\n\t\t'QA' => 'Qatar',\n\t\t'RE' => 'R\u00e9union',\n\t\t'RO' => 'Romania',\n\t\t'RU' => 'Russia',\n\t\t'RW' => 'Rwanda',\n\t\t'BL' => 'Saint Barth\u00e9lemy',\n\t\t'SH' => 'Saint Helena',\n\t\t'KN' => 'Saint Kitts and Nevis',\n\t\t'LC' => 'Saint Lucia',\n\t\t'MF' => 'Saint Martin',\n\t\t'PM' => 'Saint Pierre and Miquelon',\n\t\t'WS' => 'Samoa',\n\t\t'SM' => 'San Marino',\n\t\t'ST' => 'S\u00e3o Tom\u00e9 and Pr\u00edncipe',\n\t\t'SA' => 'Saudi Arabia',\n\t\t'SN' => 'Senegal',\n\t\t'RS' => 'Serbia',\n\t\t'SC' => 'Seychelles',\n\t\t'SL' => 'Sierra Leone',\n\t\t'SG' => 'Singapore',\n\t\t'SX' => 'Sint Maarten',\n\t\t'SK' => 'Slovakia',\n\t\t'SI' => 'Slovenia',\n\t\t'SB' => 'Solomon Islands',\n\t\t'SO' => 'Somalia',\n\t\t'ZA' => 'South Africa',\n\t\t'GS' => 'South Georgia & South Sandwich Islands',\n\t\t'KR' => 'South Korea',\n\t\t'SS' => 'South Sudan',\n\t\t'ES' => 'Spain',\n\t\t'LK' => 'Sri Lanka',\n\t\t'VC' => 'St. Vincent & Grenadines',\n\t\t'SD' => 'Sudan',\n\t\t'SR' => 'Suriname',\n\t\t'SJ' => 'Svalbard and Jan Mayen',\n\t\t'SZ' => 'Swaziland',\n\t\t'SE' => 'Sweden',\n\t\t'CH' => 'Switzerland',\n\t\t'SY' => 'Syria',\n\t\t'TW' => 'Taiwan, Province of China',\n\t\t'TJ' => 'Tajikistan',\n\t\t'TZ' => 'Tanzania',\n\t\t'TH' => 'Thailand',\n\t\t'TL' => 'Timor-Leste',\n\t\t'TG' => 'Togo',\n\t\t'TK' => 'Tokelau',\n\t\t'TO' => 'Tonga',\n\t\t'TT' => 'Trinidad and Tobago',\n\t\t'TA' => 'Tristan da Cunha',\n\t\t'TN' => 'Tunisia',\n\t\t'TR' => 'Turkey',\n\t\t'TM' => 'Turkmenistan',\n\t\t'TC' => 'Turks and Caicos Islands',\n\t\t'TV' => 'Tuvalu',\n\t\t'UM' => 'U.S. Outlying Islands',\n\t\t'VI' => 'U.S. Virgin Islands',\n\t\t'UG' => 'Uganda',\n\t\t'UA' => 'Ukraine',\n\t\t'AE' => 'United Arab Emirates',\n\t\t'GB' => 'United Kingdom',\n\t\t'US' => 'United States of America',\n\t\t'UY' => 'Uruguay',\n\t\t'UZ' => 'Uzbekistan',\n\t\t'VU' => 'Vanuatu',\n\t\t'VA' => 'Vatican City',\n\t\t'VE' => 'Venezuela',\n\t\t'VN' => 'Vietnam',\n\t\t'WF' => 'Wallis and Futuna',\n\t\t'EH' => 'Western Sahara',\n\t\t'YE' => 'Yemen',\n\t\t'ZM' => 'Zambia',\n\t\t'ZW' => 'Zimbabwe',\n\t\t),\n\t);\n\n\treturn $schemes;\n\n}\n\nadd_filter( 'wpforms_address_schemes', 'wpf_new_address_scheme', 10, 1 );\n"
                }
            ]
        },
        {
            "subtitle": "Q: How can I hide the fields in International or US that I don't need?",
            "content": [
                {
                    "text": "A: There are certain fields that you can hide from within the builder for either of these default Address schemes. Simply add the Address field, click on the Advanced tab and you'll be able toggle the switch to hide."
                },
                {
                    "text": "For the International Scheme , you can hide the Address Line 2 , Zip / Postal , and the Country ."
                },
                {
                    "image_link": "https://wpforms.com/wp-content/uploads/2020/01/wpforms-default-hide-toggle-switch.jpg"
                },
                {
                    "text": "For the US scheme , you can hide the Address Line 2 , and Zip / Postal within the form builder."
                },
                {
                    "text": "If the Address field is a required field, we do not recommend hiding any fields with CSS as the address field would fail validation."
                },
                {
                    "text": "But if you want to hide other fields that don't have a toggle inside the form builder, you can use CSS to hide these. Fields such as State/Province/Region , you would use this CSS to hide for a specific form."
                },
                {
                    "code": "\ninput#wpforms-41-field_6-state, label[for=\"wpforms-41-field_6-state\"] {\n    visibility: hidden;\n}\n"
                },
                {
                    "text": "The example snippet shows that we're hiding the State field and label for the form ID 41 and the field ID (for the Address field) 6 . You'll need to update these IDs to match your own IDs. If you need any help in where to find these IDs, please take a look at this handy guide ."
                },
                {
                    "url": "https://wpforms.com/developers/how-to-locate-form-id-and-field-id/"
                },
                {
                    "text": "If you need any help in how to add custom CSS to your site, please take a look at this tutorial ."
                },
                {
                    "url": "https://wpforms.com/developers/how-to-add-custom-css-styles-for-wpforms/"
                }
            ]
        }
    ],
    "section": "Developers",
    "category": "Fields"
}