{
    "product_name": "WPForms",
    "document_id": 579,
    "document_name": "Creating a Payment Form",
    "document_url": "https://wpforms.com/docs/how-to-create-a-payment-form-in-wpforms/",
    "author": "Umair Majeed",
    "reviewer": "David Ozokoye",
    "date": "Updated: Sep 23, 2024",
    "version": "1.0",
    "title": "Creating a Payment Form",
    "content": [
        {
            "subtitle": "Choosing a Payment Integration",
            "content": [
                {
                    "text": "WPForms currently offers integrations with PayPal Standard , PayPal Commerce , Stripe , Square , and Authorize.Net . Before you continue, choose which of these payment options you'd like to add to your forms."
                },
                {
                    "url": "https://wpforms.com/docs/install-use-paypal-addon-wpforms/"
                },
                {
                    "url": "https://wpforms.com/docs/paypal-commerce-addon/"
                },
                {
                    "url": "https://wpforms.com/docs/how-to-install-and-use-the-stripe-addon-with-wpforms/"
                },
                {
                    "url": "https://wpforms.com/docs/how-to-install-and-use-the-square-addon-with-wpforms/"
                },
                {
                    "url": "https://wpforms.com/docs/how-to-install-and-use-the-authorize-net-addon-with-wpforms/"
                },
                {
                    "text": "If you'd like, you can offer multiple payment methods and let users choose which one they want to use to complete their purchases."
                },
                {
                    "url": "https://wpforms.com/docs/how-to-allow-users-to-choose-a-payment-method-on-your-form/"
                },
                {
                    "text": "Once you've chosen the payment method(s) you'd like to offer, install and activate the corresponding WPForms addon(s) ."
                },
                {
                    "url": "https://wpforms.com/docs/install-activate-wpforms-addons/"
                },
                {
                    "text": "Note: If you're using the PayPal Commerce, Stripe, Square, or Authorize.Net addons, you'll need to connect your account to WPForms before you move on to the next step in this tutorial."
                },
                {
                    "text": "See the corresponding guide for your chosen payment method(s) for more details:"
                },
                {
                    "text": "PayPal Commerce"
                },
                {
                    "text": "Stripe"
                },
                {
                    "text": "Square"
                },
                {
                    "text": "Authorize.Net"
                },
                {
                    "url": "https://wpforms.com/docs/paypal-commerce-addon/"
                },
                {
                    "url": "https://wpforms.com/docs/how-to-install-and-use-the-stripe-addon-with-wpforms/"
                },
                {
                    "url": "https://wpforms.com/docs/how-to-install-and-use-the-square-addon-with-wpforms/"
                },
                {
                    "url": "https://wpforms.com/docs/how-to-install-and-use-the-authorize-net-addon-with-wpforms/"
                },
                {
                    "text": "For our example, we'll walk through how to set up a payment form using the Stripe addon. However, the steps are similar regardless of which payment method you use."
                }
            ]
        },
        {
            "subtitle": "Creating Your Form",
            "content": [
                {
                    "text": "Next, you'll need to either create a new form or edit an existing one."
                },
                {
                    "url": "https://wpforms.com/docs/creating-first-form/"
                },
                {
                    "text": "If you're creating a brand-new form, you may want to consider using our Billing/Order Form template."
                },
                {
                    "image_link": "https://wpforms.com/wp-content/uploads/2021/03/billing-order-form-template.png"
                },
                {
                    "text": "Note: For payment form examples, check out our Billing/Order Form Template and Payment Form Template , or see our tutorial on using templates in WPForms for more details."
                },
                {
                    "url": "https://wpforms.com/templates/billing-order-form-template/"
                },
                {
                    "url": "https://wpforms.com/templates/payment-form-template/"
                },
                {
                    "url": "https://wpforms.com/docs/how-to-use-form-templates-in-wpforms/"
                },
                {
                    "text": "In the form builder, be sure to add a payment field to your form if you haven't already. Just click on it in the list to the left or drag and drop it into the preview area to include it. For our example, we'll use the Multiple Items field."
                },
                {
                    "url": "https://wpforms.com/docs/how-to-choose-the-right-form-field-for-your-forms/#payment-fields"
                },
                {
                    "image_link": "https://wpforms.com/wp-content/uploads/2021/03/form-builder-payment-fields.png"
                },
                {
                    "text": "Additionally, if you'd like to use the Authorize.Net, Stripe, or Square payment methods, be sure to add the corresponding credit card field to your form."
                },
                {
                    "image_link": "https://wpforms.com/wp-content/uploads/2021/03/payment-fields-1.png"
                },
                {
                    "text": "When setting up your payment form, you can activate quantity selection for Single Item and Dropdown Items fields, enabling users to order multiple quantities of a specific product on your form."
                },
                {
                    "text": "Note: For a comprehensive guide on enabling and customizing quantity selections, check out our detailed tutorial on adding quantity to payment items ."
                },
                {
                    "url": "https://wpforms.com/docs/enabling-quantity-selection-in-your-payment-forms"
                },
                {
                    "text": "Don't forget to configure your field options for any new fields you add to your form."
                },
                {
                    "url": "https://wpforms.com/docs/how-to-customize-form-field-options/"
                }
            ]
        },
        {
            "subtitle": "Allowing Coupons/Discounts for a Form (Optional)",
            "content": [
                {
                    "text": "With the Coupon field, you can allow customers to use personalized or automatically generated coupon codes."
                },
                {
                    "text": "Customers can apply these codes for discounts when filling out your payment form. This could encourage more users to complete their purchases."
                },
                {
                    "image_link": "https://wpforms.com/wp-content/uploads/2023/06/applied-coupon.png"
                },
                {
                    "text": "Note: For more information on creating coupons and adding them to your forms, check out our Coupons addon tutorial ."
                },
                {
                    "url": "https://wpforms.com/docs/coupons-addon/"
                }
            ]
        },
        {
            "subtitle": "Using the Total Field",
            "content": [
                {
                    "text": "We recommend adding the Total field to your form. This field is helpful as it automatically calculates the total cost of items users pick."
                },
                {
                    "text": "It also includes an option for the order summary that details purchased items, quantities, costs, and any applied coupons, making the transaction clearer for the user."
                },
                {
                    "image_link": "https://wpforms.com/wp-content/uploads/2024/02/order-summary.png"
                },
                {
                    "text": "Note: For more information on how the Total field works, refer to our guide on using the Total field for detailed instructions."
                },
                {
                    "url": "https://wpforms.com/docs/how-to-require-payment-total-with-a-wordpress-form/#enable-total-summary"
                }
            ]
        },
        {
            "subtitle": "Enabling Payments for a Form",
            "content": [
                {
                    "text": "To enable payments for your form, navigate to the Payments tab and select the payment integration you've configured. For our example, we'll go to Payments \" Stripe to open up the Stripe settings."
                },
                {
                    "text": "Here, we'll select the Enable Stripe payments option to enable Stripe payments for our form."
                },
                {
                    "image_link": "https://wpforms.com/wp-content/uploads/2022/07/enable-stripe-payments-toggle.png"
                },
                {
                    "text": "Once you've enabled payments for your form, go ahead and customize the other settings for this connection however you'd like. Remember to save your form before you leave the builder."
                },
                {
                    "text": "Note: For the full details on how to set up your specific payment addon, be sure to check out our PayPal Standard , PayPal Commerce , Stripe , Square , and Authorize.Net tutorials."
                },
                {
                    "url": "https://wpforms.com/docs/install-use-paypal-addon-wpforms/"
                },
                {
                    "url": "https://wpforms.com/docs/paypal-commerce-addon/"
                },
                {
                    "url": "https://wpforms.com/docs/how-to-install-and-use-the-stripe-addon-with-wpforms/"
                },
                {
                    "url": "https://wpforms.com/docs/how-to-install-and-use-the-square-addon-with-wpforms/"
                },
                {
                    "url": "https://wpforms.com/docs/how-to-install-and-use-the-authorize-net-addon-with-wpforms/"
                }
            ]
        },
        {
            "subtitle": "Testing Your Form",
            "content": [
                {
                    "text": "Once your form is all set, we recommend one last step: testing. Testing your forms is super useful because it lets you understand how your users experience your forms. It also allows you to ensure that everything looks and works exactly as you'd like."
                },
                {
                    "text": "For more details on how to test your specific payment integration, be sure to check out our tutorials on:"
                },
                {
                    "text": "PayPal Standard Integration : Learn how to test your PayPal Standard forms."
                },
                {
                    "text": "PayPal Commerce Setup : Get guidance on testing your PayPal Commerce forms."
                },
                {
                    "text": "Stripe Payment Processing : Steps to test your Stripe forms."
                },
                {
                    "text": "Square Payment Solution : Instructions for testing your Square forms."
                },
                {
                    "text": "Authorize.Net Gateway : How to test your Authorize.Net forms."
                },
                {
                    "url": "https://wpforms.com/docs/how-to-test-paypal-payments-before-accepting-real-payments/"
                },
                {
                    "url": "https://wpforms.com/docs/testing-payments-with-the-paypal-commerce-addon/"
                },
                {
                    "url": "https://wpforms.com/docs/how-to-test-stripe-payments-on-your-site/"
                },
                {
                    "url": "https://wpforms.com/docs/how-to-test-square-payments-on-your-site/"
                },
                {
                    "url": "https://wpforms.com/docs/how-to-test-authorize-net-payments-before-accepting-real-payments/"
                },
                {
                    "text": "For more general details about testing your forms, please check out our pre-launch form checklist ."
                },
                {
                    "url": "https://wpforms.com/docs/how-to-properly-test-your-wordpress-forms-before-launching-checklist/"
                },
                {
                    "text": "That's it! You're ready to start accepting payments through your WordPress forms."
                },
                {
                    "text": "Next, would you like to record which pages on your site your users visit before filling out your forms? Be sure to check out our tutorial on how to install and use the User Journey addon for more information."
                },
                {
                    "url": "https://wpforms.com/docs/how-to-install-and-use-the-user-journey-addon-in-wpforms/"
                }
            ]
        }
    ],
    "section": "Documentation",
    "category": "Payment Forms"
}