{
    "product_name": "WPForms",
    "document_id": 609,
    "document_name": "Using the Checkboxes Field",
    "document_url": "https://wpforms.com/docs/how-to-customize-the-checkboxes-field-in-wpforms/",
    "author": "David Ozokoye",
    "reviewer": "Molly Tyler",
    "date": "Updated: Sep 23, 2024",
    "version": "1.0",
    "title": "Using the Checkboxes Field",
    "content": [
        {
            "subtitle": "Try this Form Demo!",
            "content": [
                {
                    "text": "Science"
                },
                {
                    "text": "Art"
                },
                {
                    "text": "Reading"
                },
                {
                    "text": "Send me updates about upcoming club events"
                },
                {
                    "text": "Note : The Checkboxes field allows users to select multiple options at a time. If you need users to select only one option, where selecting one option should automatically deselect the other, we recommend using the Multiple Choice field instead."
                },
                {
                    "url": "https://wpforms.com/docs/how-to-customize-the-multiple-choice-field-in-wpforms/"
                },
                {
                    "text": "Before you check out the options below, make sure WPForms is installed and activated on your WordPress site. Then create a new form or edit an existing one to open the form builder."
                },
                {
                    "url": "https://wpforms.com/docs/install-wpforms-plugin/"
                },
                {
                    "url": "https://wpforms.com/docs/creating-first-form/"
                },
                {
                    "text": "Here, look for Checkboxes under the Standard Fields section."
                },
                {
                    "text": "To add a Checkboxes field to your form, click on it or drag and drop it into the preview area of the form builder. Then click on it to open its field options."
                },
                {
                    "image_link": "https://wpforms.com/wp-content/uploads/2022/12/add-checkboxes-field.gif"
                },
                {
                    "text": "Note: Want to learn about all the field customizations that are possible in WPForms? See our complete guide to field options for more tips."
                },
                {
                    "url": "https://wpforms.com/docs/how-to-customize-form-field-options/"
                }
            ]
        },
        {
            "subtitle": "Editing the Field Label and Description",
            "content": [
                {
                    "text": "The first field options to consider are the Label and Description."
                }
            ]
        },
        {
            "subtitle": "Changing the Field Label",
            "content": [
                {
                    "text": "By default, the field's label will be \"Checkboxes.\" However, you can easily change this text to whatever you want by entering your own custom label in the Field Options panel."
                },
                {
                    "image_link": "https://wpforms.com/wp-content/uploads/2021/08/edit-checkboxes-label.png"
                }
            ]
        },
        {
            "subtitle": "Adding a Description",
            "content": [
                {
                    "text": "Field descriptions are useful for providing information to your users, such as instructions for making their selections in your Checkboxes field."
                },
                {
                    "text": "To add a description, just type it into the relevant field in the Field Options panel."
                },
                {
                    "image_link": "https://wpforms.com/wp-content/uploads/2021/08/checkboxes-field-description.png"
                },
                {
                    "text": "Note: Want to learn about other ways to incorporate text in your forms? Check out our tutorial on adding extra text in WPForms ."
                },
                {
                    "url": "https://wpforms.com/docs/how-to-add-extra-text-and-descriptions-to-forms/"
                }
            ]
        },
        {
            "subtitle": "Editing, Adding, and Removing Choices",
            "content": [
                {
                    "text": "One of the key features of the Checkboxes field is that it lets users select multiple choices. Here's how to customize the options you present in your forms."
                }
            ]
        },
        {
            "subtitle": "Editing Checkboxes Choices",
            "content": [
                {
                    "text": "To edit the label for a checkbox, just type your desired text into the field provided."
                },
                {
                    "image_link": "https://wpforms.com/wp-content/uploads/2021/08/edit-checkboxes-choices.png"
                },
                {
                    "text": "You can preselect any choice by clicking on the checkbox to the left of its label."
                },
                {
                    "image_link": "https://wpforms.com/wp-content/uploads/2021/08/preselect-checkboxes-choice.png"
                },
                {
                    "text": "Note: For more details on preselecting checkboxes, please see our tutorial on setting default values for fields in WPForms ."
                },
                {
                    "url": "https://wpforms.com/docs/how-to-add-default-values-for-form-fields/#multiple-choice"
                },
                {
                    "text": "If you would like to reorder your Checkboxes choices, just drag and drop the items into the order in which you want them to appear."
                }
            ]
        },
        {
            "subtitle": "Adding and Removing Checkboxes Choices",
            "content": [
                {
                    "text": "To add more choices to your Checkboxes field, click on the blue plus (+) button next to any existing option."
                },
                {
                    "image_link": "https://wpforms.com/wp-content/uploads/2021/08/add-checkboxes-choice.png"
                },
                {
                    "text": "The new choice will be added immediately below the one whose plus (+) button you clicked."
                },
                {
                    "text": "Note: Want to learn how to set up an \"Other\" checkbox that displays a text field when selected? Check out our tutorial on how to accomplish this with conditional logic ."
                },
                {
                    "url": "https://wpforms.com/docs/how-to-add-an-other-option-for-checkboxes-multiple-choice-or-dropdown-fields/"
                },
                {
                    "text": "You can add several choices all at once by clicking on Bulk Add ."
                },
                {
                    "image_link": "https://wpforms.com/wp-content/uploads/2021/08/bulk-add-checkboxes-choices.png"
                },
                {
                    "text": "Enter each new option you would like to include on its own line, then click on Add New Choices ."
                },
                {
                    "image_link": "https://wpforms.com/wp-content/uploads/2021/08/enter-bulk-checkboxes-choices.png"
                },
                {
                    "text": "Your new choices will be added to the end of the existing list of items."
                },
                {
                    "text": "Note: Need more help adding choices to your Checkboxes field? See our tutorial on bulk-adding options to selection fields ."
                },
                {
                    "url": "https://wpforms.com/docs/how-to-bulk-add-choices-for-multiple-choice-checkbox-and-dropdown-fields/"
                },
                {
                    "text": "If you would like to remove a choice from your Checkboxes field, click on the red minus (-) button next to it in the Field Options panel."
                },
                {
                    "image_link": "https://wpforms.com/wp-content/uploads/2021/08/remove-checkboxes-choice.png"
                },
                {
                    "text": "Note: Would you like your Checkboxes field to have a button-like appearance? Our developer documentation provides a guide on transforming this field with CSS."
                },
                {
                    "url": "https://wpforms.com/developers/how-to-customize-checkbox-and-radio-fields-to-look-like-buttons/"
                }
            ]
        },
        {
            "subtitle": "Using Image Choices",
            "content": [
                {
                    "text": "If you want to, you can add images to each of your Checkboxes field's choices. To do so, toggle on the Use image choices option."
                },
                {
                    "image_link": "https://wpforms.com/wp-content/uploads/2021/08/enable-checkboxes-image-choices.png"
                },
                {
                    "text": "This will display an Upload Image button for each choice in your Checkboxes field. Click on the button to select an image for that option from your site's Media Library or from your computer."
                },
                {
                    "image_link": "https://wpforms.com/wp-content/uploads/2021/08/use-image-choices.png"
                },
                {
                    "text": "Note: Image choices are not cropped or resized when added to your form. For the best look, use images that are 250px square or smaller, and make sure all of your images are the same size."
                },
                {
                    "text": "Once you've chosen an image file, a preview of it will appear in the Field Options panel."
                },
                {
                    "image_link": "https://wpforms.com/wp-content/uploads/2021/08/image-choice-preview.png"
                },
                {
                    "text": "Note: Want more details on how to use image choices in WPForms? See our complete guide to this feature to learn more."
                },
                {
                    "url": "https://wpforms.com/docs/how-to-add-image-choices-to-fields/"
                }
            ]
        },
        {
            "subtitle": "Using Icon Choices",
            "content": [
                {
                    "text": "The Checkboxes field also allows you to add icons to your choices. To enable this feature, toggle on the Use icon choices option."
                },
                {
                    "image_link": "https://wpforms.com/wp-content/uploads/2022/12/enable-icon-choices-checkboxes-field.png"
                },
                {
                    "text": "Once you've enabled icon choices, you'll see default icons added to each choice in your Checkboxes field. When you're ready, go ahead and click on one of the default icons to replace it with your preferred icon."
                },
                {
                    "image_link": "https://wpforms.com/wp-content/uploads/2022/12/default-icons-checkboxes-field.png"
                },
                {
                    "text": "Next, the Icon Picker will appear where you can browse and search over 2,000 icons. Once you find an icon that you like, click on it to add it to your form."
                },
                {
                    "image_link": "https://wpforms.com/wp-content/uploads/2022/12/select-icon-from-icon-picker.png"
                },
                {
                    "text": "After selecting an icon from the Icon Picker, it will appear in the form builder."
                },
                {
                    "image_link": "https://wpforms.com/wp-content/uploads/2022/12/icon-added-to-checkboxes-field.png"
                },
                {
                    "text": "Note: Want to learn more about icon choices? Be sure to check out our step-by-step guide to using icon choices for more details."
                },
                {
                    "url": "https://wpforms.com/docs/using-icon-choices/"
                }
            ]
        },
        {
            "subtitle": "Generating Choices with WPForms AI",
            "content": [
                {
                    "text": "You can also add choices to your Checkboxes field using WPForms AI. This feature allows you to quickly generate relevant choices based on your prompt. To use WPForms AI, simply click the Generate Choices button below the Choices section."
                },
                {
                    "image_link": "https://wpforms.com/wp-content/uploads/2024/09/checkboxes-ai-choices-1024x542.png"
                },
                {
                    "text": "Note: To learn more about generating choices with WPForms AI, be sure to check our tutorial on using AI Choices ."
                },
                {
                    "url": "https://wpforms.com/docs/generating-form-choices-with-wpforms-ai/"
                }
            ]
        },
        {
            "subtitle": "Requiring the Field",
            "content": [
                {
                    "text": "If you want to make sure users fill out your Checkboxes field before submitting your form, you'll need to mark it as required."
                },
                {
                    "text": "Just toggle on the Required setting at the bottom of the general field options."
                },
                {
                    "image_link": "https://wpforms.com/wp-content/uploads/2021/08/requiring-checkboxes-field.png"
                },
                {
                    "text": "On the frontend, users will see a message that reads, \"This field is required\" if they try to submit your form without making a selection from your Checkboxes field."
                },
                {
                    "image_link": "https://wpforms.com/wp-content/uploads/2022/12/checkboxes-required-field.png"
                },
                {
                    "text": "Note: Want to customize the text users will see if they skip over a required field in your forms? Check out our tutorial on changing validation messages ."
                },
                {
                    "url": "https://wpforms.com/docs/customize-wpforms-validation-messages/"
                }
            ]
        },
        {
            "subtitle": "Randomizing Choices",
            "content": [
                {
                    "text": "Making your Checkboxes choices appear in a random order each time your form loads can prevent order bias in your entries."
                },
                {
                    "text": "To randomize your Checkboxes choices, click on the Advanced tab in the Field Options panel."
                },
                {
                    "image_link": "https://wpforms.com/wp-content/uploads/2021/08/checkboxes-advanced-field-options.png"
                },
                {
                    "text": "Then toggle on the Randomize Choices setting."
                },
                {
                    "image_link": "https://wpforms.com/wp-content/uploads/2021/08/randomize-checkboxes-choice.png"
                },
                {
                    "text": "Note: For more details, see our full tutorial on how to randomize choices for Checkboxes and Multiple Choice fields ."
                },
                {
                    "url": "https://wpforms.com/docs/how-to-randomize-checkbox-and-multiple-choice-options/"
                }
            ]
        },
        {
            "subtitle": "Displaying Checkboxes in a Multi-Column Layout",
            "content": [
                {
                    "text": "If your Checkboxes field includes a lot of choices, it can be useful to organize them in a multi-column layout so that they take up less space."
                },
                {
                    "text": "Using the Choice Layout dropdown, you can arrange your checkboxes in 1, 2, or 3 columns."
                },
                {
                    "image_link": "https://wpforms.com/wp-content/uploads/2021/08/checkboxes-choices-layout.png"
                },
                {
                    "text": "Or you can choose the Inline option to display all the choices in one row. If you have more choices than can fit in a single row, they will wrap around to a new row, like so."
                },
                {
                    "image_link": "https://wpforms.com/wp-content/uploads/2022/12/checkboxes-field-inline-style.png"
                },
                {
                    "text": "Note: Please see our tutorial on creating multi-column layouts for Checkboxes fields for more details."
                },
                {
                    "url": "https://wpforms.com/docs/how-to-create-a-multi-column-layout-for-radio-buttons-and-checkboxes/"
                }
            ]
        },
        {
            "subtitle": "Limiting Choice Selections for Checkboxes",
            "content": [
                {
                    "text": "By default, the Checkboxes field allows users to select as many choices as they like. If you would like to limit the number of options your users can select, you can enter a number in the Choice Limit field in the advanced field options."
                },
                {
                    "image_link": "https://wpforms.com/wp-content/uploads/2021/08/checkboxes-choice-limit.png"
                },
                {
                    "text": "Note: Check out our tutorial on limiting Checkboxes selections for more information on this field option."
                },
                {
                    "url": "https://wpforms.com/docs/how-to-limit-the-number-of-checkboxes-selections/"
                }
            ]
        },
        {
            "subtitle": "Using Checkboxes Dynamic Choices",
            "content": [
                {
                    "text": "Checkboxes fields can use data from your site such as taxonomies or post titles to dynamically populate your choices."
                },
                {
                    "text": "To enable this option, select either Post Type or Taxonomy from the Dynamic Choices dropdown."
                },
                {
                    "image_link": "https://wpforms.com/wp-content/uploads/2021/08/checkboxes-dynamic-choices.png"
                },
                {
                    "text": "Note: Looking for more guidance on how to set up your dynamic choices? See our step-by-step tutorial on how to use dynamic values in WPForms for all the details."
                },
                {
                    "url": "https://wpforms.com/docs/how-to-set-dynamic-field-default-values-in-wpforms/"
                }
            ]
        },
        {
            "subtitle": "Hiding the Field Label",
            "content": [
                {
                    "text": "Finally, if you would like to hide your Checkboxes field label on the frontend, toggle on the Hide Label setting in the Advanced tab of the Field Options panel."
                },
                {
                    "image_link": "https://wpforms.com/wp-content/uploads/2021/08/hide-checkboxes-label.png"
                },
                {
                    "text": "Note: Even if you hide a field's label on the frontend, we recommend that you still include a label for it in its general field options. This will help you identify the field in your form's entries ."
                },
                {
                    "url": "https://wpforms.com/docs/complete-guide-to-form-entries/"
                }
            ]
        },
        {
            "subtitle": "Enabling the Disclaimer or Terms of Service Display",
            "content": [
                {
                    "text": "Since many forms ask users to verify that they've read the Terms of Service or that they acknowledge a disclaimer, WPForms enables you to easily add a checkbox for users to click to do so."
                },
                {
                    "text": "To turn this feature on, toggle the Enable Disclaimer / Terms of Service Display option into the \"on\" position."
                },
                {
                    "image_link": "https://wpforms.com/wp-content/uploads/2021/08/enable-tems-of-service-disclaimer.png"
                },
                {
                    "text": "Use the Description field in the general field options to list your terms or share your disclaimer. Then add a single choice labeled something like \"I agree to the terms and conditions\" or \"I acknowledge the disclaimer below.\""
                },
                {
                    "url": "#description"
                },
                {
                    "url": "#add-remove-choices"
                },
                {
                    "text": "On the frontend, the text from the field description will appear in a white box below the single checkbox."
                },
                {
                    "image_link": "https://wpforms.com/wp-content/uploads/2021/08/terms-of-service-checkbox-example-2.png"
                },
                {
                    "text": "Note: For more details on how to set up a Terms of Service or Disclaimer checkbox, see our full tutorial on this feature ."
                },
                {
                    "url": "https://wpforms.com/docs/how-to-add-a-terms-of-service-checkbox-to-a-form/"
                }
            ]
        },
        {
            "subtitle": "Frequently Asked Questions",
            "content": [
                {
                    "text": "These are answers to some top questions we receive regarding the Checkboxes field."
                }
            ]
        },
        {
            "subtitle": "How can I display dynamic data in the labels of my Checkboxes?",
            "content": [
                {
                    "text": "You can include dynamic data within checkbox labels by using Smart Tags. This requires a PHP snippet to enable the processing of Smart Tags directly in checkbox labels. For step-by-step instructions on how to implement this, please refer to our developer documentation ."
                },
                {
                    "url": "https://wpforms.com/developers/process-smart-tags-in-checkbox-labels/"
                }
            ]
        },
        {
            "subtitle": "How can I set a minimum number of choices for a Checkboxes field in WPForms?",
            "content": [
                {
                    "text": "To enforce a minimum number of selections in a checkbox field, you can utilize a JavaScript snippet. This allows you to specify a minimum number of choices that users must select before submitting the form, which is particularly useful for surveys or forms where a minimum level of engagement is required."
                },
                {
                    "text": "For step-by-step instructions on implementing this feature, refer to our developer documentation ."
                },
                {
                    "url": "https://wpforms.com/developers/how-to-set-a-minimum-number-of-choices-for-a-checkbox/"
                },
                {
                    "text": "That's it! Now you know all the options that are available for the Checkboxes field in WPForms."
                },
                {
                    "text": "Next, would you like to show or hide other fields in your form based on users' selections from your Checkboxes field? Be sure to read up on using smart conditional logic in WPForms ."
                },
                {
                    "url": "https://wpforms.com/docs/how-to-use-conditional-logic-with-wpforms/"
                }
            ]
        }
    ],
    "section": "Documentation",
    "category": "Field Types"
}