{
    "product_name": "WPForms",
    "document_id": 267,
    "document_name": "Customizing the Dropdown Field",
    "document_url": "https://wpforms.com/docs/how-to-customize-the-dropdown-field-in-wpforms/",
    "author": "David Ozokoye",
    "reviewer": "Claire Broadley",
    "date": "Updated: Oct 4, 2024",
    "version": "1.0",
    "title": "Customizing the Dropdown Field",
    "content": [
        {
            "subtitle": "Try this Form Demo!",
            "content": [
                {
                    "text": "Before you get started, make sure WPForms is installed and activated on your WordPress site. Then you can create a new form or edit an existing one to open the form builder."
                },
                {
                    "url": "https://wpforms.com/docs/install-wpforms-plugin/"
                },
                {
                    "url": "https://wpforms.com/docs/creating-first-form/"
                },
                {
                    "text": "If you haven't already, add a Dropdown field to your form by clicking on Dropdown in the Standard Fields section of the builder, or dragging and dropping this field into the form preview area."
                },
                {
                    "image_link": "https://wpforms.com/wp-content/uploads/2021/07/Add-a-Dropdown-field-in-WPForms.png"
                }
            ]
        },
        {
            "subtitle": "Editing the Field Label and Description",
            "content": [
                {
                    "text": "First, you may choose to edit the label and description for your Dropdown field. Click on the Dropdown field you wish to customize in the form preview area to open its field options."
                },
                {
                    "text": "Note: Want to learn more about all the field options available in WPForms? See our complete guide for additional customization tips."
                },
                {
                    "url": "https://wpforms.com/docs/how-to-customize-form-field-options/"
                }
            ]
        },
        {
            "subtitle": "Changing the Field Label",
            "content": [
                {
                    "text": "By default, the field label will be \"Dropdown.\" In the Field Options panel, you can enter your own custom label to make this text whatever you want it to be."
                },
                {
                    "image_link": "https://wpforms.com/wp-content/uploads/2021/08/dropdown-field-label.png"
                }
            ]
        },
        {
            "subtitle": "Adding a Description",
            "content": [
                {
                    "text": "Field descriptions can provide users with more details and instructions for filling out your form. You can add one to your Dropdown field in the Description field in the Field Options panel."
                },
                {
                    "image_link": "https://wpforms.com/wp-content/uploads/2021/08/dropdown-field-description.png"
                },
                {
                    "text": "Note: Want to learn more ways to add instructions to your forms? Check out our tutorial on how to add extra text to your forms ."
                },
                {
                    "url": "https://wpforms.com/docs/how-to-add-extra-text-and-descriptions-to-forms/"
                }
            ]
        },
        {
            "subtitle": "Editing, Adding, and Removing Choices",
            "content": [
                {
                    "text": "Dropdown fields enable users to select from multiple options. You can customize these choices in the Field Options panel."
                }
            ]
        },
        {
            "subtitle": "Editing Dropdown Choices",
            "content": [
                {
                    "text": "To customize the text for each of your Dropdown choices, type your desired label into the field provided."
                },
                {
                    "image_link": "https://wpforms.com/wp-content/uploads/2021/08/edit-dropdown-choices-text.png"
                },
                {
                    "text": "Note: Want to learn how to add a conditional \"Other\" choice to your Dropdown field? Check out our tutorial on how to set up this type of option for selection fields ."
                },
                {
                    "url": "https://wpforms.com/docs/how-to-add-an-other-option-for-checkboxes-multiple-choice-or-dropdown-fields/"
                },
                {
                    "text": "To reorder your Dropdown choices, simply drag and drop them into the order in which you want them to appear."
                },
                {
                    "text": "You can preselect a choice by clicking on the radio button to the left of its label."
                },
                {
                    "image_link": "https://wpforms.com/wp-content/uploads/2021/08/preselect-dropdown-choice.png"
                },
                {
                    "text": "Note: For more details on preselecting a choice from your Dropdown field, see our tutorial on adding default values to your form fields ."
                },
                {
                    "url": "https://wpforms.com/docs/how-to-add-default-values-for-form-fields/#multiple-choice"
                }
            ]
        },
        {
            "subtitle": "Adding or Removing Dropdown Choices",
            "content": [
                {
                    "text": "To add a new choice to your Dropdown field, click on one of the blue plus (+) buttons next to an existing choice in the field options."
                },
                {
                    "image_link": "https://wpforms.com/wp-content/uploads/2021/08/add-dropdown-choice.png"
                },
                {
                    "text": "The new choice will appear immediately after the one whose plus (+) button you clicked."
                },
                {
                    "text": "If you would like to add multiple choices all at the same time, click on Bulk Add ."
                },
                {
                    "image_link": "https://wpforms.com/wp-content/uploads/2021/08/bulk-add-dropdown-choices.png"
                },
                {
                    "text": "Then enter each of your new choices on its own line. Once you've entered all of the options you want to include, click on Add New Choices ."
                },
                {
                    "image_link": "https://wpforms.com/wp-content/uploads/2021/08/entering-bulk-dropdown-choices.png"
                },
                {
                    "text": "Your new choices will be added after the last existing choice."
                },
                {
                    "text": "Note: Looking for more guidance on adding choices to your Dropdown fields? See our guide on how to bulk add options to selection fields ."
                },
                {
                    "url": "https://wpforms.com/docs/how-to-bulk-add-choices-for-multiple-choice-checkbox-and-dropdown-fields/"
                },
                {
                    "text": "To remove a choice from your Dropdown field, click on the red minus (-) button next to it."
                },
                {
                    "image_link": "https://wpforms.com/wp-content/uploads/2021/08/remove-dropdown-choice.png"
                }
            ]
        },
        {
            "subtitle": "Generating Choices with WPForms AI",
            "content": [
                {
                    "text": "You can also add choices to your Dropdown field using WPForms AI. This feature allows you to quickly generate relevant choices based on your prompt. To use WPForms AI, simply click the Generate Choices button below the Choices section."
                },
                {
                    "image_link": "https://wpforms.com/wp-content/uploads/2024/09/generate-choices-1024x577.png"
                },
                {
                    "text": "Note: To learn more about generating choices with WPForms AI, be sure to check our tutorial on using AI Choices ."
                },
                {
                    "url": "https://wpforms.com/docs/generating-form-choices-with-wpforms-ai/"
                }
            ]
        },
        {
            "subtitle": "Requiring the Field",
            "content": [
                {
                    "text": "By making your Dropdown field required, you can ensure users make a selection before they submit your form."
                },
                {
                    "text": "To require your Dropdown field, toggle on the Required setting at the bottom of the field options."
                },
                {
                    "image_link": "https://wpforms.com/wp-content/uploads/2021/08/require-dropdown-field.png"
                },
                {
                    "text": "If a user tries to submit your form without making a selection from this Dropdown field, they will see a message that reads, \"This field is required.\""
                },
                {
                    "image_link": "https://wpforms.com/wp-content/uploads/2021/08/required-dropdown-field-validation-1.png"
                },
                {
                    "text": "Note: Would you like to modify the message users will see if they try to submit a form without filling out a required field? Our tutorial on customizing validation messages has all the details."
                },
                {
                    "url": "https://wpforms.com/docs/customize-wpforms-validation-messages/"
                }
            ]
        },
        {
            "subtitle": "Enabling Multiple Options Selection",
            "content": [
                {
                    "text": "Typically, users can only choose one option from a Dropdown field. However, you can allow them to choose multiple options by configuring some settings in the advanced field options."
                },
                {
                    "text": "To enable multiple options selection for your Dropdown field, click on the Advanced tab in the Field Options panel."
                },
                {
                    "image_link": "https://wpforms.com/wp-content/uploads/2021/08/dropdown-field-advanced-options.png"
                },
                {
                    "text": "Then toggle on the Multiple Options Selection setting."
                },
                {
                    "image_link": "https://wpforms.com/wp-content/uploads/2021/08/dropdown-enable-multiple-options-selection.png"
                },
                {
                    "text": "Note: Need some extra help configuring multiple options selection? Check out our full tutorial on this setting for more details."
                },
                {
                    "url": "https://wpforms.com/docs/how-to-allow-multiple-selections-to-a-dropdown-field-in-wpforms/"
                }
            ]
        },
        {
            "subtitle": "Choosing a Dropdown Field Style",
            "content": [
                {
                    "text": "There are two styles available for the Dropdown field: Modern and Classic."
                }
            ]
        },
        {
            "subtitle": "Modern Dropdown Style",
            "content": [
                {
                    "text": "The Modern style appears with a small, filled-in arrow that users can click on to expand the field's choices."
                },
                {
                    "image_link": "https://wpforms.com/wp-content/uploads/2021/08/modern-dropdown-1.png"
                },
                {
                    "text": "No choice is preselected by default in a Modern Dropdown field."
                },
                {
                    "text": "If you enable multiple options selection, users will see the typical Dropdown field. When they click on the arrow to expand the available choices, they will be able to click on as many as they like to add their selections to the field."
                },
                {
                    "image_link": "https://wpforms.com/wp-content/uploads/2021/08/modern-dropdown-multiple-options-selection-1.png"
                },
                {
                    "text": "Each selected choice will have an X button users can click to remove it."
                },
                {
                    "text": "Note: To further customize the Modern Dropdown field, such as controlling the number of search results displayed, see our developer documentation for additional configuration options."
                },
                {
                    "url": "https://wpforms.com/developers/how-to-customize-the-modern-dropdown-field/"
                }
            ]
        },
        {
            "subtitle": "Classic Dropdown Style",
            "content": [
                {
                    "text": "The Classic style Dropdown field appears with an open arrow that users can click to expand the available choices."
                },
                {
                    "image_link": "https://wpforms.com/wp-content/uploads/2021/08/classic-dropdown-1.png"
                },
                {
                    "text": "By default, the first choice listed in the General tab of the Field Options panel will be selected unless you preselect a different option or add placeholder text to the field."
                },
                {
                    "text": "If multiple options selection is enabled, users will see this field as a list of choices. They can click on a single option to select it, or press the Shift key on their keyboard and select multiple items."
                },
                {
                    "text": "Selected choices will appear shaded."
                },
                {
                    "image_link": "https://wpforms.com/wp-content/uploads/2021/08/classic-dropdown-multiple-options-selection-1.png"
                }
            ]
        },
        {
            "subtitle": "Changing the Field Size",
            "content": [
                {
                    "text": "You can adjust the width of your Dropdown field in your published form by selecting Small , Medium , or Large from the Field Size dropdown."
                },
                {
                    "image_link": "https://wpforms.com/wp-content/uploads/2021/08/dropdown-field-size.png"
                },
                {
                    "text": "This option is especially helpful when creating a multi-column layout ."
                },
                {
                    "url": "https://wpforms.com/docs/how-to-create-multi-column-form-layouts-in-wpforms/"
                },
                {
                    "text": "Note: For more details on field sizes, please see our complete guide to field options in WPForms ."
                },
                {
                    "url": "https://wpforms.com/docs/how-to-customize-form-field-options/#field-size"
                }
            ]
        },
        {
            "subtitle": "Adding Placeholder Text",
            "content": [
                {
                    "text": "You can add placeholder text to your Dropdown field to give users additional instructions about how to make their choices. This option also prevents a Classic Dropdown from preselecting the first choice."
                },
                {
                    "text": "To add placeholder text to your Dropdown field, enter your custom text in the Placeholder Text field in the advanced field options."
                },
                {
                    "image_link": "https://wpforms.com/wp-content/uploads/2021/08/dropdown-field-placeholder-text.png"
                },
                {
                    "text": "Note: Need more guidance on adding placeholder text to your Dropdown fields? See our tutorial on using placeholder text in WPForms for more information."
                },
                {
                    "url": "https://wpforms.com/docs/how-to-add-placeholder-text-to-a-form-field/"
                }
            ]
        },
        {
            "subtitle": "Using Dropdown Dynamic Choices",
            "content": [
                {
                    "text": "Dropdown fields can pull data from your site such as taxonomies and content titles to use as choices. These options will automatically update in your forms as you change them elsewhere on your WordPress site."
                },
                {
                    "text": "To enable dynamic choices, open the advanced field options. Then select Post Type or Taxonomy from the Dynamic Choices dropdown."
                },
                {
                    "image_link": "https://wpforms.com/wp-content/uploads/2021/08/dropdown-field-dynamic-choices.png"
                },
                {
                    "text": "Note: Do you need more help setting up your Dropdown field's dynamic choices? See our complete guide to using dynamic values in WPForms for additional details."
                },
                {
                    "url": "https://wpforms.com/docs/how-to-set-dynamic-field-default-values-in-wpforms/"
                }
            ]
        },
        {
            "subtitle": "Hiding the Field Label",
            "content": [
                {
                    "text": "Finally, you may toggle on the Hide Label setting to hide your Dropdown field's label in your embedded form."
                },
                {
                    "image_link": "https://wpforms.com/wp-content/uploads/2021/08/dropdown-field-hide-labels.png"
                },
                {
                    "text": "Note: We recommend that you add a field label in the general field options for your Dropdown field even if you hide its label on the frontend. This will ensure your Dropdown field is still labeled in your form's entries ."
                },
                {
                    "url": "https://wpforms.com/docs/complete-guide-to-form-entries/"
                }
            ]
        },
        {
            "subtitle": "Frequently Asked Questions",
            "content": [
                {
                    "text": "Below, we've answered some of the top questions about customizing the Dropdown field in WPForms."
                }
            ]
        },
        {
            "subtitle": "Can I style the appearance of the Dropdown field?",
            "content": [
                {
                    "text": "Yes. With custom CSS, you can customize the look and feel of the Dropdown field on your site. However, this involves adding CSS code to your site and is intended for users who are tech-savvy. To learn more, be sure to check our tutorial on styling the Dropdown field ."
                },
                {
                    "url": "https://wpforms.com/developers/how-to-style-the-dropdown-field/"
                },
                {
                    "text": "That's it! You can now customize your forms' Dropdown fields so they look and work the way you want them to."
                },
                {
                    "text": "Next, want to add conditional logic to your Dropdown fields? Check out our tutorial on using smart conditional logic in WPForms ."
                },
                {
                    "url": "https://wpforms.com/docs/how-to-use-conditional-logic-with-wpforms/"
                }
            ]
        }
    ],
    "section": "Documentation",
    "category": "Field Customizations"
}