{
    "product_name": "WPForms",
    "document_id": 152,
    "document_name": "Testing Authorize.Net Payments",
    "document_url": "https://wpforms.com/docs/how-to-test-authorize-net-payments-before-accepting-real-payments/",
    "author": "David Ozokoye",
    "reviewer": "Claire Broadley",
    "date": "Updated: Sep 23, 2024",
    "version": "1.0",
    "title": "Testing Authorize.Net Payments",
    "content": [
        {
            "subtitle": "Enabling Authorize.Net Test Mode",
            "content": [
                {
                    "text": "To enable test mode for your Authorize.Net integration, go to WPForms \" Settings \" Payments ."
                },
                {
                    "image_link": "https://wpforms.com/wp-content/uploads/2021/01/open-wpforms-payments-settings.png"
                },
                {
                    "text": "Here, scroll down to the Authorize.Net section and check the Test Mode option to enable Test Mode."
                },
                {
                    "image_link": "https://wpforms.com/wp-content/uploads/2023/09/enable-test-mode-authorize-net.png"
                },
                {
                    "text": "This will open up two additional fields you'll need to fill out: Test API Login ID and Test Transaction Key ."
                },
                {
                    "image_link": "https://wpforms.com/wp-content/uploads/2023/09/authorize-net-credentials.png"
                }
            ]
        },
        {
            "subtitle": "Generating Test Keys",
            "content": [
                {
                    "text": "To generate a Test API Login ID and a Test Transaction Key, you'll first need to log in to your Authorize.Net Sandbox account . If you don't already have one, go ahead and After ensuring that your Sandbox account is in Live mode, exit out of the overlay by clicking the Remind Me Later option. Then, in the left sidebar, click on Settings . From here, click on API Credentials and Keys . On the next page, copy the value next to API Login ID . Back in your WPForms Payments settings, paste the copied value into the Test API Login ID field. Once you've added your Test API Login ID, you'll need to generate a Transaction Key in your Authorize.Net Sandbox account. To do so, switch back over to the page with your Sandbox account settings and look for the section labeled Create New Key(s) . Next to Obtain , select New Transaction Key . Then click the Submit button. Immediately after submitting, you should see an overlay asking you to verify your identity. Click the Request PIN button to start this verification process. After submitting the request, check your email for the PIN. Be sure to enter the value from your email in your Authorize.Net Sandbox account, then click the Verify PIN button. Once you've verified your identity, Authorize.Net will display your Transaction Key. Click the Copy to Clipboard button. Flip back over to the browser tab or window with your WPForms Payments settings. Paste the key into the Test Transaction Key field, then click Save Settings . Creating a Form to Test Payments Next, you need a form you can use to make test payments. You may create a new form or edit an existing one. If you're starting from scratch, you may want to consider using our Billing / Order Form template. Note: Want to learn more about the Billing / Order Form template? See our tutorial on using templates in WPForms for all the details. Regardless of whether you choose to create a new form or edit an existing one, make sure you've added an Authorize.Net field to it. This will add a credit card field that will allow your users to make payments directly in your form. Enabling Authorize.Net Payments Once you've set up your form, you'll need to enable Authorize.Net payments. To do so, go to Payments \" Authorize.Net in the form builder. Then toggle the Enable Authorize.Net payments option to the on position. This will open up additional settings for you to fill out. However, none of these fields are required for testing purposes, so feel free to leave them blank if you want to. After you've set everything up, be sure to save your form. For a comprehensive example, check out our Authorize.Net Order Form Template , which demonstrates how to set up a form with Authorize.Net integration, including product selection, coupon functionality, and detailed customer information fields. Publishing Your Form and Performing a Test Once your form is set up, you can test payments out on the frontend of your site. To do so without publishing your form to a live page, you can use the form preview option in WPForms, or you can add your form to a private page or post . Then go ahead and submit a test entry of your form. Note: While Authorize.Net is in test mode, you will not be able to use real credit card details in your test form. Instead, you'll need to enter a special test card number provided by Authorize.Net. To find a list of test credit card numbers and CCV codes, be sure to check out Authorize.Net's testing guide . Viewing Test Transactions in WPForms To view and manage all test transactions and their details, simply go to WPForms \" Payments and turn on the Test Data option. For full details on viewing test and live payment information, understanding transaction trends, adjusting for different currencies, and more, check out our guide to viewing and managing payments . Note: Looking to offer discounts to your customers through coupon codes? Check out our Coupons addon tutorial for all the details. Viewing Test Transactions in Authorize.Net By default, Authorize.Net will send you a receipt via email for test transactions. However, if you'd also like to view your test transaction in your Sandbox account, click on Unsettled Transactions in the lefthand sidebar to view recent transactions. In this section, you'll be able to see the test transaction you submitted. To view more details about the transaction, click on the Transaction ID number for a specific entry. Switching to Live Mode After you've confirmed that your Authorize.Net payments are working as they should, you're ready to switch your connection to Live mode. To do so, simply head over to your Authorize.Net settings in WPForms and uncheck the box labeled Test Mode . Note: If you haven't already, you'll need to generate keys for Live Mode in your Authorize.Net Merchant account. Once you've unchecked this box, be sure to click the Save Settings button. That's it! Now you can test out your Authorize.Net connection in WPForms. Next, would you like to allow users to choose which payment method they use during checkout? See our tutorial on allowing users to choose a payment method in your forms for more details."
                },
                {
                    "image_link": "https://wpforms.com/wp-content/uploads/2020/08/Authorize.Net-Live-Mode.png"
                },
                {
                    "url": "https://sandbox.authorize.net/"
                },
                {
                    "text": "After ensuring that your Sandbox account is in Live mode, exit out of the overlay by clicking the Remind Me Later option. Then, in the left sidebar, click on Settings ."
                },
                {
                    "image_link": "https://wpforms.com/wp-content/uploads/2020/03/Open-Authorize-Net-account-settings.jpg"
                },
                {
                    "text": "From here, click on API Credentials and Keys ."
                },
                {
                    "image_link": "https://wpforms.com/wp-content/uploads/2020/03/Open-API-Credentials-and-Keys-page-in-Authorize-Net-account.jpg"
                },
                {
                    "text": "On the next page, copy the value next to API Login ID ."
                },
                {
                    "image_link": "https://wpforms.com/wp-content/uploads/2020/03/Copy-API-Login-ID-from-Authorize-Net-account.jpg"
                },
                {
                    "text": "Back in your WPForms Payments settings, paste the copied value into the Test API Login ID field."
                },
                {
                    "image_link": "https://wpforms.com/wp-content/uploads/2023/09/authorize-net-test-api-login.png"
                },
                {
                    "text": "Once you've added your Test API Login ID, you'll need to generate a Transaction Key in your Authorize.Net Sandbox account."
                },
                {
                    "text": "To do so, switch back over to the page with your Sandbox account settings and look for the section labeled Create New Key(s) . Next to Obtain , select New Transaction Key . Then click the Submit button."
                },
                {
                    "image_link": "https://wpforms.com/wp-content/uploads/2020/03/Create-new-transaction-key-in-Authorize-Net-account.jpg"
                },
                {
                    "text": "Immediately after submitting, you should see an overlay asking you to verify your identity. Click the Request PIN button to start this verification process."
                },
                {
                    "image_link": "https://wpforms.com/wp-content/uploads/2021/01/Verify-identify-for-Authorize-Net.png"
                },
                {
                    "text": "After submitting the request, check your email for the PIN. Be sure to enter the value from your email in your Authorize.Net Sandbox account, then click the Verify PIN button."
                },
                {
                    "text": "Once you've verified your identity, Authorize.Net will display your Transaction Key. Click the Copy to Clipboard button."
                },
                {
                    "image_link": "https://wpforms.com/wp-content/uploads/2020/03/Copy-Transaction-Key-from-Authorize-Net-account.jpg"
                },
                {
                    "text": "Flip back over to the browser tab or window with your WPForms Payments settings. Paste the key into the Test Transaction Key field, then click Save Settings ."
                },
                {
                    "image_link": "https://wpforms.com/wp-content/uploads/2021/01/enter-authorize-net-test-transactions-keys.png"
                }
            ]
        },
        {
            "subtitle": "Creating a Form to Test Payments",
            "content": [
                {
                    "text": "Next, you need a form you can use to make test payments. You may create a new form or edit an existing one."
                },
                {
                    "url": "https://wpforms.com/docs/creating-first-form/"
                },
                {
                    "text": "If you're starting from scratch, you may want to consider using our Billing / Order Form template."
                },
                {
                    "image_link": "https://wpforms.com/wp-content/uploads/2021/03/billing-order-form-template.png"
                },
                {
                    "text": "Note: Want to learn more about the Billing / Order Form template? See our tutorial on using templates in WPForms for all the details."
                },
                {
                    "url": "https://wpforms.com/docs/how-to-use-form-templates-in-wpforms/"
                },
                {
                    "text": "Regardless of whether you choose to create a new form or edit an existing one, make sure you've added an Authorize.Net field to it."
                },
                {
                    "image_link": "https://wpforms.com/wp-content/uploads/2021/01/add-authorize.net-field.png"
                },
                {
                    "text": "This will add a credit card field that will allow your users to make payments directly in your form."
                }
            ]
        },
        {
            "subtitle": "Enabling Authorize.Net Payments",
            "content": [
                {
                    "text": "Once you've set up your form, you'll need to enable Authorize.Net payments. To do so, go to Payments \" Authorize.Net in the form builder. Then toggle the Enable Authorize.Net payments option to the on position."
                },
                {
                    "image_link": "https://wpforms.com/wp-content/uploads/2024/02/enable-authorize-net-payments.png"
                },
                {
                    "text": "This will open up additional settings for you to fill out. However, none of these fields are required for testing purposes, so feel free to leave them blank if you want to."
                },
                {
                    "text": "After you've set everything up, be sure to save your form."
                },
                {
                    "text": "For a comprehensive example, check out our Authorize.Net Order Form Template , which demonstrates how to set up a form with Authorize.Net integration, including product selection, coupon functionality, and detailed customer information fields."
                },
                {
                    "url": "https://wpforms.com/templates/authorize-net-order-form-template/"
                }
            ]
        },
        {
            "subtitle": "Publishing Your Form and Performing a Test",
            "content": [
                {
                    "text": "Once your form is set up, you can test payments out on the frontend of your site."
                },
                {
                    "text": "To do so without publishing your form to a live page, you can use the form preview option in WPForms, or you can add your form to a private page or post . Then go ahead and submit a test entry of your form."
                },
                {
                    "url": "https://wpforms.com/docs/how-to-properly-test-your-wordpress-forms-before-launching-checklist/#preview"
                },
                {
                    "url": "https://www.wpbeginner.com/beginners-guide/how-to-create-a-private-post-in-wordpress/"
                },
                {
                    "text": "Note: While Authorize.Net is in test mode, you will not be able to use real credit card details in your test form. Instead, you'll need to enter a special test card number provided by Authorize.Net."
                },
                {
                    "text": "To find a list of test credit card numbers and CCV codes, be sure to check out Authorize.Net's testing guide ."
                },
                {
                    "url": "https://developer.authorize.net/hello_world/testing_guide.html"
                }
            ]
        },
        {
            "subtitle": "Viewing Test Transactions in WPForms",
            "content": [
                {
                    "text": "To view and manage all test transactions and their details, simply go to WPForms \" Payments and turn on the Test Data option."
                },
                {
                    "image_link": "https://wpforms.com/wp-content/uploads/2023/06/view-payments-test-data.png"
                },
                {
                    "text": "For full details on viewing test and live payment information, understanding transaction trends, adjusting for different currencies, and more, check out our guide to viewing and managing payments ."
                },
                {
                    "url": "https://wpforms.com/docs/viewing-and-managing-payments/"
                },
                {
                    "text": "Note: Looking to offer discounts to your customers through coupon codes? Check out our Coupons addon tutorial for all the details."
                },
                {
                    "url": "https://wpforms.com/docs/coupons-addon/"
                }
            ]
        },
        {
            "subtitle": "Viewing Test Transactions in Authorize.Net",
            "content": [
                {
                    "text": "By default, Authorize.Net will send you a receipt via email for test transactions. However, if you'd also like to view your test transaction in your Sandbox account, click on Unsettled Transactions in the lefthand sidebar to view recent transactions."
                },
                {
                    "image_link": "https://wpforms.com/wp-content/uploads/2021/01/authorize-net-unsettled-transactions.png"
                },
                {
                    "text": "In this section, you'll be able to see the test transaction you submitted. To view more details about the transaction, click on the Transaction ID number for a specific entry."
                },
                {
                    "image_link": "https://wpforms.com/wp-content/uploads/2021/01/Test-Transaction-ID-in-Authorize.Net_.png"
                }
            ]
        },
        {
            "subtitle": "Switching to Live Mode",
            "content": [
                {
                    "text": "After you've confirmed that your Authorize.Net payments are working as they should, you're ready to switch your connection to Live mode. To do so, simply head over to your Authorize.Net settings in WPForms and uncheck the box labeled Test Mode ."
                },
                {
                    "image_link": "https://wpforms.com/wp-content/uploads/2023/09/authorize-net-production-mode.png"
                },
                {
                    "text": "Note: If you haven't already, you'll need to generate keys for Live Mode in your Authorize.Net Merchant account."
                },
                {
                    "url": "https://wpforms.com/docs/how-to-install-and-use-the-authorize-net-addon-with-wpforms/#connect-authorize"
                },
                {
                    "text": "Once you've unchecked this box, be sure to click the Save Settings button."
                },
                {
                    "text": "That's it! Now you can test out your Authorize.Net connection in WPForms."
                },
                {
                    "text": "Next, would you like to allow users to choose which payment method they use during checkout? See our tutorial on allowing users to choose a payment method in your forms for more details."
                },
                {
                    "url": "https://wpforms.com/docs/how-to-allow-users-to-choose-a-payment-method-on-your-form/"
                }
            ]
        }
    ],
    "section": "Documentation",
    "category": "Payment Processing"
}