{
    "product_name": "WPForms",
    "document_id": 295,
    "document_name": "Configuring Optimization Settings for WPForms in WP Rocket",
    "document_url": "https://wpforms.com/docs/configuring-optimization-settings-for-wpforms-in-wp-rocket/",
    "author": "Umair Majeed",
    "reviewer": "David Ozokoye",
    "date": "Updated: Oct 22, 2024",
    "version": "1.0",
    "title": "Configuring Optimization Settings for WPForms in WP Rocket",
    "content": [
        {
            "subtitle": "Adjusting WP Rocket Settings",
            "content": [
                {
                    "text": "WP Rocket is a popular caching plugin for speeding up sites. However, in some cases, WPForms users run into issues because of its Combine JavaScript files option."
                },
                {
                    "url": "https://www.wpbeginner.com/plugins/how-to-properly-install-and-setup-wp-rocket-in-wordpress/"
                },
                {
                    "text": "If you're experiencing an issue with WPForms and WP Rocket, you can exclude WPForms assets and other JavaScript files from being optimized. In the next section, we'll go over a few ways to do this."
                }
            ]
        },
        {
            "subtitle": "Excluding a Page or Post",
            "content": [
                {
                    "text": "Excluding only a single page or post from optimization is a good option if you're only experiencing issues on a single page within your site. In this example, we'll show you how to exclude a single page from optimization when using the WordPress Block Editor."
                },
                {
                    "text": "First, open up the page you'd like to exclude. Then, navigate to the Page tab and open up the WP Rocket Options section. From here, make sure the Minify/combine JS option is unchecked and save your settings."
                },
                {
                    "image_link": "https://wpforms.com/wp-content/uploads/2021/10/minify-combine-js-wprocket-page-1.png"
                }
            ]
        },
        {
            "subtitle": "Excluding WPForms Assets",
            "content": [
                {
                    "text": "Excluding WPForms assets will prevent the plugin's JavaScript from being optimized site-wide. This can be helpful if you've run into issues with multiple forms and don't want to go through each page or post to disable the optimization settings."
                },
                {
                    "text": "To exclude WPForms assets from optimization, navigate to Settings \" WP Rocket and open up the File Optimization tab. From there, scroll to the JavaScript Files section."
                },
                {
                    "image_link": "https://wpforms.com/wp-content/uploads/2021/10/file-optimization-setting-wprocket.png"
                },
                {
                    "text": "If you have the Minify JavaScript files option enabled, then under it you should see a box labeled Excluded JavaScript Files"
                },
                {
                    "image_link": "https://wpforms.com/wp-content/uploads/2021/11/javascript-files-section.png"
                },
                {
                    "text": "In this box, add the following script:"
                },
                {
                    "text": "/wp-content/plugins/wpforms/assets/js/frontend/wpforms.min.js"
                },
                {
                    "text": "Once you've added the script, be sure to click the SAVE CHANGES button to save your settings."
                },
                {
                    "image_link": "https://wpforms.com/wp-content/uploads/2024/10/excluded-js-files-wp-rocket-1024x629.png"
                },
                {
                    "text": "Now that you've excluded these assets, your forms should now work as expected on the frontend."
                }
            ]
        },
        {
            "subtitle": "Excluding Files From Delaying JavaScript Execution",
            "content": [
                {
                    "text": "If you're experiencing JavaScript issues and have the Delay JavaScript execution option enabled, WP Rocket suggests that you add some default exclusions to avoid complications."
                },
                {
                    "text": "To do this, go to Settings \" WP Rocket \" File Optimization , then scroll to the Delay JavaScript execution section."
                },
                {
                    "image_link": "https://wpforms.com/wp-content/uploads/2021/11/delay-js-execution-section.png"
                },
                {
                    "text": "In the box labeled Excluded JavaScript Files , add the following scripts:"
                },
                {
                    "code": "/jquery-?[0-9.](.*)(.min|.slim|.slim.min)?.js\njs-(before|after)\n(?:/wp-content/|/wp-includes/)(.*)\n"
                },
                {
                    "text": "Then, be sure to save your changes by clicking the SAVE CHANGES button."
                },
                {
                    "image_link": "https://wpforms.com/wp-content/uploads/2021/11/excluded-js-files-delay-js-execution.png"
                },
                {
                    "text": "Note: For more specific information on WP Rocket settings, please refer to their documentation ."
                },
                {
                    "url": "https://docs.wp-rocket.me/"
                },
                {
                    "text": "That's it! Now you know how to adjust WP Rocket settings to prevent conflicts with WPForms."
                },
                {
                    "text": "Next, would you like to learn more about troubleshooting JavaScript errors in WPForms? Be sure to check out our troubleshooting JavaScript errors guide for more details."
                },
                {
                    "url": "https://wpforms.com/docs/how-to-troubleshoot-javascript-issues-in-wpforms/"
                }
            ]
        }
    ],
    "section": "Documentation",
    "category": "Troubleshooting and Support"
}