{
    "product_name": "WPForms",
    "document_id": 200,
    "document_name": "How to Use PHP Date and Time Formats in WPForms",
    "document_url": "https://wpforms.com/developers/how-to-use-php-date-and-time-formats-in-wpforms/",
    "author": "Umair Majeed",
    "reviewer": "Dimitris Mitsis",
    "date": "Updated: Oct 21, 2024, 05:31 AM",
    "version": "1.0",
    "title": "How to Use PHP Date and Time Formats in WPForms",
    "content": [
        {
            "subtitle": "Understanding Date Format Characters",
            "content": [
                {
                    "text": "Here's a table of the most commonly used characters for formatting dates in WPForms:"
                }
            ]
        },
        {
            "subtitle": "Using Date Formatting in WPForms",
            "content": [
                {
                    "text": "To use these format characters in WPForms, you'll typically combine them into a string. Here are some common examples:"
                },
                {
                    "text": "1. Y-m-d : 2024-10-21 (Year-Month-Day)"
                },
                {
                    "text": "2. d/m/Y : 21/10/2024 (Day/Month/Year)"
                },
                {
                    "text": "3. F j, Y : October 21, 2024 (Month Day, Year)"
                },
                {
                    "text": "4. D, d M Y : Mon, 21 Oct 2024 (Abbreviated Day, Day Month Year)"
                }
            ]
        },
        {
            "subtitle": "Practical Examples in WPForms",
            "content": [
                {
                    "text": "Here are some ways you might use custom date formatting in WPForms:"
                },
                {
                    "text": "1. In Smart Tags : Use the {date} smart tag with custom formatting: {date format=\"Y-m-d\"} would output the current date as 2024-10-21 {date format=\"F j, Y\"} would output October 21, 2024"
                },
                {
                    "text": "2. {date format=\"Y-m-d\"} would output the current date as 2024-10-21"
                },
                {
                    "text": "3. {date format=\"F j, Y\"} would output October 21, 2024"
                },
                {
                    "text": "4. In Date/Time fields : When setting up a Date/Time field, you can customize the date format: Using d/m/Y for a day/month/year format Use M j, Y for a shortened month name format like Oct 21, 2024"
                },
                {
                    "text": "5. Using d/m/Y for a day/month/year format"
                },
                {
                    "text": "6. Use M j, Y for a shortened month name format like Oct 21, 2024"
                },
                {
                    "text": "{date format=\"Y-m-d\"} would output the current date as 2024-10-21"
                },
                {
                    "text": "{date format=\"F j, Y\"} would output October 21, 2024"
                },
                {
                    "text": "Using d/m/Y for a day/month/year format"
                },
                {
                    "text": "Use M j, Y for a shortened month name format like Oct 21, 2024"
                },
                {
                    "text": "Note : The default Date/Time field in WPForms offers limited format options. To use custom formats like those mentioned above, you'll need to create additional formats using a PHP snippet. Please refer to our guide on creating additional date/time formats for more details."
                },
                {
                    "url": "https://wpforms.com/developers/how-to-create-additional-formats-for-the-date-time-field-time-picker/"
                }
            ]
        }
    ],
    "section": "Developers",
    "category": "Extending"
}