{
    "product_name": "WPForms",
    "document_id": 523,
    "document_name": "wpforms_tasks_entry_emails_trigger_send_same_process",
    "document_url": "https://wpforms.com/developers/wpforms_tasks_entry_emails_trigger_send_same_process/",
    "author": null,
    "reviewer": null,
    "date": null,
    "version": "1.0",
    "title": "wpforms_tasks_entry_emails_trigger_send_same_process",
    "content": [
        {
            "subtitle": "Description",
            "content": [
                {
                    "text": "The wpforms_tasks_entry_emails_trigger_send_same_process filter is used to enable/disable notification emails sent asynchronously. The default behavior is enabled."
                }
            ]
        },
        {
            "subtitle": "Parameters",
            "content": [
                {
                    "text": "$enabled: (bool)Returning true disables asynchronously notification emails. The default is false."
                }
            ]
        },
        {
            "subtitle": "Source",
            "content": [
                {
                    "text": "wpforms/includes/emails/class-emails.php"
                }
            ]
        },
        {
            "subtitle": "More Information",
            "content": [
                {
                    "text": "Since WPForms version 1.5.9, form email notifications are sent asynchronously, similar to a \"background process\". In some cases, particularly with sites that have low traffic, this can cause a delay with notifications sending out. This filter can be used to disable asynchronously form notifications and have notifications sent instantly during form processing."
                }
            ]
        },
        {
            "subtitle": "Example",
            "content": [
                {
                    "code": "\n/**\n * Disable form notifications sending asynchronously.\n *\n * @link    https://wpforms.com/developers/wpforms_tasks_entry_emails_trigger_send_same_process/\n *\n * @param   bool   $enabled    Default is false (emails send asynchronously).\n * @return  bool\n */\n\nadd_filter( 'wpforms_tasks_entry_emails_trigger_send_same_process', '__return_true' );\n"
                }
            ]
        },
        {
            "subtitle": "Reference Articles",
            "content": [
                {
                    "text": "How to Disable the Background Processing for Sending Email Notifications"
                },
                {
                    "url": "https://wpforms.com/developers/how-to-disable-the-background-processing-for-sending-email-notifications/"
                }
            ]
        }
    ],
    "section": "Developers",
    "category": "Filters Hooks"
}