{
    "product_name": "WPForms",
    "document_id": 387,
    "document_name": "How to Customize the Form Revisions Limit",
    "document_url": "https://wpforms.com/developers/how-to-customize-the-form-revisions-limit/",
    "author": "Editorial Team",
    "reviewer": "Molly Tyler",
    "date": "Updated: May 31, 2024, 15:17 PM",
    "version": "1.0",
    "title": "How to Customize the Form Revisions Limit",
    "content": [
        {
            "subtitle": "Form Revision Limit",
            "content": [
                {
                    "text": "Before we create our form, we're going to start by adding this snippet to our site."
                },
                {
                    "text": "If you need any assistance in how and where to add snippets to your site, please check out this tutorial ."
                },
                {
                    "url": "https://wpforms.com/developers/how-to-add-custom-php-or-javascript-for-wpforms/"
                }
            ]
        },
        {
            "subtitle": "Disabling form revisions",
            "content": [
                {
                    "text": "If you would like to disable the form revisions completely, just add this snippet to your site."
                },
                {
                    "code": "\n/**\n * Disable form revisions\n *\n * @link https://wpforms.com/developers/how-to-customize-the-form-revisions-limit/\n */\n\nfunction wpf_dev_revisions_to_keep( $num, $post ) {\n\t\n\t// -1 for unlimited form revisions, set to 0 to disable form revisions completely\n\t// Control the form revisions number by setting the return value to a specific number\n\treturn 0; \n\t\n}\nadd_filter( 'wp_wpforms_revisions_to_keep', 'wpf_dev_revisions_to_keep', 10, 2 );\n\n"
                },
                {
                    "text": "By using this snippet, form revisions have been disabled. This doesn't affect your global post revisions, only the WPForms revisions."
                },
                {
                    "image_link": "https://wpforms.com/wp-content/uploads/2022/03/wpforms-disable-form-revisions.jpg"
                }
            ]
        },
        {
            "subtitle": "Customizing the form revisions limit",
            "content": [
                {
                    "text": "If you have global post revisions enabled but you want to customize the WPForms form revisions limit, please use the following snippet."
                },
                {
                    "code": "\n/**\n * Customize form revisions limit\n *\n * @link https://wpforms.com/developers/how-to-customize-the-form-revisions-limit/\n */\n\nfunction wpf_dev_revisions_to_keep( $num, $post ) {\n\t\n\t// -1 for unlimited form revisions, set to 0 to disable form revisions completely\n\t// Control the form revisions number by setting the return value to a specific number\n\treturn 4; \n\t\n}\nadd_filter( 'wp_wpforms_revisions_to_keep', 'wpf_dev_revisions_to_keep', 10, 2 );\n\n"
                },
                {
                    "text": "With this snippet, we're storing the last 4 revisions. You can use any number here and that is the number of revisions WPForms will store."
                },
                {
                    "image_link": "https://wpforms.com/wp-content/uploads/2022/03/wpforms-set-form-revisions-limit-new.jpg"
                },
                {
                    "text": "Please see the next section to set the form revisions limit to unlimited ."
                }
            ]
        },
        {
            "subtitle": "Enabling unlimited form revisions",
            "content": [
                {
                    "text": "This snippet is designed specifically if your post revisions on WordPress or your server are disabled. Using this snippet would not only enable WPForms form revisions but will also set the form revisions limit to unlimited."
                },
                {
                    "text": "WPForms will display a message to let you know if the global setting for post revisions is disabled."
                },
                {
                    "image_link": "https://wpforms.com/wp-content/uploads/2022/03/wpforms-post-revisions-disabled.jpg"
                },
                {
                    "text": "For the purpose of this tutorial, we not only want to enable form revisions, we also want to set the form revisions to store an unlimited amount. To do this, we're going to add this snippet to our site."
                },
                {
                    "code": "\n/**\n * Enable unlimited post revisions for WPForms\n *\n * @link https://wpforms.com/developers/how-to-customize-the-form-revisions-limit/\n */\n\nfunction wpf_dev_revisions_to_keep( $num, $post ) {\n\t\n\t// -1 for unlimited form revisions, set to 0 to disable form revisions completely\n\t// Control the form revisions number by setting the return value to a specific number\n\treturn -1; \n\t\n}\nadd_filter( 'wp_wpforms_revisions_to_keep', 'wpf_dev_revisions_to_keep', 10, 2 );\n\n"
                },
                {
                    "text": "With this snippet, you won't see a message at all since the form revisions limit is now set to -1 , which is unlimited. You'll only see a list of all the revisions."
                },
                {
                    "image_link": "https://wpforms.com/wp-content/uploads/2022/03/wpforms-unlimited-form-revisions.jpg"
                },
                {
                    "text": "And that's all you need! Would you like to set a default image for all of your post submissions? Check out our tutorial on How to Set a Default Featured Image for Post Submissions ."
                },
                {
                    "url": "https://wpforms.com/developers/how-to-set-a-default-featured-image-for-post-submissions/"
                }
            ]
        }
    ],
    "section": "Developers",
    "category": "Extending"
}