{
    "product_name": "WPForms",
    "document_id": 42,
    "document_name": "How to Hide Image Choices in Notification Emails",
    "document_url": "https://wpforms.com/developers/how-to-hide-image-choices-in-notification-emails/",
    "author": "Editorial Team",
    "reviewer": "Molly Tyler",
    "date": "Updated: Mar 19, 2024, 15:11 PM",
    "version": "1.0",
    "title": "How to Hide Image Choices in Notification Emails",
    "content": [
        {
            "subtitle": "Hiding the image choices in notifications",
            "content": [
                {
                    "text": "The four snippets shown below each apply to a different field type: Multiple Choice , Checkboxes , Payment Checkbox Items , and Payment Multiple Items fields."
                },
                {
                    "text": "As an example, this is how a form would look with images set up for the Checkboxes ."
                },
                {
                    "image_link": "https://wpforms.com/wp-content/uploads/2020/01/wpforms_hide_image_choices_notifications_before.jpg"
                },
                {
                    "text": "To hide the Image Choices for all of these form fields, you'll need to copy all three snippets into your site. If you're not sure how or where to add snippets to your site, please review this tutorial ."
                },
                {
                    "url": "https://wpforms.com/developers/how-to-add-custom-php-or-javascript-for-wpforms/"
                }
            ]
        },
        {
            "subtitle": "Multiple Choice Field",
            "content": [
                {
                    "code": "\n/**\n * Multiple Choice - hide images on notification emails\n *\n * @link https://wpforms.com/developers/how-to-hide-image-choices-in-notification-emails/\n * @return bool\n */\n\nadd_filter( 'wpforms_radio_field_html_value_images', '__return_false' );\n"
                }
            ]
        },
        {
            "subtitle": "Checkbox Field",
            "content": [
                {
                    "code": "\n/*\n * Checkboxes - hide images on notification emails\n *\n * @link https://wpforms.com/developers/how-to-hide-image-choices-in-notification-emails/\n * @return bool\n */\n\nadd_filter( 'wpforms_checkbox_field_html_value_images', '__return_false' );\n\n"
                }
            ]
        },
        {
            "subtitle": "Payment Multiple Items Field",
            "content": [
                {
                    "code": "\n/*\n * Multiple Items - hide images on notification emails\n *\n * @link https://wpforms.com/developers/how-to-hide-image-choices-in-notification-emails/\n * @return bool\n */\n\nadd_filter( 'wpforms_payment-multiple_field_html_value_images', '__return_false' );\n\n"
                }
            ]
        },
        {
            "subtitle": "Payment Checkbox Items Field",
            "content": [
                {
                    "code": "\n/*\n * Checkbox Items - hide images on notification emails\n *\n * @link https://wpforms.com/developers/how-to-hide-image-choices-in-notification-emails/\n * @return bool\n */\n\nadd_filter( 'wpforms_payment-checkbox_field_html_value_images', '__return_false' );\n\n"
                },
                {
                    "text": "By removing the image choices from the notification emails you can reduce the size of the email as it's being sent."
                },
                {
                    "image_link": "https://wpforms.com/wp-content/uploads/2020/01/wpforms_hide_image_choices_notifications_after.jpg"
                },
                {
                    "text": "And that's all you need to disable these images in your notifications. Would you like to change or remove the text shown at the bottom of these email notifications? If so, take a look at our How to Remove or Change Email Notification Footer Text ."
                },
                {
                    "url": "https://wpforms.com/developers/how-to-remove-or-change-email-notification-footer-text/"
                }
            ]
        },
        {
            "subtitle": "Reference Filters",
            "content": [
                {
                    "text": "wpforms_checkbox_field_html_value_images"
                },
                {
                    "text": "wpforms_radio_field_html_value_images"
                },
                {
                    "text": "wpforms_payment-multiple_field_html_value_images"
                },
                {
                    "text": "wpforms_payment-checkbox_field_html_value_images"
                },
                {
                    "url": "https://wpforms.com/developers/wpforms_checkbox_field_html_value_images/"
                },
                {
                    "url": "https://wpforms.com/developers/wpforms_radio_field_html_value_images/"
                },
                {
                    "url": "https://wpforms.com/developers/wpforms_payment-multiple_field_html_value_images/"
                },
                {
                    "url": "https://wpforms.com/developers/wpforms_payment-checkbox_field_html_value_images/"
                }
            ]
        }
    ],
    "section": "Developers",
    "category": "Notifications"
}