{
    "product_name": "WPForms",
    "document_id": 461,
    "document_name": "How to Style the Poll Results Confirmation Screen",
    "document_url": "https://wpforms.com/developers/how-to-style-the-poll-results-confirmation-screen/",
    "author": "Editorial Team",
    "reviewer": "Molly Tyler",
    "date": "Updated: Jan 30, 2024, 10:48 AM",
    "version": "1.0",
    "title": "How to Style the Poll Results Confirmation Screen",
    "content": [
        {
            "subtitle": "Overview",
            "content": [
                {
                    "text": "Would you like to style the poll results screen that's shown on the confirmation page? When using the Survey and Polls addon you can easily choose to display these results inside your confirmation message. With a little CSS you can easily change the styling of these results. In this tutorial, we're going to walk you through each step on how to change the style for the poll results."
                },
                {
                    "text": "By default, styling is already added to the poll results."
                },
                {
                    "image_link": "https://wpforms.com/wp-content/uploads/2019/10/default-styling-poll-results.jpg"
                }
            ]
        },
        {
            "subtitle": "Setup",
            "content": [
                {
                    "text": "For the purpose of this documentation, we'll assume you've already created your form by following the steps in this tutorial ."
                },
                {
                    "url": "https://wpforms.com/docs/how-to-install-and-use-the-surveys-and-polls-addon/"
                }
            ]
        },
        {
            "subtitle": "Enabling the Poll Results",
            "content": [
                {
                    "text": "To begin, open the form builder and go to the Settings \" Surveys and Polls tab."
                },
                {
                    "text": "Once there, click the checkbox Enable Poll Results ."
                },
                {
                    "image_link": "https://wpforms.com/wp-content/uploads/2019/10/wpforms-enable-poll-results.jpg"
                }
            ]
        },
        {
            "subtitle": "Adding the CSS code",
            "content": [
                {
                    "text": "To style the poll results, you'll need to copy and paste this CSS to your site. If you need some help with how to add CSS to your site, please check out this tutorial ."
                },
                {
                    "url": "https://wpforms.com/developers/how-to-add-custom-css-styles-for-wpforms/"
                },
                {
                    "code": "\n#wpforms-confirmation-194 .wpforms-poll-answer-bar {\n    background-color: #c45e1b;\n    background: repeating-linear-gradient(45deg, #c45e1b, #c45e1b 10px, #f08a5d 10px, #f08a5d 20px);\n    border-right: 1px solid #c45e1b;\n}\n \n#wpforms-confirmation-194 {\n    background: transparent;\n    border: none;\n}\n"
                },
                {
                    "text": "For a more detailed explanation of linear-gradients, please see the Mozilla documentation ."
                },
                {
                    "url": "https://developer.mozilla.org/en-US/docs/Web/CSS/linear-gradient"
                },
                {
                    "text": "Remember to update the -194 to match the form ID of your specific form. If you need help finding your form ID, please review this tutorial ."
                },
                {
                    "url": "https://wpforms.com/developers/how-to-locate-form-id-and-field-id/"
                },
                {
                    "image_link": "https://wpforms.com/wp-content/uploads/2019/10/wpforms-poll-results-styling.jpg"
                },
                {
                    "text": "If you need any assistance in picking your gradient colors in the CSS above, please visit the CSS Gradient site for the online (free) generator."
                },
                {
                    "url": "https://cssgradient.io/"
                },
                {
                    "text": "And that's it! You've now successfully used CSS to change the styling of the poll results on the confirmation screen. Would you like to learn how to style the placeholders in your form fields? Take a look at this tutorial on How to Style Placeholder Text for Form Fields ."
                },
                {
                    "url": "https://wpforms.com/developers/style-placeholder-text-for-form-fields/"
                }
            ]
        }
    ],
    "section": "Developers",
    "category": "Snippets"
}