{
    "product_name": "WPForms",
    "document_id": 114,
    "document_name": "How to Change the Tab Order Inside the Layout Field",
    "document_url": "https://wpforms.com/developers/how-to-change-the-tab-order-inside-the-layout-field/",
    "author": "Editorial Team",
    "reviewer": "Molly Tyler",
    "date": "Updated: Aug 1, 2023, 12:27 PM",
    "version": "1.0",
    "title": "How to Change the Tab Order Inside the Layout Field",
    "content": [
        {
            "subtitle": "Introduction",
            "content": [
                {
                    "text": "Are you using the Layout field and would like to change the tab order? By default, the tabbing sequence for this field proceeds through all the left-side fields before moving to the right-side ones. In just a few simple steps, we'll demonstrate how to customize the tab order effortlessly using a JavaScript snippet. Let's get started!"
                }
            ]
        },
        {
            "subtitle": "Creating the form",
            "content": [
                {
                    "text": "To begin, we'll create a new form using the Layout field. If you need any assistance with this, please check out this useful documentation ."
                },
                {
                    "url": "https://wpforms.com/docs/how-to-use-the-layout-field-in-wpforms/"
                },
                {
                    "text": "For the purpose of this documentation, we've added the Name , Email , Phone , and a few other fields inside our Layout field."
                },
                {
                    "image_link": "https://wpforms.com/wp-content/uploads/2023/08/changing-tab-order-layout-field-create-form.jpg"
                }
            ]
        },
        {
            "subtitle": "Adding the snippet",
            "content": [
                {
                    "text": "Once the form is created, you'll need to add this snippet to your site."
                },
                {
                    "text": "If you need any assistance with how and where to add snippets to your site, please visit this tutorial ."
                },
                {
                    "url": "https://wpforms.com/developers/how-to-add-custom-php-or-javascript-for-wpforms/"
                },
                {
                    "code": "\n/**\n* Change tab order inside layout field\n*\n* @link https://wpforms.com/developers/how-to-change-the-tab-order-inside-the-layout-field/\n*/\n\nfunction wpf_dev_change_layout_field_tab_order( ) {\n?>\n \n<script type=\"text/javascript\">\n \n    jQuery(function($){\n \n\t\t// form ID 2771 and field ID 10 - name field\n        document.getElementById(\"wpforms-2771-field_10\").tabIndex = 1;\n\t\t// form ID 2771 and field ID 27 - email field\n\t\tdocument.getElementById(\"wpforms-2771-field_27\").tabIndex = 2;\n\t\t// form ID 2771 and field ID 26 - phone field\n\t\tdocument.getElementById(\"wpforms-2771-field_26\").tabIndex = 3;\n\t\t// form ID 2771 and field ID 43 - dedicated to field\n\t\tdocument.getElementById(\"wpforms-2771-field_43\").tabIndex = 4;\n\t\t// form ID 2771 and field ID 30 - book delivery left field\n\t\tdocument.getElementById(\"wpforms-2771-field_30\").tabIndex = 5;\n\t\t// form ID 2771 and field ID 36 - book delivery right field\n\t\tdocument.getElementById(\"wpforms-2771-field_36\").tabIndex = 6;\n\t\t\n    });\n \n    </script>\n \n<?php\n}\n \nadd_action( 'wpforms_wp_footer_end', 'wpf_dev_change_layout_field_tab_order', 30 );\n"
                },
                {
                    "text": "This snippet will find each element of the form by the ID number and assign a tabIndex so that when tabbing through the form, it will appear in the order you've defined in the snippet."
                },
                {
                    "text": "You'll need to update each field ID and tabIndex for each field in your form. To find your field ID, please review this documentation ."
                },
                {
                    "url": "https://wpforms.com/developers/how-to-locate-form-id-and-field-id/"
                },
                {
                    "text": "And that's all you need to set the tab order of fields inside your Layout field. Would you like to be able to hide a Layout field until a particular question on your form is answered? Take a look at our tutorial on How to Show or Hide a Layout Field ."
                },
                {
                    "url": "https://wpforms.com/developers/how-to-show-or-hide-a-layout-field/"
                }
            ]
        },
        {
            "subtitle": "Related",
            "content": [
                {
                    "text": "Action Reference: wpforms_wp_footer_end"
                },
                {
                    "url": "https://wpforms.com/developers/wpforms_wp_footer_end/"
                }
            ]
        }
    ],
    "section": "Developers",
    "category": "Tutorials"
}