{
    "product_name": "WPForms",
    "document_id": 187,
    "document_name": "How to Customize the Number Slider",
    "document_url": "https://wpforms.com/developers/how-to-customize-the-number-slider/",
    "author": "Editorial Team",
    "reviewer": "Molly Tyler",
    "date": "Updated: Oct 27, 2023, 14:57 PM",
    "version": "1.0",
    "title": "How to Customize the Number Slider",
    "content": [
        {
            "subtitle": "Introduction",
            "content": [
                {
                    "text": "Looking to customize the Number Slider field with decimal points? By default, this field in the form builder lets you adjust your increments, but it's limited to whole numbers only."
                },
                {
                    "image_link": "https://wpforms.com/wp-content/uploads/2023/10/wpforms-default-increment-number-slider-wpforms.jpg"
                },
                {
                    "text": "If you want to switch from using whole numbers to decimals, you've come to the right tutorial!"
                },
                {
                    "text": "Keep in mind that when you use this snippet, the Increment setting in the form builder will be overridden."
                }
            ]
        },
        {
            "subtitle": "Adding the snippet",
            "content": [
                {
                    "text": "In this tutorial, we'll start by adding the following snippet to our site. If you're uncertain about where or how to add snippets, please take a look at this tutorial for guidance ."
                },
                {
                    "url": "https://wpforms.com/developers/how-to-add-custom-php-or-javascript-for-wpforms/"
                },
                {
                    "code": "\n/**\n * Customize the number slider\n * Apply the class \"wpf-num-limit-slider\" to the field to enable.\n *\n * @link https://wpforms.com/developers/how-to-customize-the-number-slider/\n */\n \nfunction wpf_dev_num_slider_step_count() {\n    ?>\n    <script type=\"text/javascript\">\n        jQuery(function(){\n\n            // Enter the step amount you would like to update. \n            // Default step count is 1 in whole numbers only \n            jQuery( '.wpf-num-limit-slider input' ).attr({ 'step': .1 } ); \n        });\n \n    </script>\n    <?php\n}\nadd_action( 'wpforms_wp_footer_end', 'wpf_dev_num_slider_step_count', 30 );\n"
                },
                {
                    "text": "This snippet is designed to locate any Number Slider within your WPForms that has the CSS class wpf-num-limit-slider . Once it identifies these fields, it will modify the Increment value, allowing it to increase in steps of 0.1 ."
                }
            ]
        },
        {
            "subtitle": "Creating the form",
            "content": [
                {
                    "text": "Now, let's get started by creating your form. If you're unsure about creating a form, you can refer to our comprehensive documentation for assistance ."
                },
                {
                    "url": "https://wpforms.com/docs/creating-first-form/"
                },
                {
                    "text": "Add the necessary fields to your form, including at least one Number Slider field."
                },
                {
                    "text": "After adding the Number Slider field, navigate to the Advanced tab and include wpf-num-limit-slider in the CSS Classes field. This will help identify the fields that this snippet should be applied to."
                },
                {
                    "image_link": "https://wpforms.com/wp-content/uploads/2023/10/wpforms-add-css-classes-customize-number-slider.jpg"
                },
                {
                    "text": "Once you've saved your form and preview it, you'll immediately notice that when you engage with the slider, the increments now smoothly go up in decimals. This customization will make your Number Slider field more versatile."
                },
                {
                    "image_link": "https://wpforms.com/wp-content/uploads/2023/10/wpforms-customize-number-slider.jpg"
                },
                {
                    "text": "And that's all you need to customize the Number Slider field. Would you like to limit the range on a standard Numbers field? Take a look at our tutorial on How to Limit Range Allowed in Numbers Field ."
                },
                {
                    "url": "https://wpforms.com/developers/how-to-limit-range-allowed-in-numbers-field/"
                }
            ]
        },
        {
            "subtitle": "Related",
            "content": [
                {
                    "text": "Action Reference: wpforms_wp_footer_end"
                },
                {
                    "url": "https://wpforms.com/developers/wpforms_wp_footer_end/"
                }
            ]
        }
    ],
    "section": "Developers",
    "category": "Tutorials"
}