{
    "product_name": "WPForms",
    "document_id": 222,
    "document_name": "Randomizing Checkbox and Multiple Choice Options",
    "document_url": "https://wpforms.com/docs/how-to-randomize-checkbox-and-multiple-choice-options/",
    "author": "David Ozokoye",
    "reviewer": "Molly Tyler",
    "date": "Updated: May 21, 2024",
    "version": "1.0",
    "title": "Randomizing Checkbox and Multiple Choice Options",
    "content": [],
    "section": "Documentation",
    "category": "Field Customizations"
}