{
    "product_name": "WPForms",
    "document_id": 601,
    "document_name": "How to Change the URL For the reCAPTCHA Script",
    "document_url": "https://wpforms.com/developers/how-to-change-the-url-for-the-recaptcha-script/",
    "author": "Editorial Team",
    "reviewer": "Molly Tyler",
    "date": "Updated: Jan 12, 2024, 15:18 PM",
    "version": "1.0",
    "title": "How to Change the URL For the reCAPTCHA Script",
    "content": [
        {
            "subtitle": "Overview",
            "content": [
                {
                    "text": "Are you interested in adjusting the location from which the Google reCAPTCHA script is loaded? If the default URL, with its associated cookies, doesn't quite fit your needs, you're in luck. With a simple PHP snippet, you can effortlessly modify the reCAPTCHA URL to better suit your preferences. Let's walk through the steps to make this customization."
                }
            ]
        },
        {
            "subtitle": "Setup",
            "content": [
                {
                    "text": "Simply add this snippet to your site. If you need any help in how to add snippets to your site, please see this tutorial ."
                },
                {
                    "url": "https://wpforms.com/developers/how-to-add-custom-php-or-javascript-for-wpforms/"
                },
                {
                    "code": "\n/**\n * Change reCAPTCHA URL script\n *\n * @link   https://wpforms.com/developers/how-to-change-the-url-for-the-recaptcha-script/\n */\n\nfunction wpf_dev_change_recaptcha_url( $captcha_api ) {\n\t\n\treturn str_replace( 'https://www.google.com/recaptcha/api.js', 'https://www.recaptcha.net/recaptcha/api.js', $captcha_api );\n\t\n}\n\nadd_filter( 'wpforms_frontend_captcha_api', 'wpf_dev_change_recaptcha_url', 10, 1 );\n\n"
                },
                {
                    "text": "This snippet will look for the default reCAPTCHA URL and change it for what Google recommends."
                },
                {
                    "text": "And that's it! Would you like to also change the language for reCAPTCHA? Check out our article on How to Set the Language for Google reCAPTCHA ."
                },
                {
                    "url": "https://wpforms.com/developers/how-to-set-the-language-for-google-recaptcha/"
                }
            ]
        }
    ],
    "section": "Developers",
    "category": "Snippets"
}