{
    "product_name": "WPForms",
    "document_id": 560,
    "document_name": "Adding WPForms to an Elementor Page",
    "document_url": "https://wpforms.com/docs/how-to-add-wpforms-to-an-elementor-page/",
    "author": "Umair Majeed",
    "reviewer": "David Ozokoye",
    "date": "Updated: Sep 30, 2024",
    "version": "1.0",
    "title": "Adding WPForms to an Elementor Page",
    "content": [
        {
            "subtitle": "1. Enabling Modern Markup",
            "content": [
                {
                    "text": "Note: If you've already enabled Modern Markup in your WPForms settings, you can skip this section and proceed to the Embedding Your Form section in this guide."
                },
                {
                    "url": "#embedding-form"
                },
                {
                    "text": "Before styling your forms in Elementor, you'll need to enable modern markup in WPForms. To do so, go to WPForms \" Settings and select the General tab."
                },
                {
                    "image_link": "https://wpforms.com/wp-content/uploads/2021/10/WPForms-general-settings.png"
                },
                {
                    "text": "Next, scroll to the General section and ensure the Include Form Styling option is set to Base and form theme styling ."
                },
                {
                    "image_link": "https://wpforms.com/wp-content/uploads/2023/09/include-form-styling.png"
                },
                {
                    "text": "After that, set the Use Modern Markup toggle button to the ON position to enable it."
                },
                {
                    "image_link": "https://wpforms.com/wp-content/uploads/2023/09/use-modern-markup.png"
                },
                {
                    "text": "Be sure to save your changes after enabling this option. Once modern markup is enabled, you're ready to style your forms using Elementor as described in the following sections."
                }
            ]
        },
        {
            "subtitle": "2. Embedding Your Form",
            "content": [
                {
                    "text": "First, you'll need to open up the page or post where you'd like to embed your form."
                },
                {
                    "text": "If you don't see the Elementor builder when you first open the page or post editor, click the blue Edit with Elementor button."
                },
                {
                    "image_link": "https://wpforms.com/wp-content/uploads/2020/08/edit-with-elementor-2.png 1116w, https://wpforms.com/wp-content/uploads/2020/08/edit-with-elementor-2-300x130.png 300w, https://wpforms.com/wp-content/uploads/2020/08/edit-with-elementor-2-1024x444.png 1024w, https://wpforms.com/wp-content/uploads/2020/08/edit-with-elementor-2-768x333.png 768w"
                },
                {
                    "text": "Once you've opened the Elementor builder, look to the left sidebar. In the Basic widgets section, you should see a widget labeled WPForms ."
                },
                {
                    "text": "Go ahead and drag the WPForms widget into the widget area on the right side of the screen."
                },
                {
                    "image_link": "https://wpforms.com/wp-content/uploads/2020/11/add-wpforms-to-elementor.png"
                },
                {
                    "text": "Next, you'll need to choose between adding an existing form or creating a brand new one in Elementor."
                }
            ]
        },
        {
            "subtitle": "Adding an Existing Form",
            "content": [
                {
                    "text": "If you'd like to add a form that you've already created to this page, then click the dropdown inside the WPForms widget. You'll see all the forms you've created. Go ahead and select the one you want to add to your page."
                },
                {
                    "image_link": "https://wpforms.com/wp-content/uploads/2020/08/elementor-widget-select-form-4.png 1116w, https://wpforms.com/wp-content/uploads/2020/08/elementor-widget-select-form-4-300x109.png 300w, https://wpforms.com/wp-content/uploads/2020/08/elementor-widget-select-form-4-1024x373.png 1024w, https://wpforms.com/wp-content/uploads/2020/08/elementor-widget-select-form-4-768x279.png 768w"
                },
                {
                    "text": "Elementor will show you a live preview of your form as it will appear on your website. If you need to make changes to the form, click the Edit the selected form link in the panel on the left."
                },
                {
                    "image_link": "https://wpforms.com/wp-content/uploads/2020/08/elementor-edit-selected-form-3.png 1116w, https://wpforms.com/wp-content/uploads/2020/08/elementor-edit-selected-form-3-300x176.png 300w, https://wpforms.com/wp-content/uploads/2020/08/elementor-edit-selected-form-3-1024x602.png 1024w, https://wpforms.com/wp-content/uploads/2020/08/elementor-edit-selected-form-3-768x451.png 768w"
                },
                {
                    "text": "The form builder will open in a popup window so you can make changes to your form. When you're done editing, click Save , then click the X icon in the top right corner to close the builder."
                },
                {
                    "image_link": "https://wpforms.com/wp-content/uploads/2020/08/elementor-exit-form-builder-popup.png 1116w, https://wpforms.com/wp-content/uploads/2020/08/elementor-exit-form-builder-popup-300x231.png 300w, https://wpforms.com/wp-content/uploads/2020/08/elementor-exit-form-builder-popup-1024x790.png 1024w, https://wpforms.com/wp-content/uploads/2020/08/elementor-exit-form-builder-popup-768x593.png 768w"
                },
                {
                    "text": "You'll instantly see any changes you made in the Elementor builder."
                }
            ]
        },
        {
            "subtitle": "Creating a New Form",
            "content": [
                {
                    "text": "If you don't have any forms yet, or just want to build a new one for this page, then you can create a new form without ever closing the Elementor page builder. To do so, click the + New Form button in the panel on the left."
                },
                {
                    "image_link": "https://wpforms.com/wp-content/uploads/2020/08/elementor-new-form-2.png 1116w, https://wpforms.com/wp-content/uploads/2020/08/elementor-new-form-2-300x112.png 300w, https://wpforms.com/wp-content/uploads/2020/08/elementor-new-form-2-1024x381.png 1024w, https://wpforms.com/wp-content/uploads/2020/08/elementor-new-form-2-768x286.png 768w"
                },
                {
                    "text": "The WPForms form builder will then pop up so you can begin creating your form, starting with adding a name and choosing a template."
                },
                {
                    "image_link": "https://wpforms.com/wp-content/uploads/2020/08/elementor-create-new-form.png 1116w, https://wpforms.com/wp-content/uploads/2020/08/elementor-create-new-form-300x198.png 300w, https://wpforms.com/wp-content/uploads/2020/08/elementor-create-new-form-1024x674.png 1024w, https://wpforms.com/wp-content/uploads/2020/08/elementor-create-new-form-768x506.png 768w"
                },
                {
                    "text": "Note: If you need help building your form, take a look at our guide on how to create your first form . Also, check out our Multi-page Elementor form template if you'd like to use a prebuilt form template."
                },
                {
                    "url": "https://wpforms.com/docs/creating-first-form/"
                },
                {
                    "url": "https://wpforms.com/templates/elementor-multi-step-form-template/"
                },
                {
                    "text": "When you're done building your form, click the Save button in the top right corner of the form builder, then click the X icon to close it."
                },
                {
                    "text": "You'll then see your new form in the Elementor page builder. If you need to make more changes, just click the Edit the selected form link in the panel on the left."
                }
            ]
        },
        {
            "subtitle": "3. Configuring Display Options",
            "content": [
                {
                    "text": "To show the form title or description on the page, click to expand the Display Options for the WPForms widget in the panel on the left side of the page builder."
                },
                {
                    "image_link": "https://wpforms.com/wp-content/uploads/2020/08/elementor-wpforms-widget-display-options-3.png 1116w, https://wpforms.com/wp-content/uploads/2020/08/elementor-wpforms-widget-display-options-3-223x300.png 223w, https://wpforms.com/wp-content/uploads/2020/08/elementor-wpforms-widget-display-options-3-761x1024.png 761w, https://wpforms.com/wp-content/uploads/2020/08/elementor-wpforms-widget-display-options-3-768x1033.png 768w"
                },
                {
                    "text": "Then toggle on the settings to Show the Form Name and Form Description to suit your preferences."
                },
                {
                    "image_link": "https://wpforms.com/wp-content/uploads/2020/08/elementor-wpforms-widget-show-form-name-description-3.png 1116w, https://wpforms.com/wp-content/uploads/2020/08/elementor-wpforms-widget-show-form-name-description-3-300x274.png 300w, https://wpforms.com/wp-content/uploads/2020/08/elementor-wpforms-widget-show-form-name-description-3-1024x935.png 1024w, https://wpforms.com/wp-content/uploads/2020/08/elementor-wpforms-widget-show-form-name-description-3-768x701.png 768w"
                },
                {
                    "text": "You can also change the way the form looks on the frontend in the Advanced tab of Elementor's builder."
                },
                {
                    "image_link": "https://wpforms.com/wp-content/uploads/2020/08/elementor-wpforms-widget-advanced-options-5.png 1116w, https://wpforms.com/wp-content/uploads/2020/08/elementor-wpforms-widget-advanced-options-5-300x272.png 300w, https://wpforms.com/wp-content/uploads/2020/08/elementor-wpforms-widget-advanced-options-5-1024x929.png 1024w, https://wpforms.com/wp-content/uploads/2020/08/elementor-wpforms-widget-advanced-options-5-768x697.png 768w"
                },
                {
                    "text": "To learn how to use the settings here, see the Elementor documentation on Advanced widget options ."
                },
                {
                    "url": "https://elementor.com/help/advanced-tab/"
                }
            ]
        },
        {
            "subtitle": "4. Customizing Your Form",
            "content": [
                {
                    "text": "WPForms integrates with Elementor and allows you to customize the appearance of your forms. To start, navigate to the Style tab from Elementor's sidebar menu."
                },
                {
                    "image_link": "https://wpforms.com/wp-content/uploads/2020/08/elementor-wpforms-widget-style-options-2.png 1116w, https://wpforms.com/wp-content/uploads/2020/08/elementor-wpforms-widget-style-options-2-300x194.png 300w, https://wpforms.com/wp-content/uploads/2020/08/elementor-wpforms-widget-style-options-2-1024x662.png 1024w, https://wpforms.com/wp-content/uploads/2020/08/elementor-wpforms-widget-style-options-2-768x496.png 768w"
                },
                {
                    "text": "Note: If you don't see the Style tab in your Elementor screen, you'll need to check that the modern markup option is enabled on your site. Please see the Enabling Modern Markup section at the beginning of this guide on how to do so."
                },
                {
                    "url": "#modern-markup"
                },
                {
                    "text": "The Style tab in Elementor allows you to adjust the style of the form fields, labels, and buttons without needing any CSS knowledge. You'll also find an option to copy these style settings from one form to another in the Advanced section."
                },
                {
                    "text": "We'll cover each of these options in more detail below."
                }
            ]
        },
        {
            "subtitle": "Field Styles",
            "content": [
                {
                    "text": "In the Field Styles option, you'll see settings for Size , Border Radius , and color options for the Background , Border , and Text ."
                },
                {
                    "text": "The Size settings control the size of each field on your form. Available options include: Small , Medium , and Large ."
                },
                {
                    "image_link": "https://wpforms.com/wp-content/uploads/2020/08/style-field-options-elementor-2.png 1116w, https://wpforms.com/wp-content/uploads/2020/08/style-field-options-elementor-2-300x248.png 300w, https://wpforms.com/wp-content/uploads/2020/08/style-field-options-elementor-2-1024x846.png 1024w, https://wpforms.com/wp-content/uploads/2020/08/style-field-options-elementor-2-768x634.png 768w"
                },
                {
                    "text": "Next, you'll find the Border Radius setting. This changes the roundness of your field corners - a higher number means more rounded corners."
                },
                {
                    "image_link": "https://wpforms.com/wp-content/uploads/2020/08/border-radius-option-elementor-styles-1.png 1116w, https://wpforms.com/wp-content/uploads/2020/08/border-radius-option-elementor-styles-1-300x186.png 300w, https://wpforms.com/wp-content/uploads/2020/08/border-radius-option-elementor-styles-1-1024x636.png 1024w, https://wpforms.com/wp-content/uploads/2020/08/border-radius-option-elementor-styles-1-768x477.png 768w"
                },
                {
                    "text": "Next, you'll find options to update the Background , Border , and Text colors of your form fields. To change the default colors, click on the color adjacent to the label."
                },
                {
                    "image_link": "https://wpforms.com/wp-content/uploads/2020/08/color-option-styles-elementor-2.png 1116w, https://wpforms.com/wp-content/uploads/2020/08/color-option-styles-elementor-2-300x277.png 300w, https://wpforms.com/wp-content/uploads/2020/08/color-option-styles-elementor-2-1024x945.png 1024w, https://wpforms.com/wp-content/uploads/2020/08/color-option-styles-elementor-2-768x709.png 768w"
                },
                {
                    "text": "This opens a color picker, allowing you to select the desired color. If you have a specific brand color for your forms, you can directly enter the color code into the HEXA field. While HEXA is the default unit, you can also switch it to RGBA or HSLA as needed."
                },
                {
                    "image_link": "https://wpforms.com/wp-content/uploads/2020/08/color-picker-wpforms-styles-1.png 1116w, https://wpforms.com/wp-content/uploads/2020/08/color-picker-wpforms-styles-1-300x202.png 300w, https://wpforms.com/wp-content/uploads/2020/08/color-picker-wpforms-styles-1-1024x688.png 1024w, https://wpforms.com/wp-content/uploads/2020/08/color-picker-wpforms-styles-1-768x516.png 768w"
                }
            ]
        },
        {
            "subtitle": "Label Styles",
            "content": [
                {
                    "text": "Under Label Styles , you'll see options to adjust the size and colors of your form labels. From the Size dropdown, you can choose either from Small , Medium , or Large , depending on your preference."
                },
                {
                    "image_link": "https://wpforms.com/wp-content/uploads/2020/08/size-option-wpforms-elementor-2.png 1116w, https://wpforms.com/wp-content/uploads/2020/08/size-option-wpforms-elementor-2-300x232.png 300w, https://wpforms.com/wp-content/uploads/2020/08/size-option-wpforms-elementor-2-1024x792.png 1024w, https://wpforms.com/wp-content/uploads/2020/08/size-option-wpforms-elementor-2-768x594.png 768w"
                },
                {
                    "text": "Next, you'll find options to update the colors for Label , Sublabel & Hint , and Error message of your fields. Below, we've explained the available color options."
                },
                {
                    "image_link": "https://wpforms.com/wp-content/uploads/2020/08/style-label-colors-2.png 1116w, https://wpforms.com/wp-content/uploads/2020/08/style-label-colors-2-300x189.png 300w, https://wpforms.com/wp-content/uploads/2020/08/style-label-colors-2-1024x645.png 1024w, https://wpforms.com/wp-content/uploads/2020/08/style-label-colors-2-768x484.png 768w"
                },
                {
                    "text": "Label : This option changes the text color of your labels."
                },
                {
                    "text": "Sublabel & Hint : This option controls the color of field sublabels and hints that appear when WPForms suggests values to users in the frontend."
                },
                {
                    "text": "Error : The color of the error messages that show if an error occurs when users fill out your form."
                }
            ]
        },
        {
            "subtitle": "Button Styles",
            "content": [
                {
                    "text": "The Button Styles settings let you customize the style of your buttons. To change the button's size, click the Size dropdown and select the option you'd like to use."
                },
                {
                    "image_link": "https://wpforms.com/wp-content/uploads/2020/08/button-size-dropdown-1.png 1116w, https://wpforms.com/wp-content/uploads/2020/08/button-size-dropdown-1-300x205.png 300w, https://wpforms.com/wp-content/uploads/2020/08/button-size-dropdown-1-1024x700.png 1024w, https://wpforms.com/wp-content/uploads/2020/08/button-size-dropdown-1-768x525.png 768w"
                },
                {
                    "text": "To give the button rounded edges, simply enter the value in the Border Radius field."
                },
                {
                    "image_link": "https://wpforms.com/wp-content/uploads/2020/08/border-radius-button-2.png 1116w, https://wpforms.com/wp-content/uploads/2020/08/border-radius-button-2-300x266.png 300w, https://wpforms.com/wp-content/uploads/2020/08/border-radius-button-2-1024x908.png 1024w, https://wpforms.com/wp-content/uploads/2020/08/border-radius-button-2-768x681.png 768w"
                },
                {
                    "text": "Next, you'll see options to update the background and text colors of your button."
                },
                {
                    "image_link": "https://wpforms.com/wp-content/uploads/2020/08/button-color-elementor-1.png 1116w, https://wpforms.com/wp-content/uploads/2020/08/button-color-elementor-1-300x167.png 300w, https://wpforms.com/wp-content/uploads/2020/08/button-color-elementor-1-1024x572.png 1024w, https://wpforms.com/wp-content/uploads/2020/08/button-color-elementor-1-768x429.png 768w"
                },
                {
                    "text": "Note: The background color you set for your button will also be used as the default accent color. This means the focus state color for fields, progress bars, radio buttons, and checkboxes will use the button's background color."
                }
            ]
        },
        {
            "subtitle": "Advanced Styling",
            "content": [
                {
                    "text": "In this section, you can add any CSS classes to your form by typing the class name into the Additional Classes field."
                },
                {
                    "image_link": "https://wpforms.com/wp-content/uploads/2020/08/additional-classes-field-1.png 1116w, https://wpforms.com/wp-content/uploads/2020/08/additional-classes-field-1-300x236.png 300w, https://wpforms.com/wp-content/uploads/2020/08/additional-classes-field-1-1024x806.png 1024w, https://wpforms.com/wp-content/uploads/2020/08/additional-classes-field-1-768x604.png 768w"
                },
                {
                    "text": "Next, you'll find the CSS code reflecting all the styles you've added to the form under the Copy / Paste Style Settings ."
                },
                {
                    "text": "This option allows you to copy styles from one form to another."
                },
                {
                    "text": "If you've copied style settings from another form, you'll be able to quickly paste it here. After pasting the code snippet, the form will use the styles from the previous form."
                },
                {
                    "text": "If you'd like to reset any customization you've added to your form, click the Reset Style Settings button. This would restore your form to its original state without any custom styling."
                },
                {
                    "image_link": "https://wpforms.com/wp-content/uploads/2020/08/reset-style-settings-1.png 1116w, https://wpforms.com/wp-content/uploads/2020/08/reset-style-settings-1-300x237.png 300w, https://wpforms.com/wp-content/uploads/2020/08/reset-style-settings-1-1024x808.png 1024w, https://wpforms.com/wp-content/uploads/2020/08/reset-style-settings-1-768x606.png 768w"
                },
                {
                    "text": "After styling your form, be sure to save your changes by either publishing the page or saving it as a draft."
                }
            ]
        },
        {
            "subtitle": "5. Publishing Your Form",
            "content": [
                {
                    "text": "Before going live with your form, it's a good idea to test it out and make sure it works the way you expect. Our guide on how to properly test your WordPress forms before launching includes a complete checklist to help you with this process."
                },
                {
                    "url": "https://wpforms.com/docs/how-to-properly-test-your-wordpress-forms-before-launching-checklist/"
                },
                {
                    "text": "When you're ready to publish your form, click the Publish or Update button at the bottom of the Elementor page builder."
                },
                {
                    "image_link": "https://wpforms.com/wp-content/uploads/2020/08/publish-elementor-form-page-2.png 1116w, https://wpforms.com/wp-content/uploads/2020/08/publish-elementor-form-page-2-300x188.png 300w, https://wpforms.com/wp-content/uploads/2020/08/publish-elementor-form-page-2-1024x642.png 1024w, https://wpforms.com/wp-content/uploads/2020/08/publish-elementor-form-page-2-768x482.png 768w"
                },
                {
                    "text": "That's it! Now you know how to embed WPForms on a page using Elementor."
                },
                {
                    "text": "Next, would you like to show or hide fields based on your users' choices or input in your forms? Take a look at our easy guide to using smart conditional logic for steps on how to implement it."
                },
                {
                    "url": "https://wpforms.com/docs/how-to-use-conditional-logic-with-wpforms/"
                }
            ]
        }
    ],
    "section": "Documentation",
    "category": "Extending Functionality"
}