{
    "product_name": "WPForms",
    "document_id": 185,
    "document_name": "MailerLite Addon",
    "document_url": "https://wpforms.com/docs/install-use-mailerlite-addon-wpforms/",
    "author": "David Ozokoye",
    "reviewer": "Claire Broadley",
    "date": "Updated: Sep 30, 2024",
    "version": "1.0",
    "title": "MailerLite Addon",
    "content": [
        {
            "subtitle": "1. Installing the MailerLite Addon",
            "content": [
                {
                    "text": "First, ensure you've installed and activated WPForms on your WordPress site. Once you've verified your license , you can install and activate the MailerLite addon ."
                },
                {
                    "url": "https://wpforms.com/docs/install-wpforms-plugin/"
                },
                {
                    "url": "https://wpforms.com/docs/verify-wpforms-license/"
                },
                {
                    "url": "https://wpforms.com/docs/install-activate-wpforms-addons/"
                }
            ]
        },
        {
            "subtitle": "2. Setting Up MailerLite Integration",
            "content": [
                {
                    "text": "Once you've got MailerLite installed and activated, it's time to connect your site. To do this, you will need an API key."
                }
            ]
        },
        {
            "subtitle": "Obtaining an API Key",
            "content": [
                {
                    "text": "If you have an existing API key, you can skip this section . Otherwise, open the MailerLite dashboard and click on Integrations to obtain your key."
                },
                {
                    "url": "#managing-connections"
                },
                {
                    "url": "https://dashboard.mailerlite.com/"
                },
                {
                    "image_link": "https://wpforms.com/wp-content/uploads/2022/05/mailerlite-dashboard-integrations-1.png"
                },
                {
                    "text": "Under API in the MailerLite API section, click Use to open the token generation screen."
                },
                {
                    "image_link": "https://wpforms.com/wp-content/uploads/2022/05/mailer-lite-dashboard-use-api-1.png"
                },
                {
                    "text": "Next, click on Generate new token to bring up the Create new API token dialog."
                },
                {
                    "image_link": "https://wpforms.com/wp-content/uploads/2022/05/mailer-lite-dashboard-generate-new-token-1.png"
                },
                {
                    "text": "In the Create new API token dialog, enter a name for your token and choose an option for IP restrictions based on your security needs."
                },
                {
                    "text": "After making your selection, click on Create token to generate a new API token."
                },
                {
                    "image_link": "https://wpforms.com/wp-content/uploads/2024/09/mailer-lite-dashboard-create-token-2-1024x817.png"
                },
                {
                    "text": "MailerLite will generate an API key for you, which you can copy to your clipboard by clicking the Copy button."
                },
                {
                    "image_link": "https://wpforms.com/wp-content/uploads/2022/05/mailerlite-dashboard-copy-api-token-1.png"
                },
                {
                    "text": "You can also click on the Download button to download and save the API key."
                },
                {
                    "image_link": "https://wpforms.com/wp-content/uploads/2022/05/mailerlite-dashboard-download-api-token-1.png"
                },
                {
                    "text": "Once you've copied your API key, you can close the dialog. We highly recommend downloading and saving a copy of the API key."
                },
                {
                    "image_link": "https://wpforms.com/wp-content/uploads/2022/05/mailerlite-dashboard-close-token-popup-1.png"
                },
                {
                    "text": "Note: You won't be able to reaccess the token once you've closed this popup. We recommend saving a copy somewhere secure."
                },
                {
                    "text": "If you lose your API token and need to connect again, you'll need to generate a new token. You can have multiple tokens for the same account."
                }
            ]
        },
        {
            "subtitle": "Managing Connections in WPForms",
            "content": [
                {
                    "text": "Now that you've obtained your API key, you can continue to set up MailerLite integration on your WordPress site."
                },
                {
                    "text": "To do this, go to WPForms \" Settings and click on the Integrations tab."
                },
                {
                    "image_link": "https://wpforms.com/wp-content/uploads/2017/05/wpforms-integrations.png"
                },
                {
                    "text": "Click on MailerLite to reveal the account details for this integration."
                },
                {
                    "text": "Next, click Add New Account , and add your account details, including the MailerLite API Key and MailerLite Account Nickname."
                },
                {
                    "image_link": "https://wpforms.com/wp-content/uploads/2022/05/mailerlite-add-new-account.png"
                },
                {
                    "text": "You can use anything you like for your Account Nickname, but the API key must match what you have in your MailerLite account. If you don't provide an Account Nickname, WPForms will use your MailerLite account name."
                },
                {
                    "text": "To ensure this, paste the API key you copied earlier, where it says MailerLite API Key . Now, give your connection a name and click Connect to MailerLite ."
                },
                {
                    "image_link": "https://wpforms.com/wp-content/uploads/2022/05/mailerlite-connect-in-wpforms.png-.png"
                }
            ]
        },
        {
            "subtitle": "Adding Additional Connections",
            "content": [
                {
                    "text": "If you would like to add additional connections, click on Add New Account and add a new MailerLite API key and nickname."
                },
                {
                    "image_link": "https://wpforms.com/wp-content/uploads/2022/05/mailerlite-add-more-connections-2.png"
                },
                {
                    "text": "This will allow you to have as many connections for MailerLite as you need, so long as each has a unique API key and nickname."
                },
                {
                    "text": "Note: Although you can generate multiple API keys for the same MailerLite account, WPForms counts each as a unique connection."
                },
                {
                    "text": "If you need to remove a connection, click Disconnect ."
                },
                {
                    "image_link": "https://wpforms.com/wp-content/uploads/2022/05/mailerlite-remove-account-connection-1.png"
                }
            ]
        },
        {
            "subtitle": "3. Using MailerLite With Your Forms",
            "content": [
                {
                    "text": "Now that you've connected MailerLite to your site, you can easily use it with any of your forms. For example, we will create a new form and add MailerLite integration using one of the connections we made earlier."
                },
                {
                    "url": "https://wpforms.com/docs/creating-first-form/"
                },
                {
                    "text": "Note: Sending data to MailerLite occurs in the background after the form is submitted, so actions may not appear immediately in your MailerLite dashboard."
                }
            ]
        },
        {
            "subtitle": "Adding MailerLite Integration to a Form",
            "content": [
                {
                    "text": "To get started, go to WPForms \" Add New ."
                },
                {
                    "image_link": "https://wpforms.com/wp-content/uploads/2021/11/add-new-form.png"
                },
                {
                    "text": "For this example, we'll use the Simple Contact Form template."
                },
                {
                    "text": "If you're looking for a quick start, you can use our pre-built MailerLite Email Signup Form Template . This template is designed specifically for collecting email addresses for MailerLite email marketing campaigns and can be easily customized to fit your needs."
                },
                {
                    "url": "https://wpforms.com/templates/mailerlite-email-signup-form-template/"
                },
                {
                    "image_link": "https://wpforms.com/wp-content/uploads/2021/09/Simple-contact-form-template.png"
                },
                {
                    "text": "Next, click on the Marketing tab and choose MailerLite from the list."
                },
                {
                    "image_link": "https://wpforms.com/wp-content/uploads/2022/05/mailerlite-in-marketing-tab.png"
                },
                {
                    "text": "To choose a connection, click Add New Connection on the upper right of the interface."
                },
                {
                    "image_link": "https://wpforms.com/wp-content/uploads/2022/05/mailerlite-add-new-connection-form-builder.png"
                },
                {
                    "text": "This will open a dialog allowing you to name your new connection. You can choose any name you like. Once you've selected a name, click OK to move on to the next step."
                },
                {
                    "image_link": "https://wpforms.com/wp-content/uploads/2022/05/mailerlite-save-connection.png"
                },
                {
                    "text": "Now you'll be able to choose any of the API connections you created earlier."
                },
                {
                    "image_link": "https://wpforms.com/wp-content/uploads/2022/05/mailerlite-select-connection.png"
                },
                {
                    "text": "Note: You can have as many connections as you need. Just set up each connection separately. Additional connections can use any of the accounts you've added under WPForms \" Settings \" Integrations ."
                }
            ]
        },
        {
            "subtitle": "Choosing an Action to Perform",
            "content": [
                {
                    "text": "Under Action To Perform, you can select from three options:"
                },
                {
                    "text": "Subscribe"
                },
                {
                    "text": "Unsubscribe"
                },
                {
                    "text": "Delete"
                },
                {
                    "url": "#subscribe"
                },
                {
                    "url": "#unsubscribe"
                },
                {
                    "url": "#delete"
                },
                {
                    "image_link": "https://wpforms.com/wp-content/uploads/2022/05/mailerlite-choosing-action.png"
                },
                {
                    "text": "Different configurations are available under each of these options. We've described the three options in more detail below."
                }
            ]
        },
        {
            "subtitle": "Subscribe",
            "content": [
                {
                    "text": "This action will add a new subscriber upon form submission. When selected, it'll allow you to choose a Type and any Groups you've created in MailerLite."
                }
            ]
        },
        {
            "subtitle": "Type",
            "content": [
                {
                    "image_link": "https://wpforms.com/wp-content/uploads/2022/05/mailerlite-type.png"
                },
                {
                    "text": "There are three subscription types you can choose from:"
                },
                {
                    "text": "Active"
                },
                {
                    "text": "Unsubscribed"
                },
                {
                    "text": "Unconfirmed"
                },
                {
                    "text": "These correspond with the subscription types found in MailerLite. When users submit a form with the Subscribe action selected, their subscription details will be updated in your MailerLite subscriptions. For example, if you choose Active, the user will be marked as Active in MailerLite."
                }
            ]
        },
        {
            "subtitle": "Groups",
            "content": [
                {
                    "image_link": "https://wpforms.com/wp-content/uploads/2022/05/mailerlite-groups-2.png"
                },
                {
                    "text": "By using this setting, you can add or remove subscribers to or from any of the groups you have available in MailerLite."
                },
                {
                    "url": "https://www.mailerlite.com/help/how-to-create-and-use-groups"
                }
            ]
        },
        {
            "subtitle": "Mapping WPForms Fields to MailerLite Custom Fields",
            "content": [
                {
                    "text": "When the Subscribe action is selected, you can map any of your form's Field Values to MailerLite custom fields ."
                },
                {
                    "url": "https://www.mailerlite.com/help/how-to-create-and-use-custom-fields"
                },
                {
                    "image_link": "https://wpforms.com/wp-content/uploads/2022/05/mailerlite-fields.png"
                }
            ]
        },
        {
            "subtitle": "Unsubscribe",
            "content": [
                {
                    "text": "This action will remove a contact from your MailerLite subscriber groups without deleting their information altogether. If you want to remove a subscriber, you should choose the Delete action ."
                },
                {
                    "url": "#delete"
                },
                {
                    "image_link": "https://wpforms.com/wp-content/uploads/2022/05/mailerlite-unsubscribe-with-groups-visible.png"
                }
            ]
        },
        {
            "subtitle": "Delete",
            "content": [
                {
                    "text": "This action completely removes a contact from your subscriber list. No other options are required when this action is selected."
                },
                {
                    "image_link": "https://wpforms.com/wp-content/uploads/2022/05/mailerlite-delete.png"
                }
            ]
        },
        {
            "subtitle": "Choosing an Email Field",
            "content": [
                {
                    "text": "Regardless of which of the above actions you choose, you will need to set an Email field. The MailerLite addon will only pull emails from fields of the type Email."
                },
                {
                    "image_link": "https://wpforms.com/wp-content/uploads/2022/05/mailerlite-choose-email-field.png"
                }
            ]
        },
        {
            "subtitle": "Choosing Groups",
            "content": [
                {
                    "text": "When the Subscribe and Unsubscribe actions are selected, you can choose from any groups that already exist in your MailerLite subscriptions."
                },
                {
                    "image_link": "https://wpforms.com/wp-content/uploads/2022/05/mailerlite-groups-alt.png"
                }
            ]
        },
        {
            "subtitle": "Enabling Conditional Logic",
            "content": [
                {
                    "text": "You can enable conditional logic when setting up MailerLite connections. Just click on Enable Conditional Logic to activate it."
                },
                {
                    "image_link": "https://wpforms.com/wp-content/uploads/2022/05/mailerlite-enable-conditional-logic.png"
                },
                {
                    "text": "You can then set any rules that you'd like according to the WPForms conditional logic system."
                },
                {
                    "image_link": "https://wpforms.com/wp-content/uploads/2022/05/mailerlite-conditional-logic-enabled.png"
                },
                {
                    "text": "Note: If you are unfamiliar with conditional logic in WPForms, we highly recommend that you check out our guide to learn more ."
                },
                {
                    "url": "https://wpforms.com/docs/how-to-use-conditional-logic-with-wpforms/"
                },
                {
                    "text": "That's it! You now know how to install and use the MailerLite addon for WPForms!"
                },
                {
                    "text": "Next, would you like to know how to set up conditional logic to send email notifications for your forms? Learn more by checking out our complete tutorial ."
                },
                {
                    "url": "https://wpforms.com/docs/how-to-create-conditional-form-notifications-in-wpforms/"
                }
            ]
        }
    ],
    "section": "Documentation",
    "category": "Marketing Integrations"
}