{
    "product_name": "WPForms",
    "document_id": 379,
    "document_name": "How to Create a Form With Floating Labels",
    "document_url": "https://wpforms.com/developers/how-to-create-a-form-with-floating-labels/",
    "author": "Editorial Team",
    "reviewer": "Molly Tyler",
    "date": "Updated: Mar 26, 2024, 15:26 PM",
    "version": "1.0",
    "title": "How to Create a Form With Floating Labels",
    "content": [
        {
            "subtitle": "Creating the form",
            "content": [
                {
                    "text": "We'll begin by creating a simple contact form. If you need any assistance with creating a form, please review this documentation ."
                },
                {
                    "url": "https://wpforms.com/docs/creating-first-form/"
                },
                {
                    "image_link": "https://wpforms.com/wp-content/uploads/2022/08/wpforms-floating-labels-create-form.jpg"
                },
                {
                    "text": "If there is a Phone field on the form, you'll need to set the format to either US or International . This snippet will not work on the Smart format."
                },
                {
                    "text": "You'll also need to add Placeholder text to each field as well. This text can be added by selecting the field and clicking on the Advanced tab to add the text."
                },
                {
                    "text": "If you need help on how to do this, please check out this article ."
                },
                {
                    "url": "https://wpforms.com/docs/how-to-add-placeholder-text-to-a-form-field/"
                },
                {
                    "image_link": "https://wpforms.com/wp-content/uploads/2022/08/wpforms-float-labels-add-placeholder.jpg"
                }
            ]
        },
        {
            "subtitle": "Adding CSS Classes",
            "content": [
                {
                    "text": "Next, we're going to add a CSS class of floating to the fields we wish to have floating labels for."
                },
                {
                    "text": "Select each field one by one and click the Advanced tab and add floating inside the CSS Classes field."
                },
                {
                    "text": "If using more than one CSS class for a field, just be sure to put a space between each class name."
                },
                {
                    "image_link": "https://wpforms.com/wp-content/uploads/2022/08/wpforms-floating-add-css-class.jpg"
                }
            ]
        },
        {
            "subtitle": "Floating Labels - PHP snippet",
            "content": [
                {
                    "text": "We're going to add a couple of small PHP snippets that will remove the label from being on top of the form fields to being just below the form fields."
                },
                {
                    "text": "If you need assistance on how and where to add snippets to your site, please review this tutorial ."
                },
                {
                    "url": "https://wpforms.com/developers/how-to-add-custom-php-or-javascript-for-wpforms/"
                },
                {
                    "code": "\n/**\n * Remove the field label from the top of the field\n *\n * @link https://wpforms.com/developers/how-to-create-a-form-with-floating-labels/\n */\n \nfunction wpf_dev_display_field_before( $field, $form_data ) {\n \n\t// Only run this snippet on the form ID 1289\n\tif ( absint( $form_data[ 'id' ] ) !== 1289 ) {\n\t\treturn;\n\t}\n\t\n    remove_action( 'wpforms_display_field_before', array( wpforms()->frontend, 'field_label' ), 15 );\n}\n \nadd_action( 'wpforms_display_field_before', 'wpf_dev_display_field_before', 10, 2 );\n \n/**\n * Move the field label to below the field\n *\n * @link https://wpforms.com/developers/how-to-create-a-form-with-floating-labels/\n */\n \nfunction wpf_dev_display_field_after( $field, $form_data ) {\n \n\t// Only run this snippet on the form ID 1289\n\tif ( absint( $form_data[ 'id' ] ) !== 1289 ) {\n\t\treturn;\n\t}\n \n    wpforms()->frontend->field_label( $field, $form_data );\n}\n \nadd_action( 'wpforms_display_field_after', 'wpf_dev_display_field_after', 1, 2 );\n\n\n"
                },
                {
                    "text": "What this snippet is doing is removing the position of the field label from being displayed before the field and placing it after the field."
                },
                {
                    "text": "It's important to note that in both functions above, we're only targeting the form ID of 1289 . You'll need to update this to match the form ID you have on your site. If you're not sure where to find your form ID, please check out this tutorial ."
                },
                {
                    "url": "https://wpforms.com/developers/how-to-locate-form-id-and-field-id/"
                }
            ]
        },
        {
            "subtitle": "Floating Labels - CSS snippet",
            "content": [
                {
                    "text": "Now that our form is created and our snippets are in place, we need to add the custom CSS to our site to pull this all together."
                },
                {
                    "text": "For assistance in how and where to add custom CSS, please review this tutorial ."
                },
                {
                    "url": "https://wpforms.com/developers/how-to-add-custom-css-styles-for-wpforms/"
                },
                {
                    "code": "\nform#wpforms-form-1682 {\n\tposition: relative;\n}\nform#wpforms-form-1682 .floating label:nth-of-type(2) {\n    display: none;\n}\n.floating input {\n    position: relative;\n    min-height: 65px;\n\t  padding: 15px 10px 10px 15px !important;\n}\n.floating textarea {\n\tposition: relative;\n\tmin-height: 200px;\n\tpadding: 35px 15px 15px 15px !important;\n}\n.floating input + label {\n    position: relative !important;\n    top: -50px !important;\n    padding: 15px 0 0 15px !important;\n    opacity: .5;\n\tfont-size: 12px !important;\n\ttransition: all .5s ease-in-out 0s;\n}\n.floating textarea + label {\n    position: relative !important;\n    top: -200px !important;\n    padding: 35px 15px 15px 15px !important;\n    opacity: .5;\n\tfont-size: 12px !important;\n\ttransition: all .5s ease-in-out 0s;\n}\n.floating input:focus + label, .floating input:not(:placeholder-shown) + label {\n\ttop: -70px !important;\n\topacity: 1;\n}\n.floating textarea:focus + label, .floating textarea:not(:placeholder-shown) + label {\n\ttop: -220px !important;\n\topacity: 1;\n}\n.floating.wpforms-has-error em.wpforms-error {\n    position: relative;\n    top: -50px;\n    left: 10px;\n}\n.wpforms-field-textarea.floating.wpforms-has-error em.wpforms-error {\n\tposition: relative;\n    top: -190px;\n    left: 10px;\n}\n.floating.wpforms-has-error label {\n    display: none;\n}\n.floating ::-webkit-input-placeholder { /* Chrome and Safari */\n   color: transparent !important;\n}\n.floating :-moz-placeholder { /* Mozilla Firefox 4 to 18 */\n   color: transparent !important;\n}\n \n.floating ::-moz-placeholder { /* Mozilla Firefox 19+ */\n   color: transparent !important;\n}\n \n.floating :-ms-input-placeholder { /* Internet Explorer 10-11 */\n   color: transparent !important;\n}\n \n.floating ::-ms-input-placeholder { /* Microsoft Edge */\n   color: transparent !important;\n}\n"
                },
                {
                    "text": "Some of the CSS listed above is still only targeting the form ID 1289 . Remember to update this ID to match your own form ID."
                },
                {
                    "text": "And that's it! You've now created a form with floating labels that float up when the user starts to type in the field."
                },
                {
                    "image_link": "https://wpforms.com/wp-content/uploads/2022/08/wpforms-create-floating-label.jpg"
                },
                {
                    "text": "Would you like to change the color of the confirmation message or just completely remove it? Take a look at our article on How to Remove Confirmation Message Box Styling ."
                },
                {
                    "url": "https://wpforms.com/developers/how-to-remove-confirmation-message-box-styling/"
                }
            ]
        },
        {
            "subtitle": "Reference Actions",
            "content": [
                {
                    "text": "wpforms_display_field_after"
                },
                {
                    "text": "wpforms_display_field_before"
                },
                {
                    "url": "https://wpforms.com/developers/wpforms_display_field_after/"
                },
                {
                    "url": "https://wpforms.com/developers/wpforms_display_field_before/"
                }
            ]
        },
        {
            "subtitle": "FAQ",
            "content": []
        },
        {
            "subtitle": "Q: Will the field validation still display?",
            "content": [
                {
                    "text": "A: Absolutely! The validation errors will keep the same style."
                },
                {
                    "image_link": "https://wpforms.com/wp-content/uploads/2022/08/wpforms-floating-labels-validation-error.jpg"
                }
            ]
        },
        {
            "subtitle": "Q: Why isn't this working for me?",
            "content": [
                {
                    "text": "A: Be sure to run back through the steps above, if you missed placing the Placeholder text in the fields, the labels wouldn't appear to have the floating effect when a user clicks inside the field."
                }
            ]
        }
    ],
    "section": "Developers",
    "category": "Tutorials"
}