{
    "product_name": "WPForms",
    "document_id": 384,
    "document_name": "wpforms_datetime_time_intervals",
    "document_url": "https://wpforms.com/developers/wpforms_datetime_time_intervals/",
    "author": null,
    "reviewer": null,
    "date": null,
    "version": "1.0",
    "title": "wpforms_datetime_time_intervals",
    "content": [
        {
            "subtitle": "Description",
            "content": [
                {
                    "text": "The wpforms_datetime_time_intervals filter is used to add additional time intervals available for the Time field Invervals dropdown."
                }
            ]
        },
        {
            "subtitle": "Parameters",
            "content": [
                {
                    "text": "$intervals: (array)Array of time intervals for theTimefieldInvervalsdropdown."
                }
            ]
        },
        {
            "subtitle": "Source",
            "content": [
                {
                    "text": "wpforms/pro/includes/fields/class-date-time.php"
                }
            ]
        },
        {
            "subtitle": "More Information",
            "content": [
                {
                    "text": "The filter is used to choose the time intervals for the Time field dropdown. It will utilize the time intervals in minutes. For example, if you want to add 2 hours, you would need to make the $intervals[ '120' ] ."
                }
            ]
        },
        {
            "subtitle": "Examples",
            "content": [
                {
                    "code": "\n/*\n * Time intervals available for the Time field dropdown.\n *\n * @link https://wpforms.com/developers/wpforms_datetime_time_intervals/\n *\n * @param   array   $intervals   Used to determine the time intervals.\n * @return  array\n*/\n\nfunction wpf_dev_datetime_time_intervals( $intervals ) {\n       \n     // Add time interval\n     $intervals[ '5' ] = esc_html__( '5 minutes', 'wpforms' );\n     $intervals[ '120' ] = esc_html__( '2 hours', 'wpforms' );\n\n     ksort( $intervals );\n   \n     return $intervals;\n}\n\nadd_filter( 'wpforms_datetime_time_intervals' , 'wpf_dev_datetime_time_intervals', 1 );\n\n"
                }
            ]
        },
        {
            "subtitle": "Reference Articles",
            "content": [
                {
                    "text": "How to Create Additional Intervals for the Date Time Field Time Picker"
                },
                {
                    "url": "https://wpforms.com/developers/how-to-create-additional-intervals-for-the-date-time-field-time-picker/"
                }
            ]
        }
    ],
    "section": "Developers",
    "category": "Filters Hooks"
}