{
    "product_name": "WPForms",
    "document_id": 259,
    "document_name": "How to Disable Validation Error Messages",
    "document_url": "https://wpforms.com/developers/how-to-disable-validation-error-messages/",
    "author": "Editorial Team",
    "reviewer": "Molly Tyler",
    "date": "Published: Aug 15, 2023, 15:01 PM",
    "version": "1.0",
    "title": "How to Disable Validation Error Messages",
    "content": [
        {
            "subtitle": "Overview",
            "content": [
                {
                    "text": "Would you like to disable validation error messages but still keep the visual representation of the error?"
                },
                {
                    "text": "By default, when a field fails the validation in a form, you'll see a border around the field but also some text with an icon explaining the validation failure. You can easily change the text of these validation checks within the WPForms settings. For more information on how to change this text, please review this helpful guide ."
                },
                {
                    "url": "https://wpforms.com/docs/customize-wpforms-validation-messages/"
                },
                {
                    "image_link": "https://wpforms.com/wp-content/uploads/2023/08/wpforms-disable-validation-text-before.jpg 1116w, https://wpforms.com/wp-content/uploads/2023/08/wpforms-disable-validation-text-before-300x212.jpg 300w, https://wpforms.com/wp-content/uploads/2023/08/wpforms-disable-validation-text-before-1024x723.jpg 1024w, https://wpforms.com/wp-content/uploads/2023/08/wpforms-disable-validation-text-before-768x542.jpg 768w"
                },
                {
                    "text": "With a small CSS snippet, you can easily hide the text and icon that displays when a required field isn't completed but still allow the field to be highlighted in red giving a visual representation of the error. In this tutorial, we'll show you the CSS needed to disable these messages."
                }
            ]
        },
        {
            "subtitle": "Adding the snippet",
            "content": [
                {
                    "text": "In order to disable this error text, simply copy and paste this CSS snippet to your site."
                },
                {
                    "text": "If you need help in how and where to add CSS snippets to your site, please review this helpful guide ."
                },
                {
                    "url": "https://wpforms.com/developers/how-to-add-custom-css-styles-for-wpforms/"
                },
                {
                    "code": "\n/* Disable form validation error messages */\n/* @link https://wpforms.com/developers/how-to-add-custom-css-styles-for-wpforms/ */\n.wpforms-field-required ~ em, input.wpforms-error ~ em {\n  display: none !important;\n}\n.wpforms-field-required ~ em, input.wpforms-error ~ em {\n  display: none !important;\n}\n"
                },
                {
                    "text": "This CSS will disable all validation error messages within WPForms for all forms. There will still be a red border around the field providing a visual guide to why the form didn't submit but the error message and icon will no longer be visible."
                },
                {
                    "image_link": "https://wpforms.com/wp-content/uploads/2023/08/wpforms-disable-validation-text-after.jpg"
                },
                {
                    "text": "If you would want to target only one form, you would use this CSS."
                },
                {
                    "code": "\n/* Disable form validation error messages */\n/* @link https://wpforms.com/developers/how-to-add-custom-css-styles-for-wpforms/ */\n.wpforms-field-required ~ em, input.wpforms-error ~ em {\n  display: none !important;\n}\nform#wpforms-form-3602 .wpforms-field-required ~ em, form#wpforms-form-3602 input.wpforms-error ~ em {\n    display: none;\n}\n"
                },
                {
                    "text": "Simply change the -3602 in the CSS to match your own form ID. If you need help in finding your form ID, please see this tutorial ."
                },
                {
                    "url": "https://wpforms.com/developers/how-to-locate-form-id-and-field-id/"
                },
                {
                    "text": "And that's all you need to disable validation error messages! Would you like to also change the required field icon that displays in your forms? Check out our tutorial on How to Change the Required Field Indicator ."
                },
                {
                    "url": "https://wpforms.com/developers/how-to-change-the-required-field-indicator/"
                }
            ]
        }
    ],
    "section": "Developers",
    "category": "Snippets"
}