{
    "product_name": "WPForms",
    "document_id": 27,
    "document_name": "How to Customize the Authorize.net Credit Card Field",
    "document_url": "https://wpforms.com/developers/how-to-customize-the-authorize-net-credit-card-field/",
    "author": "Editorial Team",
    "reviewer": "Molly Tyler",
    "date": "Updated: Jul 26, 2023, 11:27 AM",
    "version": "1.0",
    "title": "How to Customize the Authorize.net Credit Card Field",
    "content": [
        {
            "subtitle": "Overview",
            "content": [
                {
                    "text": "Would you like to customize the Authorize.net field? You can easily change the look of this field. For example, we're going to style the credit card field to be on a single line. In order to do this, we'll need to use a little CSS to have each field display inline."
                }
            ]
        },
        {
            "subtitle": "Setup",
            "content": [
                {
                    "text": "You'll first need to create a form and add the Authorize.net field to your form."
                },
                {
                    "text": "If you need any help in creating an Authorize.net form, please see this documentation ."
                },
                {
                    "url": "https://wpforms.com/docs/how-to-install-and-use-the-authorize-net-addon-with-wpforms/"
                },
                {
                    "image_link": "https://wpforms.com/wp-content/uploads/2021/07/wpforms-add-authorize.net-field.jpg"
                },
                {
                    "text": "The Card Number , Expiration Date , and Security Code fields have default styling that sets the Card Number on one line and the rest will fall onto the next line."
                },
                {
                    "image_link": "https://wpforms.com/wp-content/uploads/2021/07/wpforms-authorize-default-styling.jpg"
                }
            ]
        },
        {
            "subtitle": "Adding the CSS to customize the Authorize.net field",
            "content": [
                {
                    "text": "Now it's time to add the CSS so that we can get all three fields on one line."
                },
                {
                    "text": "If you need help in adding CSS to your site, please see this tutorial ."
                },
                {
                    "url": "https://wpforms.com/developers/how-to-add-custom-css-styles-for-wpforms/"
                },
                {
                    "code": "\n.wpforms-field-authorize_net .wpforms-field-row {\n    float: left !important;\n    width: 45% !important;\n}\n\n.wpforms-field-authorize_net .wpforms-field-row:nth-of-type(2) {\n    margin-left: 3%;\n}\n\n.wpforms-field-authorize_net-expiration {\n    width: 50% !important;\n    float: left !important;\n    max-width: 50% !important;\n}\n\n.wpforms-field-authorize_net-expiration div {\n    max-width: 40% !important;\n    float: left !important;\n    width: 40% !important;\n}\n\n.wpforms-field-authorize_net-expiration span {\n    float: left !important;\n    display: inline-block;\n    width: 8% !important;\n    max-width: 8% !important;\n    margin: 0 5% 0 5% !important;\n}\n\n.wpforms-field-authorize_net-code {\n    float: right !important;\n    max-width: 45% !important;\n}\n"
                },
                {
                    "text": "The CSS above would style all Authorize.net Credit Card fields the same way."
                },
                {
                    "text": "With this CSS we've now customized the Authorize.net field to have all fields on a single line."
                },
                {
                    "image_link": "https://wpforms.com/wp-content/uploads/2022/07/wpforms-authorize-net-field-custom-css.jpg"
                },
                {
                    "text": "And that's all you need to customize the Authorize.net form field. Would you like to also send through the address with the Authorize.net payment? Check out our tutorial on How to Send an Address Through to Authorize.net Payments ."
                },
                {
                    "url": "https://wpforms.com/developers/how-to-send-an-address-through-to-authorize-net-payments/"
                }
            ]
        },
        {
            "subtitle": "FAQ",
            "content": []
        },
        {
            "subtitle": "Q: How can I put this back to single lines on mobile devices?",
            "content": [
                {
                    "text": "A: For smaller screens, you'll want all of your fields stacked in rows, so to counteract the CSS mentioned in this article, for mobile devices, you may want to also add this CSS as well."
                },
                {
                    "code": "\n@media (max-width: 600px) {\n.wpforms-field-authorize_net .wpforms-field-row {\n    float: none !important;\n    width: 100% !important;\n}\n\n.wpforms-field-authorize_net .wpforms-field-row:nth-of-type(2) {\n    margin-left: 0;\n}\n}\t\n"
                },
                {
                    "image_link": "https://wpforms.com/wp-content/uploads/2022/07/Screen-Shot-2022-07-21-at-2.41.53-PM-192x300.png"
                }
            ]
        }
    ],
    "section": "Developers",
    "category": "Snippets"
}