{
    "product_name": "WPForms",
    "document_id": 18,
    "document_name": "How to Add Falling Snow Animation to Your Confirmation Message",
    "document_url": "https://wpforms.com/developers/how-to-add-falling-snow-animation-to-your-confirmation-message/",
    "author": "Editorial Team",
    "reviewer": "Molly Tyler",
    "date": "Updated: Dec 14, 2023, 10:55 AM",
    "version": "1.0",
    "title": "How to Add Falling Snow Animation to Your Confirmation Message",
    "content": [
        {
            "subtitle": "Introduction",
            "content": [
                {
                    "text": "Would you like to add a falling snow animation to your confirmation message? You can easily add some animation to the confirmation message that would have more of an interactive effect using PHP and JavaScript. In this tutorial, we'll break down each step on how to achieve this."
                }
            ]
        },
        {
            "subtitle": "Creating your form",
            "content": [
                {
                    "text": "First, you'll need to create your form. For the purpose of this tutorial, we've created an order form. Once the order is complete, a confirmation message will be displayed that our falling snow animation will appear on."
                },
                {
                    "text": "If you need any help in creating your form, please visit this documentation ."
                },
                {
                    "url": "https://wpforms.com/docs/creating-first-form/"
                },
                {
                    "text": "Once you've added your fields, click on the Settings tab and then click Confirmations . Inside the Confirmation Message window, we're going to add an HTML canvas element that has an ID of canvas so that we can target exactly where the confetti will fall."
                },
                {
                    "text": "Once inside the Confirmations tab, remember to click the Text tab on the message box. You'll need to do this in order to add pure HTML into this message area."
                },
                {
                    "image_link": "https://wpforms.com/wp-content/uploads/2021/11/wpforms-add-canvas-element-1.jpg"
                },
                {
                    "text": "Simply add <canvas id=\"canvas\" />"
                },
                {
                    "text": "Adding this canvas element and ID means that we can control where this snow will appear. We only want it to show in the confirmation message so we're adding an element that we can specifically target in our code snippet."
                },
                {
                    "text": "This snippet only runs on non-AJAX forms. You'd need to turn off your AJAX settings inside the form builder. To disable this setting go to the Settings tab inside the form builder and under the Advanced setting, disable the Enable AJAX form submission setting."
                },
                {
                    "image_link": "https://wpforms.com/wp-content/uploads/2021/11/disable-ajax-snow-animation.jpg"
                }
            ]
        },
        {
            "subtitle": "Adding the CSS for the canvas wrapper",
            "content": [
                {
                    "text": "We need to also add some custom CSS for the <canvas id=\"canvas\" /> wrapper. If you need any help in how and where to add custom CSS, please check out this tutorial . Simply copy and paste this CSS to your site."
                },
                {
                    "url": "https://wpforms.com/developers/how-to-add-custom-css-styles-for-wpforms/"
                },
                {
                    "code": "\ncanvas#canvas {\n    position: absolute;\n    top: 0;\n    left: 0;\n}\n"
                }
            ]
        },
        {
            "subtitle": "Adding the code snippet to create the snow",
            "content": [
                {
                    "text": "Now it's time to add the code snippet that will make the magic happen. For any assistance in adding a snippet to your site, please see this tutorial ."
                },
                {
                    "url": "https://wpforms.com/developers/how-to-add-custom-php-or-javascript-for-wpforms/"
                },
                {
                    "code": "\n/**\n * Add falling snow to the canvas element on the confirmation message\n *\n * @link  https://wpforms.com/developers/how-to-add-falling-snow-animation-to-your-confirmation-message/\n */\n \nfunction wpf_dev_winter_scene_animation() {\n?>\n\n<script type=\"text/javascript\">\n    //If the canvas ID does not exist on the page, this script will not run\n\n    if (document.querySelector( '#canvas' ) !== null) {\n//canvas init\n\tvar canvas = document.getElementById( \"canvas\" );\n\tvar ctx = canvas.getContext( \"2d\" );\n\t\n\t//canvas dimensions\n\tvar W = window.innerWidth;\n\tvar H = window.innerHeight;\n\tcanvas.width = W;\n\tcanvas.height = H;\n\t\n\t//snowflake particles\n\tvar mp = 50; //max particles\n\tvar particles = [];\n\tfor(var i = 0; i < mp; i++)\n\t{\n\t\tparticles.push({\n\t\t\tx: Math.random()*W, //x-coordinate\n\t\t\ty: Math.random()*H, //y-coordinate\n\t\t\tr: Math.random()*4+1, //radius\n\t\t\td: Math.random()*mp //density\n\t\t})\n\t}\n\t\n\t//Lets draw the flakes\n\tfunction draw()\n\t{\n\t\tctx.clearRect(0, 0, W, H);\n\t\t\n\t\tctx.fillStyle = \"white\";\n\t\tctx.beginPath();\n\t\tfor(var i = 0; i < mp; i++)\n\t\t{\n\t\t\tvar p = particles[i];\n\t\t\tctx.moveTo(p.x, p.y);\n\t\t\tctx.arc(p.x, p.y, p.r, 0, Math.PI*2, true);\n\t\t}\n\t\tctx.fill();\n\t\tupdate();\n\t}\n\t\n\t//Function to move the snowflakes\n\t//angle will be an ongoing incremental flag. Sin and Cos functions will be applied to it to create vertical and horizontal movements of the flakes\n\tvar angle = 0;\n\tfunction update()\n\t{\n\t\tangle += 0.01;\n\t\tfor(var i = 0; i < mp; i++)\n\t\t{\n\t\t\tvar p = particles[i];\n\t\t\t//Updating X and Y coordinates\n\t\t\t//We will add 1 to the cos function to prevent negative values which will lead flakes to move upwards\n\t\t\t//Every particle has its own density which can be used to make the downward movement different for each flake\n\t\t\t//Lets make it more random by adding in the radius\n\t\t\tp.y += Math.cos(angle+p.d) + 1 + p.r/2;\n\t\t\tp.x += Math.sin(angle) * 2;\n\t\t\t\n\t\t\t//Sending flakes back from the top when it exits\n\t\t\t//Lets make it a bit more organic and let flakes enter from the left and right also.\n\t\t\tif(p.x > W+5 || p.x < -5 || p.y > H)\n\t\t\t{\n\t\t\t\tif(i%3 > 0) //66.67% of the flakes\n\t\t\t\t{\n\t\t\t\t\tparticles[i] = {x: Math.random()*W, y: -10, r: p.r, d: p.d};\n\t\t\t\t}\n\t\t\t\telse\n\t\t\t\t{\n\t\t\t\t\t//If the flake is exitting from the right\n\t\t\t\t\tif(Math.sin(angle) > 0)\n\t\t\t\t\t{\n\t\t\t\t\t\t//Enter from the left\n\t\t\t\t\t\tparticles[i] = {x: -5, y: Math.random()*H, r: p.r, d: p.d};\n\t\t\t\t\t}\n\t\t\t\t\telse\n\t\t\t\t\t{\n\t\t\t\t\t\t//Enter from the right\n\t\t\t\t\t\tparticles[i] = {x: W+5, y: Math.random()*H, r: p.r, d: p.d};\n\t\t\t\t\t}\n\t\t\t\t}\n\t\t\t}\n\t\t}\n\t}\n\t\n\t//animation loop\n\tsetInterval(draw, 25);\n\n    }\n</script>\n\n<?php\n}\nadd_action( 'wpforms_wp_footer_end', 'wpf_dev_winter_scene_animation', 1);\n"
                },
                {
                    "image_link": "https://wpforms.com/wp-content/uploads/2021/11/snow-falling.gif"
                },
                {
                    "text": "And that's all you need! You've now successfully added a falling snow animation to your confirmation message. Would you like to add some confetti instead? Check out our tutorial on How to Add Confetti Animation to Confirmation Message ."
                },
                {
                    "url": "https://wpforms.com/developers/how-to-add-confetti-animation-to-confirmation-message/"
                }
            ]
        },
        {
            "subtitle": "Related",
            "content": [
                {
                    "text": "Action Reference: wpforms_wp_footer_end"
                },
                {
                    "url": "https://wpforms.com/developers/wpforms_wp_footer_end/"
                }
            ]
        }
    ],
    "section": "Developers",
    "category": "Tutorials"
}