{
    "product_name": "WPForms",
    "document_id": 416,
    "document_name": "How to Add a Table of Contents for Long Forms",
    "document_url": "https://wpforms.com/developers/how-to-add-a-table-of-contents-for-long-forms/",
    "author": "Editorial Team",
    "reviewer": "Molly Tyler",
    "date": "Updated: Apr 20, 2023, 10:41 AM",
    "version": "1.0",
    "title": "How to Add a Table of Contents for Long Forms",
    "content": [
        {
            "subtitle": "Introduction",
            "content": [
                {
                    "text": "Do you have a long-form that you would like to add a table of contents to? You can easily add HTML links to the top of your form as well as the section headings on your form that allow users to jump quickly and effortlessly in between sections of your form. In this tutorial, we'll show you the HTML you need in order to complete this!"
                }
            ]
        },
        {
            "subtitle": "Setting up your form",
            "content": [
                {
                    "text": "In our example, we're going to create an employee personnel form that will collect various information such as personal, dependents, emergency contacts, and interests."
                },
                {
                    "text": "So to begin, create a new form and add the relevant fields. The various information categories, as mentioned previously, will be divided by using the HTML form field."
                },
                {
                    "image_link": "https://wpforms.com/wp-content/uploads/2020/11/wpforms-long-form-with-toc.jpg"
                },
                {
                    "text": "If you need any assistance in creating your form, please review this documentation ."
                },
                {
                    "url": "https://wpforms.com/docs/creating-first-form/"
                }
            ]
        },
        {
            "subtitle": "Adding the HTML links to the headings",
            "content": [
                {
                    "text": "Now that the form is set up, it's time to add our links to the section headings."
                },
                {
                    "text": "For example, let's add a link to our Personal Information section."
                },
                {
                    "text": "<h2><a id=\"personal\">Personal Information</a></h2>"
                },
                {
                    "text": "With this HTML, we're adding an HTML heading of h2 to our form, and inside that heading, we're going to add a link. The id of the link is the most important as this determines what the link's destination is."
                },
                {
                    "image_link": "https://wpforms.com/wp-content/uploads/2020/11/wpforms-add-html-header-link.jpg"
                },
                {
                    "text": "You'll need to repeat this step for each section you have."
                },
                {
                    "text": "Please remember that a link's id should always be unique. If you have more than one link on a page, the browser will get confused about which link to jump to so for best practices, always use a unique identifier."
                }
            ]
        },
        {
            "subtitle": "Creating the table of contents",
            "content": [
                {
                    "text": "With our final HTML step, we're going to add an HTML field to the very top of the form that will hold an HTML unordered list with links that point to each section of our form."
                },
                {
                    "text": "When these links are clicked, the page will jump to the appropriate section of the form."
                },
                {
                    "text": "<ul> <li><h2><a href=\"#personal\">Personal Information</a></h2></li> <li><h2><a href=\"#dependents\">Dependents</a></h2></li> <li><h2><a href=\"#emergency\">Emergency Contacts</a></h2></li> <li><h2><a href=\"#hobbies\">Hobbies & Interests</a></h2></li> </ul>"
                },
                {
                    "image_link": "https://wpforms.com/wp-content/uploads/2020/11/wpforms-html-toc-links.jpg"
                },
                {
                    "text": "The id from the previous step and the href from this step will need to match exactly with a pound (#) sign in front of the text or one will not link to the other."
                }
            ]
        },
        {
            "subtitle": "Styling the table of contents",
            "content": [
                {
                    "text": "This step is completely optional, however, if you'd like to add some styling to these links just copy this CSS to your site."
                },
                {
                    "text": "If you need any help with adding CSS to your site, please review this tutorial ."
                },
                {
                    "url": "https://wpforms.com/developers/how-to-add-custom-css-styles-for-wpforms/"
                },
                {
                    "code": "\ndiv#wpforms-1279-field_34 ul {\n    text-align: center;\n}\n\ndiv#wpforms-1279-field_14 ul li {\n    list-style: none !important;\n    display: inline-block;\n    margin: 5px 10px !important;\n}\n\ndiv#wpforms-1279-field_14 ul li h2 a {\n    font-size: 18px;\n}\n\n#wpforms-form-1279 h2 a {\n    font-size:26px;\n    width: 100%;\n    display: block;\n\t  color: #000000;\n}\n\ndiv#wpforms-1279-field_14 ul li h2 a:hover {\n    color: #b95d52;\n    text-decoration: underline;\n}\n"
                },
                {
                    "text": "In our example, the HTML form field ID is 14 and our form ID is 1279 . This means our CSS will only be applied to this specific form and field ID."
                },
                {
                    "text": "If you need help finding where your form and fields IDs are, check out this tutorial ."
                },
                {
                    "url": "https://wpforms.com/developers/how-to-locate-form-id-and-field-id/"
                },
                {
                    "image_link": "https://wpforms.com/wp-content/uploads/2020/11/wpforms-toc-frontend.jpg"
                },
                {
                    "text": "And that's all you need to easily create a table of contents at the beginning of your long form! Would you like to also learn how to create an internal use field you can use to filter your entries? Take a look at our tutorial on How to Add a Filterable Field to a Form for Internal Use ."
                },
                {
                    "url": "https://wpforms.com/developers/how-to-add-a-filterable-field-to-a-form-for-internal-use/"
                }
            ]
        }
    ],
    "section": "Developers",
    "category": "Tutorials"
}