{
    "product_name": "WPForms",
    "document_id": 591,
    "document_name": "How To Remove Specific Fields From {all_fields} in Notifications",
    "document_url": "https://wpforms.com/developers/how-to-remove-specific-fields-from-notifications/",
    "author": "Umair Majeed",
    "reviewer": "Molly Tyler",
    "date": "Updated: Jul 19, 2024, 05:37 AM",
    "version": "1.0",
    "title": "How To Remove Specific Fields From {all_fields} in Notifications",
    "content": [
        {
            "subtitle": "Adding the Code Snippet",
            "content": [
                {
                    "text": "The {all_fields} smart tag conveniently includes all form fields in your email notifications. However, to exclude specific fields from {all_fields} , we'll need to use a custom code snippet."
                },
                {
                    "text": "Once you've set up and saved your form, it's now time to add the snippet. If you need any help with adding snippets to your site, please check out this tutorial ."
                },
                {
                    "url": "https://wpforms.com/developers/how-to-add-custom-php-or-javascript-for-wpforms/"
                }
            ]
        },
        {
            "subtitle": "To Remove a Single Field From {all_fields}:",
            "content": [
                {
                    "code": "/**\n * Remove Specific Fields from Notifications\n *\n * @link https://wpforms.com/developers/how-to-remove-specific-fields-from-notifications\n */\nadd_action('wpforms_loaded', function() {\n    add_filter('wpforms_entry_email_data', function ($fields, $entry, $form_data) {\n        // Bail early if form ID is not equal to 1000\n        if ((int)$form_data['id'] !== 1000) {\n            return $fields;\n        }\n\n        // Unset field from notifications with field ID #3\n        if (isset($fields[3])) {\n            unset($fields[3]);\n        }\n\n        return $fields;\n    }, 11, 3);\n});"
                }
            ]
        },
        {
            "subtitle": "To Remove Multiple Fields From {all_fields}:",
            "content": [
                {
                    "code": "/**\n * Remove Specific Fields from Notifications\n *\n * @link https://wpforms.com/developers/how-to-remove-specific-fields-from-notifications\n */\nadd_action('wpforms_loaded', function() {\n    add_filter('wpforms_entry_email_data', function ($fields, $entry, $form_data) {\n        // Bail early if form ID is not equal to 1000\n        if ((int)$form_data['id'] !== 1000) {\n            return $fields;\n        }\n\n        // Unset fields from notifications with field IDs #3, #4, and #5\n        $fields_to_unset = [3, 4, 5];\n        foreach ($fields_to_unset as $field_id) {\n            if (isset($fields[$field_id])) {\n                unset($fields[$field_id]);\n            }\n        }\n\n        return $fields;\n    }, 11, 3);\n});"
                },
                {
                    "text": "Note: You'll need to replace the form ID (1000 in the examples above) and field IDs with your actual IDs. To find your form and field IDs, please check out this tutorial ."
                },
                {
                    "url": "https://wpforms.com/developers/how-to-locate-form-id-and-field-id/"
                },
                {
                    "text": "And that's it! You've now set up your form to remove specific fields from email notifications. Would you like to learn more about customizing form notifications? Check out our tutorial on including field descriptions in email notifications ."
                },
                {
                    "url": "https://wpforms.com/developers/how-to-include-field-descriptions-inside-email-notifications/"
                }
            ]
        },
        {
            "subtitle": "Reference Filter",
            "content": [
                {
                    "text": "wpforms_entry_email_data"
                },
                {
                    "url": "https://wpforms.com/developers/wpforms_entry_email_data/"
                }
            ]
        }
    ],
    "section": "Developers",
    "category": "Notifications"
}