{
    "product_name": "WPForms",
    "document_id": 514,
    "document_name": "How to Hide Zero Quantity Items in Dropdown Payment Field Notifications",
    "document_url": "https://wpforms.com/developers/how-to-hide-zero-quantity-items-in-dropdown-payment-field-notifications/",
    "author": "Umair Majeed",
    "reviewer": "Dimitris Mitsis",
    "date": "Updated: Nov 4, 2024, 07:56 AM",
    "version": "1.0",
    "title": "How to Hide Zero Quantity Items in Dropdown Payment Field Notifications",
    "content": [
        {
            "subtitle": "Introduction",
            "content": [
                {
                    "text": "Would you like to hide items with zero quantities from your WPForms notification emails when using Dropdown Items payment fields? When using the Dropdown Items field with quantity options enabled, by default WPForms shows all selected items in notifications regardless of their quantity."
                },
                {
                    "text": "In this tutorial, we'll show you how to hide items that have zero quantities from your notification emails."
                }
            ]
        },
        {
            "subtitle": "Adding the Snippet",
            "content": [
                {
                    "text": "To hide zero-quantity items from your Dropdown Items payment field notifications, you'll need to add a custom snippet to your site. If you need help with adding snippets to your site, check out our tutorial on adding PHP or JavaScript for WPForms ."
                },
                {
                    "url": "https://wpforms.com/developers/how-to-add-custom-php-or-javascript-for-wpforms/"
                },
                {
                    "text": "This snippet will:"
                },
                {
                    "text": "1. Check each field in your form notification"
                },
                {
                    "text": "2. For Dropdown Items payment fields, extract the field number from the field ID"
                },
                {
                    "text": "3. Look up the quantity in the entry's quantities array using the field number"
                },
                {
                    "text": "4. Remove the field from the notification if its quantity is 0"
                },
                {
                    "text": "5. Keep Dropdown Items that have quantities greater than 0"
                },
                {
                    "text": "Note: This snippet specifically works with Dropdown Items payment fields that have quantities enabled"
                },
                {
                    "text": "And that's it! You've successfully hidden zero-quantity items from your Dropdown Items payment field notifications."
                },
                {
                    "text": "Would you like to customize your notification emails further? Take a look at our article on increasing image size in notification emails ."
                },
                {
                    "url": "https://wpforms.com/developers/how-to-increase-image-size-in-notification-emails/"
                }
            ]
        }
    ],
    "section": "Developers",
    "category": "Notifications"
}