{
    "product_name": "WPForms",
    "document_id": 162,
    "document_name": "How to Block Names From Completing Your Form",
    "document_url": "https://wpforms.com/developers/how-to-block-names-from-completing-your-form/",
    "author": "Editorial Team",
    "reviewer": "Molly Tyler",
    "date": "Updated: Mar 26, 2024, 13:01 PM",
    "version": "1.0",
    "title": "How to Block Names From Completing Your Form",
    "content": [
        {
            "subtitle": "Creating the form",
            "content": [
                {
                    "text": "First, you'll need to create your form and add your fields. If you need assistance in how to create a form, please review this documentation ."
                },
                {
                    "url": "https://wpforms.com/docs/creating-first-form/"
                },
                {
                    "image_link": "https://wpforms.com/wp-content/uploads/2021/10/create-form-add-name-field.jpg"
                }
            ]
        },
        {
            "subtitle": "Setting the format for the Name field",
            "content": [
                {
                    "text": "Next, you'll need to define the Format for the Name field. In this tutorial, we're going to use First Last as the format."
                },
                {
                    "image_link": "https://wpforms.com/wp-content/uploads/2021/10/wpforms-name-format.jpg"
                }
            ]
        },
        {
            "subtitle": "Blocking names from your form",
            "content": [
                {
                    "text": "Now it's time to add the snippet that will block these names from completing your form."
                },
                {
                    "text": "If you need help in adding snippets to your site, please check out this tutorial ."
                },
                {
                    "url": "https://wpforms.com/developers/how-to-add-custom-php-or-javascript-for-wpforms/"
                }
            ]
        },
        {
            "subtitle": "Simple format",
            "content": [
                {
                    "code": "\n/**\n * Prevent certain names from the Simple format Name form field.\n *\n * @link https://wpforms.com/developers/how-to-block-names-from-completing-your-form/\n */\n\nfunction wpf_dev_block_name_validation( $field_id, $field_submit, $form_data ) {\n\n    // Bail early if form ID is not 879 and field ID is not 1\n    if ( absint( $form_data[ 'id' ] ) !== 879 || absint( $field_id ) !== 1 ) {\n        return;\n    }\n\n    // Create your list of blocked names separated by commas\n    $blocked_names = array( \n        'Jane Doe', \n\t\t'John Doe',\n        'Jack Doe'\n    );\n \n    foreach( $blocked_names as $name ) {\n        if(strpos($field_submit, $name) !== FALSE ) {\n            wpforms()->process->errors[ $form_data[ 'id' ] ][ $field_id ] = esc_html__( 'Can\\'t submit form. Please try again later.', 'wpforms' );\n            return;\n        }\n    }\n\t\n}\n\nadd_action( 'wpforms_process_validate_name', 'wpf_dev_block_name_validation', 10, 3 );\n"
                }
            ]
        },
        {
            "subtitle": "First Last and First Middle Last format",
            "content": [
                {
                    "code": "\n/**\n * Prevent certain names from the other formats for the Name form field.\n *\n * @link https://wpforms.com/developers/how-to-block-names-from-completing-your-form/\n */\n \nfunction wpf_dev_block_name_validation( $field_id, $field_submit, $form_data ) {\n  \n    // Bail early if form ID is not 879 and field ID is not 1\n    if ( absint( $form_data[ 'id' ] ) !== 879 || absint( $field_id ) !== 1 ) {\n        return;\n    }\n\n    // Form builder Name format is set to First Last\n    $submitted_name = $field_submit[ 'first' ] .' ' .$field_submit[ 'last' ];\n\n    // Create your list of names to be blocked separated by commas\n    $blocked_names = array(\n        'John Doe', \n        'Jane Doe',\n        'Jack Doe'\n    );\n\n    foreach( $blocked_names as $name ) {\n        if( preg_match( '/\\b' .$name. '\\b/i',$submitted_name) ) {\n            wpforms()->process->errors[ $form_data[ 'id' ] ][ 'header' ] = esc_html__( 'Can\\'t submit form. Please try again later.', 'wpforms' );\n            return;\n        }\n    }\n\n}\n\nadd_action( 'wpforms_process_validate_name', 'wpf_dev_block_name_validation', 10, 3 );\n\n"
                },
                {
                    "text": "This snippet will only run on the form ID 879 and only process on the form field ID of 1 . You'll need to update these two ID numbers to match the form ID of your form and the field ID number that your name field."
                },
                {
                    "text": "If you need any help in locating your form and field IDs, please take a look at this tutorial ."
                },
                {
                    "url": "https://wpforms.com/developers/how-to-locate-form-id-and-field-id/"
                },
                {
                    "text": "The next section of the snippet will assign the First and Last name to a variable that we'll use when we're checking the name entered against the blocked name list we're creating with the $blocked_names ."
                },
                {
                    "text": "In the foreach loop, we need to make sure that even if the user doesn't type in a name with capital letters, we're converting it inside the snippet."
                },
                {
                    "text": "So now if any names on the $blocked_list try to submit the form, they will see our error message."
                },
                {
                    "image_link": "https://wpforms.com/wp-content/uploads/2021/10/wpforms-block-name.jpg"
                },
                {
                    "text": "And that's all you need, would you like to also block profanity on your form? Take a look at our article on How to Block Form Submissions Containing Profanity ."
                },
                {
                    "url": "https://wpforms.com/developers/how-to-block-form-submissions-containing-profanity/"
                }
            ]
        }
    ],
    "section": "Developers",
    "category": "Fields"
}