{
    "product_name": "WPForms",
    "document_id": 103,
    "document_name": "Square Addon",
    "document_url": "https://wpforms.com/docs/how-to-install-and-use-the-square-addon-with-wpforms/",
    "author": "Umair Majeed",
    "reviewer": "David Ozokoye",
    "date": "Updated: Sep 29, 2024",
    "version": "1.0",
    "title": "Square Addon",
    "content": [
        {
            "subtitle": "Connecting Square to Your WordPress Site",
            "content": [
                {
                    "text": "WPForms enables you to connect your site to Square in just a few clicks. First, go to WPForms \" Settings in your WordPress admin area and click on the Payments tab."
                },
                {
                    "image_link": "https://wpforms.com/wp-content/uploads/2021/09/wpforms-settings-payments.png"
                },
                {
                    "text": "Under the Payments section, make sure the Currency dropdown is set to the same currency your Square account uses."
                },
                {
                    "image_link": "https://wpforms.com/wp-content/uploads/2021/09/wpforms-currency-setting.png"
                },
                {
                    "text": "If these settings do not match, Square won't be able to process your payments and you'll see an error message when you try to connect your Square account to WPForms."
                },
                {
                    "image_link": "https://wpforms.com/wp-content/uploads/2021/09/wpforms-square-currency-error.png"
                },
                {
                    "text": "Once you've set your currency, you can move down to the Square section and click on the Connect with Square button."
                },
                {
                    "image_link": "https://wpforms.com/wp-content/uploads/2021/09/wpforms-connect-with-square.png"
                },
                {
                    "text": "Note: For WPForms payment integrations, Test mode and Live mode are configured separately. Make sure the Test Mode option is left unchecked to ensure you can process transactions once your form is published."
                },
                {
                    "text": "If you would like to test your form's Square integration before publishing your form, please see our tutorial on how to test Square payments ."
                },
                {
                    "url": "https://wpforms.com/docs/how-to-test-square-payments-on-your-site/"
                },
                {
                    "text": "Next, you'll be prompted to log in to your Square account. Enter your email address and password, then click on Sign In ."
                },
                {
                    "image_link": "https://wpforms.com/wp-content/uploads/2021/09/wpforms-square-login.png"
                },
                {
                    "text": "Square will then ask if you want to grant WPForms certain permissions related to your account. Click on Allow to proceed."
                },
                {
                    "image_link": "https://wpforms.com/wp-content/uploads/2021/09/wpforms-square-permissions.png"
                },
                {
                    "text": "This will bring you back to your WPForms payments settings. If the connection was successful, you'll see a green checkmark next to Connection Status."
                },
                {
                    "image_link": "https://wpforms.com/wp-content/uploads/2021/09/wpforms-square-connection-status.png"
                },
                {
                    "text": "The primary location for your business will also be imported into your WPForms payments settings from Square. If your business has multiple active locations, you can select which one you want to use from the Business Location dropdown."
                },
                {
                    "image_link": "https://wpforms.com/wp-content/uploads/2021/09/wpforms-square-business-location.png"
                },
                {
                    "text": "Note: Locations are managed within your Square account. For help with adding, removing, or editing locations, please see Square's documentation on this topic ."
                },
                {
                    "url": "https://squareup.com/t/cmtp_performance/pr_developers/d_partnerships/p_WPForms/?route=help/us/en/article/5580-manage-multiple-locations-with-square"
                },
                {
                    "text": "Lastly, make sure to save your settings before leaving this screen."
                },
                {
                    "image_link": "https://wpforms.com/wp-content/uploads/2021/09/wpforms-square-save-settings.png"
                }
            ]
        },
        {
            "subtitle": "Adding Square Integration to Your Forms",
            "content": [
                {
                    "text": "After you've connected your site to Square, you can enable payments for a specific form. To do so, create a new form or edit an existing one to open the form builder."
                },
                {
                    "url": "https://wpforms.com/docs/creating-first-form/"
                },
                {
                    "text": "Check out our Square Fee Calculator Form Template if you'd like to get started with a customizable template."
                },
                {
                    "url": "https://wpforms.com/templates/square-fee-calculator-form-template/"
                },
                {
                    "text": "You can use a form template or start from scratch and customize your form however you'd like. However, make sure to add a Square field from the Payment Fields section of the form builder. You can click on it or drag and drop it into the preview area to do so."
                },
                {
                    "url": "https://wpforms.com/docs/how-to-use-form-templates-in-wpforms/"
                },
                {
                    "image_link": "https://wpforms.com/wp-content/uploads/2021/09/square-field.png"
                },
                {
                    "text": "This will add the credit card fields necessary to process payments through Square. Once you're happy with your form's fields, click on the Payments tab and select Square ."
                },
                {
                    "image_link": "https://wpforms.com/wp-content/uploads/2021/09/payments-square.png"
                },
                {
                    "text": "Then toggle on the Enable Square Payments setting."
                },
                {
                    "image_link": "https://wpforms.com/wp-content/uploads/2021/09/enable-square-payments.png"
                },
                {
                    "text": "This will reveal some additional options for you to configure. First, enter a Payment Description , which will appear on users' credit card statements to help them identify transactions made through this form."
                },
                {
                    "image_link": "https://wpforms.com/wp-content/uploads/2021/09/square-payment-description.png"
                },
                {
                    "text": "Next, you can map a few fields from your form to your Square account if you would like to. Using the dropdowns, select your form's Email, Name, and Address fields."
                },
                {
                    "image_link": "https://wpforms.com/wp-content/uploads/2021/09/square-field-mapping.png"
                },
                {
                    "text": "Note: This data will be saved, but will not be visible in the Square Dashboard. You can send the email address to Square using this workaround from our developer documentation ."
                },
                {
                    "url": "https://wpforms.com/developers/how-to-send-the-email-address-to-square-with-wpfoms/"
                },
                {
                    "text": "Finally, make sure to save your form before exiting the builder."
                },
                {
                    "image_link": "https://wpforms.com/wp-content/uploads/2021/03/save-form.png"
                },
                {
                    "text": "We also recommend testing your form and your Square connection before you publish it."
                },
                {
                    "url": "https://wpforms.com/docs/how-to-properly-test-your-wordpress-forms-before-launching-checklist/"
                },
                {
                    "url": "https://wpforms.com/docs/how-to-test-square-payments-on-your-site"
                }
            ]
        },
        {
            "subtitle": "Enabling Conditional Logic (Optional)",
            "content": [
                {
                    "text": "The next option we'll cover in this tutorial is enabling conditional logic for Square payments. There are many ways you can use conditional logic with the Square addon, including:"
                },
                {
                    "text": "Processing the payment only if certain conditions are met"
                },
                {
                    "text": "Showing or hiding the payment fields based on users' selections or input"
                },
                {
                    "text": "Sending email notifications for completed payments"
                },
                {
                    "text": "Below, we've covered a couple of examples."
                }
            ]
        },
        {
            "subtitle": "Setting Up Conditional Logic for Payments",
            "content": [
                {
                    "text": "For this example, we'll create a form that includes an option to make a donation. We'll use conditional logic to process the payment depending on users' selections."
                },
                {
                    "text": "First, we'll create our form and customize its field options . For our example, we've built a feedback form. At the end there is a Multiple Choice field labeled, \"Would you like to make a donation to support future Science Camps?\" with the choices, \"Yes, I'll donate,\" and \"No, not today.\""
                },
                {
                    "url": "https://wpforms.com/docs/how-to-customize-form-field-options/"
                },
                {
                    "image_link": "https://wpforms.com/wp-content/uploads/2021/09/square-conditional-logic-multiple-choice-example.png"
                },
                {
                    "text": "Note: Want to learn more about using Multiple Choice fields in your forms? See our tutorial on customizing the Multiple Choice field for all the details."
                },
                {
                    "url": "https://wpforms.com/docs/how-to-customize-the-multiple-choice-field-in-wpforms/"
                },
                {
                    "text": "We've also added a Single Item field where donors can enter the amount they wish to give, a Total field where they can see the amount they'll be charged, and a Square field where they can enter their payment details."
                },
                {
                    "image_link": "https://wpforms.com/wp-content/uploads/2021/09/square-conditional-logic-payment-fields-example.png"
                },
                {
                    "text": "Note: Want to make sure users don't accidentally submit a payment of $0? Check out our guide to requiring a payment total ."
                },
                {
                    "url": "https://wpforms.com/docs/how-to-require-payment-total-with-a-wordpress-form/"
                },
                {
                    "text": "Once your form has all the fields you need, go to Payments \" Square and toggle on the Enable Conditional Logic option at the bottom of the settings."
                },
                {
                    "image_link": "https://wpforms.com/wp-content/uploads/2021/09/square-enable-conditional-logic.png"
                },
                {
                    "text": "This will reveal a set of dropdowns you can use to create your conditional logic rule. For our example, we'll make selections so the rule reads, Process this payment if Would you like to make a donation to support future Science Camps is Yes, I'll donate ."
                },
                {
                    "image_link": "https://wpforms.com/wp-content/uploads/2021/09/square-conditional-logic-rule-example.png"
                },
                {
                    "text": "Note: Need more help setting up your conditional logic rule? Our beginner's tutorial on conditional logic includes step-by-step instructions."
                },
                {
                    "url": "https://wpforms.com/docs/how-to-use-conditional-logic-with-wpforms/"
                },
                {
                    "text": "In this case, users will only be charged if they choose to make a donation using the Multiple Choice field."
                },
                {
                    "text": "Don't forget to always save your form before leaving the builder."
                }
            ]
        },
        {
            "subtitle": "Setting Up Conditional Payment Notification Emails",
            "content": [
                {
                    "text": "Typically, form notification emails are sent when a user submits the form. However, if you have a payment integration enabled, you can prevent a notification email from sending until the payment has been successfully processed."
                },
                {
                    "text": "To do so, go to Settings \" Notifications in the form builder. Then find the notification you would like to send for completed payments and toggle on the option labeled, Enable for Square completed payments ."
                },
                {
                    "image_link": "https://wpforms.com/wp-content/uploads/2021/09/enable-square-conditional-email-notification.png"
                },
                {
                    "text": "Note: Need more guidance to set up your form notification emails? Our tutorials on configuring notifications settings and creating conditional notifications can help."
                },
                {
                    "url": "https://wpforms.com/docs/setup-form-notification-wpforms/"
                },
                {
                    "url": "https://wpforms.com/docs/how-to-create-conditional-form-notifications-in-wpforms/"
                },
                {
                    "text": "You can enable this setting for as many notification emails as you like. Remember to save your changes before you leave the form builder."
                }
            ]
        },
        {
            "subtitle": "Viewing and Managing Payments",
            "content": [
                {
                    "text": "Once you've received some payments through your forms, you'll be able to view and manage them right from your site's admin area."
                },
                {
                    "text": "To do this, go to WPForms \" Payments and select the Overview tab to access the Payments page."
                },
                {
                    "image_link": "https://wpforms.com/wp-content/uploads/2023/06/payments-summary-screen.png"
                },
                {
                    "text": "On the Payments overview page, you can view transaction details, track your sales, view revenue trends, measure the success of your payment forms, and much more."
                },
                {
                    "text": "Be sure to check out our guide to viewing and managing form payments for more information."
                },
                {
                    "url": "https://wpforms.com/docs/viewing-and-managing-payments/"
                },
                {
                    "text": "Note: If you'd like, you can create coupon codes and give users a discount when filling out your payment form. To learn more, check out our Coupons addon tutorial."
                },
                {
                    "url": "https://wpforms.com/docs/coupons-addon/"
                }
            ]
        },
        {
            "subtitle": "Frequently Asked Questions",
            "content": [
                {
                    "text": "These are some of the top questions about the Square addon."
                }
            ]
        },
        {
            "subtitle": "Will I be charged for using Square in my forms?",
            "content": [
                {
                    "text": "WPForms does not charge you to use Square in your forms. However, Square's seller fees do apply to transactions made through your forms."
                },
                {
                    "text": "To see Square's current seller fees for remote online transactions, check out its Pricing page ."
                },
                {
                    "url": "https://squareup.com/t/cmtp_performance/pr_developers/d_partnerships/p_WPForms/?route=us/en/pricing"
                }
            ]
        },
        {
            "subtitle": "Does WPForms have a partnership with Square?",
            "content": [
                {
                    "text": "Yes, we do ! By partnering with directly Square, we can make sure your payments are processed reliably and securely, according to the platform's best practices."
                },
                {
                    "url": "https://squareup.com/t/cmtp_performance/pr_developers/d_partnerships/p_WPForms/?route=us/en/partnerships"
                }
            ]
        },
        {
            "subtitle": "Does WPForms store users' payment information?",
            "content": [
                {
                    "text": "No, we do not store your users' payment information."
                },
                {
                    "text": "Instead, payment details are sent straight to Square to protect both you and your users from the risks that come with storing credit card details on your site."
                },
                {
                    "text": "That's it! Now you can integrate your WordPress forms with Square to accept credit card payments."
                },
                {
                    "text": "Next, would you like to learn how to let users choose their payment method? Check out our tutorial on how to do so with conditional logic and our other payment integrations , PayPal, Stripe, and Authorize.Net."
                },
                {
                    "url": "https://wpforms.com/docs/how-to-allow-users-to-choose-a-payment-method-on-your-form/"
                }
            ]
        }
    ],
    "section": "Documentation",
    "category": "Payment Processing"
}