{
    "product_name": "WPForms",
    "document_id": 84,
    "document_name": "How to Remove the Whitespace From Around Image Choices",
    "document_url": "https://wpforms.com/developers/how-to-remove-whitespace-from-around-image-choices/",
    "author": "Editorial Team",
    "reviewer": "Molly Tyler",
    "date": "Updated: May 20, 2024, 10:41 AM",
    "version": "1.0",
    "title": "How to Remove the Whitespace From Around Image Choices",
    "content": [
        {
            "subtitle": "Creating the form",
            "content": [
                {
                    "text": "First, start by creating your form in WPForms. Once you've created your form, add the fields you need, including the Multiple Choice field that will serve as the foundation for our Image Choices setup."
                },
                {
                    "text": "If you're unsure about how to set up Image Choices , you can refer to our documentation on how to add Image Choices to WPForms. Simply click here for detailed instructions."
                },
                {
                    "url": "https://wpforms.com/docs/how-to-add-image-choices-to-fields/"
                },
                {
                    "image_link": "https://wpforms.com/wp-content/uploads/2020/06/wpforms-image-choice-multiple-choice.jpg"
                }
            ]
        },
        {
            "subtitle": "Removing the whitespace",
            "content": [
                {
                    "text": "If you're unsure how or where to add CSS to your site, you can refer to this tutorial for guidance."
                },
                {
                    "url": "https://wpforms.com/developers/how-to-add-custom-css-styles-for-wpforms/"
                }
            ]
        },
        {
            "subtitle": "For all forms",
            "content": [
                {
                    "text": "By default, when you add Image Choices to your form, a whitespace appears around the image due to CSS padding. This whitespace can be seen in the image below:"
                },
                {
                    "text": "To remove this whitespace, you'll need to copy and paste the following CSS code into your site:"
                },
                {
                    "image_link": "https://wpforms.com/wp-content/uploads/2020/06/wpforms-whitespace-image-choices.jpg"
                },
                {
                    "code": "\nspan.wpforms-image-choices-label {\n    display: none !important;\n}\n\n.wpforms-field-label-inline {\n    line-height: 0 !important;\n}\n\nlabel.wpforms-field-label-inline {\n    padding: 0 !important;\n}\n"
                },
                {
                    "text": "This CSS code will not only remove the whitespace around the images but also hide the labels associated with each image, allowing the images to stand alone."
                },
                {
                    "image_link": "https://wpforms.com/wp-content/uploads/2020/06/wpforms-whitespace-removed-after.jpg"
                }
            ]
        },
        {
            "subtitle": "For a specific form",
            "content": [
                {
                    "text": "To remove this whitespace for form ID 1328 , you'll need to copy and paste the following CSS code into your site:"
                },
                {
                    "code": "\nform#wpforms-form-1328 span.wpforms-image-choices-label {\n    display: none !important;\n}\n \nform#wpforms-form-1328 .wpforms-field-label-inline {\n    line-height: 0 !important;\n}\n \nform#wpforms-form-1328 label.wpforms-field-label-inline {\n    padding: 0 !important;\n}\n"
                },
                {
                    "text": "You'll need to update the 1328 above to match your own form ID. If you're not sure where to find your form ID, please review this article for further assistance ."
                },
                {
                    "url": "https://wpforms.com/developers/how-to-locate-form-id-and-field-id/"
                },
                {
                    "text": "And that's it! You've successfully removed the whitespace from around the images in your form. Why not check out more articles on styling Image Choices ? Take a look at our article on How to Customize the Labels for Image Choices ."
                },
                {
                    "url": "https://wpforms.com/developers/how-to-customize-the-labels-for-image-choices/"
                }
            ]
        }
    ],
    "section": "Developers",
    "category": "Styling"
}