{
    "product_name": "WPForms",
    "document_id": 342,
    "document_name": "How to Perform Field Comparisons Within Your WPForms",
    "document_url": "https://wpforms.com/developers/how-to-perform-field-comparisons-within-your-wpforms/",
    "author": "Editorial Team",
    "reviewer": "Molly Tyler",
    "date": "Updated: Apr 17, 2024, 10:14 AM",
    "version": "1.0",
    "title": "How to Perform Field Comparisons Within Your WPForms",
    "content": [
        {
            "subtitle": "Creating the form",
            "content": [
                {
                    "text": "To get started, let's create a fresh form and include the necessary fields. In this tutorial, we'll focus on crafting a form designed for visitors interested in obtaining a free quote. Consequently, we'll add specific fields, including two distinct Phone fields: one for entering the phone number and another for confirming it."
                },
                {
                    "image_link": "https://wpforms.com/wp-content/uploads/2023/10/wpforms-compare-two-fields-create-form.jpg 1116w, https://wpforms.com/wp-content/uploads/2023/10/wpforms-compare-two-fields-create-form-300x137.jpg 300w, https://wpforms.com/wp-content/uploads/2023/10/wpforms-compare-two-fields-create-form-1024x466.jpg 1024w, https://wpforms.com/wp-content/uploads/2023/10/wpforms-compare-two-fields-create-form-768x350.jpg 768w"
                },
                {
                    "text": "If you need any assistance in creating a new form, please review this helpful guide ."
                },
                {
                    "url": "https://wpforms.com/docs/creating-first-form/"
                }
            ]
        },
        {
            "subtitle": "Performing the field comparisons",
            "content": [
                {
                    "text": "Now it's time to add the snippet to your site. If you need help with where and how to add snippets, please take a look at this guide ."
                },
                {
                    "url": "https://wpforms.com/developers/how-to-add-custom-php-or-javascript-for-wpforms/"
                },
                {
                    "code": "\n/**\n * Perform Field Comparisons\n *\n * @link https://wpforms.com/developers/how-to-perform-field-comparisons-within-your-wpforms/\n */\n\nfunction wpf_dev_compare_fields( $fields, $entry, $form_data ) {\n\t\n\t// Only run this snippet on the form ID 3697\n\tif ( absint( $form_data[ 'id' ] ) !== 3697 ) {\n    \treturn $fields;\n\t}\n\n\t// Enter the field ID for the first phone number\n\t$phone_1 = $fields[3][ 'value' ];\n\t\n\t// Enter the field ID for the second phone number\n\t$phone_2 = $fields[4][ 'value' ];\n\n\t// Regex pattern to match a simple 10-digit phone number\n\t$pattern = '/^\\d{10}$/';\n\n\t// Now check if both phone numbers match the pattern\n\tif ( !preg_match( $pattern, $phone_1 ) || !preg_match( $pattern, $phone_2 ) || $phone_1 !== $phone_2 ) {\n\t\twpforms()->process->errors[$form_data[ 'id' ]][ 'header' ] = esc_html__( 'Your phone number must be the same in both fields.', 'wpforms' );\n\t}\n\n}\nadd_action( 'wpforms_process', 'wpf_dev_compare_fields', 10, 3 );\n"
                },
                {
                    "text": "Please note that you'll need to update the form and field IDs in the snippet to match your own IDs. For any help in finding your ID numbers, please check out this tutorial ."
                },
                {
                    "url": "https://wpforms.com/developers/how-to-locate-form-id-and-field-id/"
                },
                {
                    "text": "This snippet will look at the form ID 3697 and then grab the values entered on both Phone fields by looking that the field ID 5 and 7 , if these fields don't match, we'll display an error message asking them to confirm the numbers entered."
                },
                {
                    "image_link": "https://wpforms.com/wp-content/uploads/2023/10/perform-field-comparisons.jpg"
                },
                {
                    "text": "If using any of the Phone fields for your validation, you may need to update this line of the code $pattern = '/^\\d{10}$/'; to match the expected characters such as International and Smart fields that would include more than 10 characters for the country code or the international code format."
                },
                {
                    "text": "And that's it! By using field comparisons, you can ensure the data being entered in your forms is verified. Would you like to conditionally display the Submit button? Take a look at our tutorial on How to Conditionally Show the Submit Button ."
                },
                {
                    "url": "https://wpforms.com/developers/how-to-conditionally-show-the-submit-button/"
                }
            ]
        },
        {
            "subtitle": "Reference Action",
            "content": [
                {
                    "text": "wpforms_process"
                },
                {
                    "url": "https://wpforms.com/developers/wpforms_process/"
                }
            ]
        }
    ],
    "section": "Developers",
    "category": "Tutorials"
}