{
    "product_name": "WPForms",
    "document_id": 262,
    "document_name": "How to Change the Timeout on the Modern File Upload",
    "document_url": "https://wpforms.com/developers/how-to-change-the-timeout-on-the-modern-file-upload/",
    "author": "Editorial Team",
    "reviewer": "Molly Tyler",
    "date": "Updated: Jul 7, 2023, 08:50 AM",
    "version": "1.0",
    "title": "How to Change the Timeout on the Modern File Upload",
    "content": [
        {
            "subtitle": "Overview",
            "content": [
                {
                    "text": "Would you like to change the timeout when uploading files through the Modern File Upload form field? This can be particularly helpful when you are expecting large files to be uploaded through your form."
                },
                {
                    "text": "By default, the timeout set on the Modern File Upload field is set to 30 seconds or 30000 milliseconds , with a small PHP snippet you can easily change this timeout to be whatever you'd like."
                }
            ]
        },
        {
            "subtitle": "Setup",
            "content": [
                {
                    "text": "All you need to do is add this snippet to your site."
                },
                {
                    "text": "If you're not sure where or how to add snippets to your site, please take a look at this tutorial ."
                },
                {
                    "url": "https://wpforms.com/developers/how-to-add-custom-php-or-javascript-for-wpforms/"
                },
                {
                    "text": "In our example, we're changing the timeout from 30000 milliseconds (30 seconds) to 60000 milliseconds (60 seconds) ."
                },
                {
                    "code": "\n/**\n * Change the timeout on the modern file upload from 30 to 60 seconds.\n *\n * @link https://wpforms.com/developers/how-to-change-the-timeout-on-the-modern-file-upload/\n */\n\nfunction wpf_dev_modern_file_upload_timeout() {\n\t?>\n\t<script type=\"text/javascript\">\n\t\twindow.addEventListener( 'load', function() {\n\t\t\tif ( typeof wpforms.dropzones === 'undefined' )  {\n\t\t\t\treturn;\n\t\t\t}\n\t\t\twpforms.dropzones.forEach(function( dropzone ) {\n\t\t\t\tdropzone.options.timeout = 60000; // The timeout for the XHR requests in milliseconds.\n\t\t\t});\n\t\t} );\n\t</script>\n\t<?php\n}\nadd_action( 'wpforms_wp_footer', 'wpf_dev_modern_file_upload_timeout', 30 );\n"
                },
                {
                    "text": "You'll just need to set the 60000 to what you would like."
                },
                {
                    "text": "Please note that just changing this number, doesn't mean that your hosting company won't also have a global cap set on your timeout functions, also known as PHP max_execution_time . You'll need to reach out to your hosting company to increase this on your server if you have the need to increase this amount as well."
                },
                {
                    "text": "And that's it! You've successfully increased the timeout from 30 seconds (30000 milliseconds) to 60 seconds (60000 milliseconds) . Would you like to also track successful form submissions with Google Analytics without the need for a plugin? Check out this snippet on How to Track Form Submissions Using Google Analytics 4 ."
                },
                {
                    "url": "https://wpforms.com/developers/how-to-track-form-submissions-using-google-analytics-4/"
                }
            ]
        },
        {
            "subtitle": "Related",
            "content": [
                {
                    "text": "Action Reference: wpforms_wp_footer"
                },
                {
                    "url": "https://wpforms.com/developers/wpforms_wp_footer/"
                }
            ]
        }
    ],
    "section": "Developers",
    "category": "Snippets"
}