{
    "product_name": "WPForms",
    "document_id": 111,
    "document_name": "Using Form Revisions",
    "document_url": "https://wpforms.com/docs/how-to-use-form-revisions-in-wpforms/",
    "author": "Umair Majeed",
    "reviewer": "David Ozokoye",
    "date": "Updated: May 21, 2024",
    "version": "1.0",
    "title": "Using Form Revisions",
    "content": [
        {
            "subtitle": "What Are Form Revisions?",
            "content": [
                {
                    "text": "Each time you save any changes made to your form, WPForms creates a form revision, which is a copy of how the form looked and functioned at the time it was saved."
                },
                {
                    "text": "With form revisions, you can save time by quickly reverting back to the way a form was configured before you made any changes. This means you can test out different form configurations without having to worry about messing anything up."
                },
                {
                    "text": "This also lets you see who edited the form and when the changes were made, which can be helpful if multiple users are collaborating on your site's forms."
                }
            ]
        },
        {
            "subtitle": "Enabling Revisions",
            "content": [
                {
                    "text": "WPForms enables form revisions by default. However, some hosting providers or other plugins may have settings that disable or limit revisions in WPForms. Typically, if WordPress post revisions are disabled or limited on your site, then form revisions will also be disabled or limited in WPForms."
                },
                {
                    "url": "https://wordpress.org/support/article/revisions/"
                },
                {
                    "text": "Note: Form revisions are stored indefinitely in your WordPress database unless they're disabled or there's a restriction on the number of revisions your site can save. WPForms does not require form revisions to be enabled for your forms to function properly."
                },
                {
                    "text": "If post revisions have been disabled on your site, you will see a red exclamation point next to the form revisions icon in the form builder."
                },
                {
                    "image_link": "https://wpforms.com/wp-content/uploads/2022/02/disabled-form-revisions-icon.png"
                },
                {
                    "text": "When you click on this icon, it'll take you to the Form Revisions panel. Here you'll see a notification letting you know that WordPress post revisions have been disabled."
                },
                {
                    "image_link": "https://wpforms.com/wp-content/uploads/2022/02/form-revisions-are-disabled-warning.png"
                },
                {
                    "text": "If revisions are enabled, but there are limitations to the number of revisions allowed on your site, you will see a notification regarding the limitation."
                },
                {
                    "image_link": "https://wpforms.com/wp-content/uploads/2022/02/form-revision-limit-warning.png"
                },
                {
                    "text": "To learn how to enable revisions for WPForms while leaving post revisions disabled, we recommend checking out WPBeginner's guide to controlling revisions for post types in WordPress . Here you will also find information on how to control revision limits."
                },
                {
                    "url": "https://www.wpbeginner.com/plugins/how-to-control-revisions-for-post-types-in-wordpress/"
                }
            ]
        },
        {
            "subtitle": "Accessing Form Revisions",
            "content": [
                {
                    "text": "Once you've edited your form and saved it at least once, you'll be able to access your form revisions. To view them, click on the form revisions icon in the bottom-left corner of the form builder."
                },
                {
                    "image_link": "https://wpforms.com/wp-content/uploads/2022/02/click-form-revisions-icon.png"
                },
                {
                    "text": "This will take you to the Form Revisions panel. Here you'll see the current version of your form, followed by a list of saved form revisions displayed in chronological order, from top to bottom."
                },
                {
                    "image_link": "https://wpforms.com/wp-content/uploads/2022/02/form-revisions-panel.png"
                },
                {
                    "text": "Each individual form revision will display the time and date the revision was created, along with the user that saved the revision."
                },
                {
                    "image_link": "https://wpforms.com/wp-content/uploads/2022/02/individual-form-revision-info.png"
                }
            ]
        },
        {
            "subtitle": "Viewing an Individual Form Revision",
            "content": [
                {
                    "text": "To view the content of an individual form revision, click on the revision in the Form Revisions panel."
                },
                {
                    "image_link": "https://wpforms.com/wp-content/uploads/2022/02/click-individual-form-revision.png"
                },
                {
                    "text": "Now in the form preview area, you'll see the state of the form at the time the revision was created. This means that all of the form fields and settings will appear as they were when you saved the form."
                },
                {
                    "image_link": "https://wpforms.com/wp-content/uploads/2022/02/individual-form-revision-view.png"
                },
                {
                    "text": "At the top of the form builder, you'll see a notice with details about the form revision you are currently viewing. Within this notice, you'll see options to restore your revision and go back to the current version ."
                },
                {
                    "image_link": "https://wpforms.com/wp-content/uploads/2022/02/form-revision-options-notice-2.png"
                },
                {
                    "text": "We'll cover both of these options in the next sections."
                }
            ]
        },
        {
            "subtitle": "Restoring Your Form",
            "content": [
                {
                    "text": "When you restore an older version of your form, it becomes the current version. This is the version that will be used when you add the form to your site ."
                },
                {
                    "url": "https://wpforms.com/how-to-add-wpforms-to-a-page-in-wordpress/"
                },
                {
                    "text": "To restore a form revision that you are currently viewing, click the Restore this revision link located at the top of the form builder."
                },
                {
                    "image_link": "https://wpforms.com/wp-content/uploads/2022/02/restore-this-version.png"
                }
            ]
        },
        {
            "subtitle": "Returning to the Current Version",
            "content": [
                {
                    "text": "To quickly go back to view the current version of the form, click the go back to the current version link located at the top of the page."
                },
                {
                    "image_link": "https://wpforms.com/wp-content/uploads/2022/02/return-to-current-version.png"
                }
            ]
        },
        {
            "subtitle": "Editing a Form Revision",
            "content": [
                {
                    "text": "When you're viewing an individual form revision, you can edit that version of the form as you would a normal form. However, when you go to save the form, you'll see a popup appear letting you know that you are saving a form revision."
                },
                {
                    "image_link": "https://wpforms.com/wp-content/uploads/2022/02/saving-form-revision-warning.png"
                },
                {
                    "text": "To save the form revision as the current version of the form, click the Save button."
                },
                {
                    "image_link": "https://wpforms.com/wp-content/uploads/2022/02/save-button-in-form-revision-warning.png"
                },
                {
                    "text": "The current version of your form will now contain the changes you made to the revision."
                }
            ]
        },
        {
            "subtitle": "Frequently Asked Questions",
            "content": [
                {
                    "text": "Below, we've answered some of the most common questions we receive regarding form revisions."
                }
            ]
        },
        {
            "subtitle": "Can I customize the form revision limit in WPForms?",
            "content": [
                {
                    "text": "Yes, you have the flexibility to set a specific number of form revisions, choose to have unlimited revisions, or disable form revisions entirely. To learn how to customize the form revisions limit to suit your needs, please refer to our developer documentation ."
                },
                {
                    "url": "https://wpforms.com/developers/how-to-customize-the-form-revisions-limit/"
                },
                {
                    "text": "Note: Please be aware that this requires advanced functionality, such as adding code to your site, and is therefore recommended for developers."
                },
                {
                    "text": "That's it! Now you know how to use form revisions in WPForms."
                },
                {
                    "text": "Next, would you like to learn what you can do with user-submitted information in WPForms? Be sure to check out our complete guide to form entries for all the details."
                },
                {
                    "url": "https://wpforms.com/docs/complete-guide-to-form-entries/"
                }
            ]
        }
    ],
    "section": "Documentation",
    "category": "Form Management"
}