{
    "product_name": "WPForms",
    "document_id": 25,
    "document_name": "Using Stripe With WPForms Lite",
    "document_url": "https://wpforms.com/docs/using-stripe-with-wpforms-lite/",
    "author": "Umair Majeed",
    "reviewer": "David Ozokoye",
    "date": "Updated: May 21, 2024",
    "version": "1.0",
    "title": "Using Stripe With WPForms Lite",
    "content": [
        {
            "subtitle": "Installing WPForms Lite",
            "content": [
                {
                    "text": "Before getting started, you'll need to install and activate the WPForms Lite plugin on your WordPress site. You can install WPForms Lite from the WordPress plugins directory ."
                },
                {
                    "url": "https://wordpress.org/plugins/wpforms-lite/"
                },
                {
                    "text": "If you are unfamiliar with installing WordPress plugins, check out WPBeginner's guide to learn how."
                },
                {
                    "url": "https://www.wpbeginner.com/beginners-guide/step-by-step-guide-to-install-a-wordpress-plugin-for-beginners/"
                }
            ]
        },
        {
            "subtitle": "Connecting Your Stripe Account",
            "content": [
                {
                    "text": "Note: There's a 3% fee for every transaction along with Stripe charges if you're using Stripe with WPForms Lite. To remove the additional 3% charge, you'll need to upgrade to WPForms Pro license or higher."
                },
                {
                    "url": "https://wpforms.com/pricing"
                },
                {
                    "text": "After activating WPForms Lite, you'll need to connect it with your Stripe account to begin accepting payments. Fortunately, this process is pretty straightforward and doesn't require any complex configuration."
                },
                {
                    "text": "To connect your account, go to WPForms \" Settings and select the Payments tab."
                },
                {
                    "image_link": "https://wpforms.com/wp-content/uploads/2023/05/wpforms-payments-tab.png"
                },
                {
                    "text": "If you'd like, you can adjust the default currency to match the one your site uses."
                },
                {
                    "image_link": "https://wpforms.com/wp-content/uploads/2023/05/payments-currency.png"
                },
                {
                    "text": "Next, scroll to the Stripe section and click Connect with Stripe to link your account."
                },
                {
                    "image_link": "https://wpforms.com/wp-content/uploads/2023/05/connect-with-stripe.png"
                },
                {
                    "text": "Note: If you're currently using Test Mode, please be sure to repeat this connection process with Test Mode unchecked when you're ready to launch your forms."
                },
                {
                    "text": "You'll be redirected to the Stripe Connect wizard. Here, you'll need to authorize your Stripe account. The exact content you'll see here will vary depending on whether your account has been connected."
                },
                {
                    "image_link": "https://wpforms.com/wp-content/uploads/2023/05/wpforms-stripe-setup.png"
                },
                {
                    "text": "To proceed, you'll need to enter your email address and log in to your Stripe account. Then fill out the form to connect your account."
                },
                {
                    "text": "Once you've followed the steps in the Stripe Connect wizard, you'll be redirected back to your site's admin area. You should see a green checkmark next to Connection Status ."
                },
                {
                    "image_link": "https://wpforms.com/wp-content/uploads/2023/05/stripe-connection-status.png"
                }
            ]
        },
        {
            "subtitle": "Setting Up Stripe Webhooks",
            "content": [
                {
                    "text": "Stripe uses webhooks to synchronize events that occur in your Stripe account from an external source."
                },
                {
                    "text": "Configuring Stripe webhooks in WPForms lets you view real-time updates from your payment forms in the WordPress admin area."
                },
                {
                    "text": "You can manage your subscriptions and process refunds from the Payments Overview page in WPForms."
                },
                {
                    "image_link": "https://wpforms.com/wp-content/uploads/2023/09/enable-stripe-webhook.png"
                },
                {
                    "text": "Webhooks are automatically configured for WPForms version 1.8.4 or higher when you connect your Stripe account. However, in some cases, the autoconfiguration may not work for your account."
                },
                {
                    "text": "If that is the case, you can manually set it up for your account. For more details, see our guide on setting up Stripe webhooks ."
                },
                {
                    "url": "https://wpforms.com/docs/setting-up-stripe-webhooks"
                }
            ]
        },
        {
            "subtitle": "Enabling Stripe Payments in the Form Builder",
            "content": [
                {
                    "text": "To begin, you'll need to create a new form or edit an existing one to access the form builder."
                },
                {
                    "url": "https://wpforms.com/docs/creating-first-form/"
                },
                {
                    "text": "In the form builder, you can customize the form how you like. Just be sure to include the following fields:"
                },
                {
                    "text": "Email field"
                },
                {
                    "text": "Payment items field (Single Item, Multiple Items, Checkbox Items, or Dropdown Items)"
                },
                {
                    "text": "Stripe Credit Card field"
                },
                {
                    "text": "For our example, we'll create a billing form that includes the Name , Email , Multiple Items , and Stripe Credit Card fields."
                },
                {
                    "image_link": "https://wpforms.com/wp-content/uploads/2023/06/add-payment-fields-to-form.png"
                },
                {
                    "text": "Note: The Stripe Credit Card field uses Stripe's Payment Element option to simplify checkout. This option also supports Apple Pay and Google Pay. However, it's only available if you meet Stripe's requirements. See Stripe's documentation to learn about the requirements."
                },
                {
                    "url": "https://stripe.com/docs/stripe-js/elements/payment-request-button"
                },
                {
                    "text": "After adding the fields you want to use on your form, go to Payments \" Stripe to access the Stripe settings page. Then toggle the Enable one-time payments option to the on position."
                },
                {
                    "image_link": "https://wpforms.com/wp-content/uploads/2023/09/enable-one-time-payments.png"
                },
                {
                    "text": "Note: For Stripe to function correctly, be sure to enable AJAX form submissions before continuing."
                },
                {
                    "url": "https://wpforms.com/docs/how-to-enable-ajax-form-submissions/"
                },
                {
                    "text": "Once you've enabled Stripe payments for this form, additional options will appear. These fields are optional, but we recommend filling them out as they help you to easily manage your transactions."
                },
                {
                    "text": "First, enter a short text under Payment Description describing what this payment is about. This text will appear on users' card statements to help identify your payments."
                },
                {
                    "image_link": "https://wpforms.com/wp-content/uploads/2023/02/payment-description-stripe.png"
                },
                {
                    "text": "Next, choose the Email field from your form under Stripe Payment Receipt . This is the email address Stripe will send the payment receipt to."
                },
                {
                    "image_link": "https://wpforms.com/wp-content/uploads/2023/02/payment-receipt-stripe.png"
                },
                {
                    "text": "Finally, select the Email field from your form that contains the customer's email address under the Customer Email dropdown."
                },
                {
                    "image_link": "https://wpforms.com/wp-content/uploads/2023/02/customer-email-stripe.png"
                },
                {
                    "text": "If your form is for accepting one-time payments, you can save your changes and proceed to test your payment form . However, if you need to accept recurring payments, you'll need to complete additional settings."
                },
                {
                    "url": "#test-payment"
                }
            ]
        },
        {
            "subtitle": "Enabling Recurring Payments",
            "content": [
                {
                    "text": "If you run a subscription-based service, you can charge users regularly by enabling subscription payments."
                },
                {
                    "text": "Under the Recurring Payments option, toggle the Enable recurring subscription payments option to the on position."
                },
                {
                    "image_link": "https://wpforms.com/wp-content/uploads/2023/09/enable-recurring-payments.png"
                },
                {
                    "text": "After enabling it, you'll need to complete the additional fields that appear."
                },
                {
                    "text": "First, enter a title for the subscription under the Plan Name field. This name will appear on the transactions page for this form in your Stripe account."
                },
                {
                    "image_link": "https://wpforms.com/wp-content/uploads/2023/05/subscription-plan-name-1.png"
                },
                {
                    "text": "After that, choose how often you'd like the recurring payment to occur from the Recurring Period dropdown. Available options include Daily, Weekly, Monthly, Quarterly, Semi-Yearly, or Yearly."
                },
                {
                    "image_link": "https://wpforms.com/wp-content/uploads/2023/05/recurring-period.png"
                },
                {
                    "text": "Finally, you'll need to select the Email field from your form to match the Customer Email field. Stripe requires this field to enable recurring payments for the user with the specified email address."
                },
                {
                    "image_link": "https://wpforms.com/wp-content/uploads/2023/05/recurring-payment-customer-email.png"
                },
                {
                    "text": "Note: WPForms Lite doesn't support conditional logic with Stripe payments. You'll need to upgrade to the Pro license or higher and install the Stripe Pro addon to enable conditional logic for your payment form."
                },
                {
                    "url": "https://wpforms.com/pricing/"
                },
                {
                    "url": "https://wpforms.com/docs/how-to-install-and-use-the-stripe-addon-with-wpforms/#Setting_Up_Conditional_Logic_for_Payments_Optional"
                },
                {
                    "text": "If you'd like to create an additional subscription plan, click the Add New Plan button."
                },
                {
                    "image_link": "https://wpforms.com/wp-content/uploads/2023/09/add-new-plan.png"
                },
                {
                    "text": "In the overlay that appears, enter a name for your plan and click OK to continue."
                },
                {
                    "image_link": "https://wpforms.com/wp-content/uploads/2023/09/click-ok.png"
                },
                {
                    "text": "After that, scroll to the new plan you created and configure the options similar to how you did the first plan."
                },
                {
                    "image_link": "https://wpforms.com/wp-content/uploads/2023/09/annual-subscription.png"
                },
                {
                    "text": "Note: You can add as many subscription plans as you need for your payment form."
                },
                {
                    "text": "If you'd like to delete an additional plan you created, click the trash icon next to the plan's name."
                },
                {
                    "image_link": "https://wpforms.com/wp-content/uploads/2023/09/delete-plan.png"
                },
                {
                    "text": "Once you're done configuring your payment settings, be sure to save your form to update your settings."
                }
            ]
        },
        {
            "subtitle": "Testing Stripe Payments",
            "content": [
                {
                    "text": "After setting up Stripe on your WordPress form, you'll need to send a test payment before launching your form to ensure everything works as expected."
                },
                {
                    "text": "We recommend reviewing our guide to testing Stripe payments for a complete walkthrough."
                },
                {
                    "url": "https://wpforms.com/docs/how-to-test-stripe-payments-on-your-site/"
                }
            ]
        },
        {
            "subtitle": "Viewing Payment Entries",
            "content": [
                {
                    "text": "Once you've launched your form and received payments through your form, you'll be able to track your payments from your site's admin area."
                },
                {
                    "text": "To do so, go to WPForms \" Payments to access the Payments overview page. Here, you'll see details about all the payments you've received through your form."
                },
                {
                    "image_link": "https://wpforms.com/wp-content/uploads/2023/06/payments-summary-screen.png"
                },
                {
                    "text": "You can filter the entries by Customer Email or the last 4 digits of the payment card. For more information, please see our guide on viewing and managing form payments ."
                },
                {
                    "url": "https://wpforms.com/docs/viewing-and-managing-payments/"
                }
            ]
        },
        {
            "subtitle": "Frequently Asked Questions",
            "content": [
                {
                    "text": "Below are some of the most common questions asked about using Stripe with WPForms Lite."
                }
            ]
        },
        {
            "subtitle": "What is Stripe Link and how can I remove it from the payment process in WPForms?",
            "content": [
                {
                    "text": "Stripe Link is a feature from Stripe that automatically saves and fills in payment and shipping information for your customers, simplifying the checkout process. However, if you wish to disable this feature and require customers to manually enter their details for each transaction, you can do so through your Stripe dashboard settings."
                },
                {
                    "text": "For detailed guidance on how to turn off Stripe Link for your specific setup, please refer to the Stripe documentation on disabling Link ."
                },
                {
                    "url": "https://support.stripe.com/questions/how-to-turn-off-link"
                },
                {
                    "text": "That's it! You now know how to integrate Stripe with WPForms Lite to begin accepting online payments from users."
                },
                {
                    "text": "Next, would you like to use icons to make your payment items field visually appealing? Be sure to check out our tutorial to learn how to use icon choices in WPForms ."
                },
                {
                    "url": "https://wpforms.com/docs/using-icon-choices/"
                }
            ]
        }
    ],
    "section": "Documentation",
    "category": "Payment Processing"
}