{
    "product_name": "WPForms",
    "document_id": 307,
    "document_name": "How to Approve a User After a PayPal Payment",
    "document_url": "https://wpforms.com/developers/how-to-approve-a-user-after-a-paypal-payment/",
    "author": "Editorial Team",
    "reviewer": "Molly Tyler",
    "date": "Updated: Mar 13, 2024, 11:27 AM",
    "version": "1.0",
    "title": "How to Approve a User After a PayPal Payment",
    "content": [
        {
            "subtitle": "Creating your form",
            "content": [
                {
                    "text": "First, you'll need to create your user registration form. If you need any assistance with this, please review this documentation ."
                },
                {
                    "url": "https://wpforms.com/docs/creating-first-form/"
                },
                {
                    "text": "Once you've created the form, click on the Settings tab inside the form builder and select User Registration . You'll need to click the Enable User Activation and set the User Activation Method to Manual Approval ."
                },
                {
                    "image_link": "https://wpforms.com/wp-content/uploads/2021/09/wpforms-enable-user-activation.jpg"
                }
            ]
        },
        {
            "subtitle": "Enabling PayPal to collect your membership fee",
            "content": [
                {
                    "text": "Next, you'll need to add a Payment field to your form to specify what amount you are wanting to receive to activate the membership."
                },
                {
                    "text": "Once you've added the field, go to the Payments tab of the form builder and set up your PayPal settings. If you need further assistance with that, please see this documentation ."
                },
                {
                    "url": "https://wpforms.com/docs/install-use-paypal-addon-wpforms/"
                },
                {
                    "image_link": "https://wpforms.com/wp-content/uploads/2021/09/wpforms-setup-paypal.jpg"
                }
            ]
        },
        {
            "subtitle": "Setting up the PayPal IPN",
            "content": [
                {
                    "text": "For the purpose of this tutorial, we're going to enable Instant Payment Notification (IPN) with PayPal to ensure that when PayPal returns the status of the payment a message will be sent to your site and the snippet will be triggered."
                },
                {
                    "text": "To learn more about Instant Payment Notifications , please take a look at PayPal's documentation on the IPN ."
                },
                {
                    "url": "https://developer.paypal.com/docs/api-basics/notifications/ipn/IPNIntro/"
                }
            ]
        },
        {
            "subtitle": "Approving users after completed payment",
            "content": [
                {
                    "text": "Now it's time to add the snippet that will pull this all together. If you need any help in adding snippets to your site, please see this tutorial ."
                },
                {
                    "url": "https://wpforms.com/developers/how-to-add-custom-php-or-javascript-for-wpforms/"
                },
                {
                    "code": "\n/**\n * Approve user after PayPal payment status is Complete\n *\n * @link https://wpforms.com/developers/how-to-approve-a-user-after-a-paypal-payment/\n */\n\nfunction wpf_dev_activate_user_after_paypal_complete( $fields, $form_data, $payment_id, $data ){\n\t\n\t// Add the field ID for the user's account email\n\t$email_field = 3;\n\n\t// Stop editing\n\t$user = get_user_by( 'email', $form_data[ $email_field ][ 'value' ] );\n\t\n\tdelete_user_meta( $user->ID, 'wpforms-activate' );\n\tdelete_user_meta( $user->ID, 'wpforms-pending' );\n\tdelete_user_meta( $user->ID, 'wpforms-confirmation' );\n\n\t// Check if we need to assign new role.\n\t$role = get_user_meta( $user->ID, 'wpforms-role', true );\n\n\tif ( $role ) {\n\n\t\twp_update_user(\n\t\t\t[\n\t\t\t\t'ID'   => $user->ID,\n\t\t\t\t'role' => $role,\n\t\t\t]\n\t\t);\n\t\tdelete_user_meta( $user->ID, 'wpforms-role' );\n\t}\n\n\twpforms_user_registration()->get( 'email_notifications' )->after_activation( $user->ID );\n\n}\n\nadd_action( 'wpforms_paypal_standard_process_complete', 'wpf_activate_user_after_paypal_complete', 10, 4 );\n"
                },
                {
                    "text": "The snippet above will only run on the form ID 5 . If you would like to run this snippet on all user registration forms, you can just remove or comment out that block of the snippet."
                },
                {
                    "text": "The only other ID you'll need to know is the field ID for the Email form field. In this tutorial, the field ID for our Email form field is 3 ."
                },
                {
                    "image_link": "https://wpforms.com/wp-content/uploads/2021/09/wpforms-add-email-field.jpg"
                },
                {
                    "text": "If you need help in finding your field or form ID, please see this tutorial ."
                },
                {
                    "url": "https://wpforms.com/developers/how-to-locate-form-id-and-field-id/"
                },
                {
                    "text": "When a user submits a form, if the payment status returns anything other than Completed , the user will remain Unapproved ."
                },
                {
                    "image_link": "https://wpforms.com/wp-content/uploads/2021/09/wpforms-unapproved-user.jpg"
                },
                {
                    "text": "And that's all you need! Would you like to exclude failed PayPal payments from your Form Locker settings? Take a look at our tutorial on How to Exclude Failed Payments From PayPal Inside Form Locker Settings ."
                },
                {
                    "url": "https://wpforms.com/developers/how-to-exclude-failed-payments-from-paypal-inside-form-locker-settings/"
                },
                {
                    "text": "Would you like to create a coupon field on your form that needs to be validated before processing the discount? Check out our tutorial on How to Add Coupon Code Field Validation on Your Forms ."
                },
                {
                    "url": "https://wpforms.com/developers/how-to-add-coupon-code-field-validation-on-your-forms/"
                }
            ]
        },
        {
            "subtitle": "Reference Action",
            "content": [
                {
                    "text": "wpforms_paypal_standard_process_complete"
                },
                {
                    "url": "https://wpforms.com/developers/wpforms_paypal_standard_process_complete/"
                }
            ]
        }
    ],
    "section": "Developers",
    "category": "Addons"
}