{
    "product_name": "WPForms",
    "document_id": 651,
    "document_name": "How to Add a Select All Option to a Checkbox Form Field",
    "document_url": "https://wpforms.com/developers/how-to-add-a-select-all-option-to-a-checkbox-form-field/",
    "author": "Editorial Team",
    "reviewer": "Molly Tyler",
    "date": "Updated: Jul 31, 2023, 11:05 AM",
    "version": "1.0",
    "title": "How to Add a Select All Option to a Checkbox Form Field",
    "content": [
        {
            "subtitle": "Introduction",
            "content": [
                {
                    "text": "Would you like to add a Select All option to your Checkbox form field? In some forms, you may have several options for your visitors to choose and you just want to provide an easy option to allow the user to select every option quickly."
                },
                {
                    "text": "By default when using the Checkbox form field, you can select as many options as you'd like. But you have to select them manually. Giving the option to bulk select all of the options in your Checkbox can save time to complete your form."
                },
                {
                    "text": "In this tutorial, we'll show you how easy it is to implement this using a small code snippet."
                }
            ]
        },
        {
            "subtitle": "Creating the form",
            "content": [
                {
                    "text": "First, you'll need to create a new form and then add the Checkbox form field to your form with all of your options. If you need help in creating your form, please see this documentation ."
                },
                {
                    "url": "https://wpforms.com/docs/creating-first-form/"
                },
                {
                    "text": "For this tutorial, we're putting the first checkbox option of ALL THE THINGS at the top of the form."
                },
                {
                    "image_link": "https://wpforms.com/wp-content/uploads/2020/08/wpforms-select-all-checkbox-option-create-form.jpg 1116w, https://wpforms.com/wp-content/uploads/2020/08/wpforms-select-all-checkbox-option-create-form-300x137.jpg 300w, https://wpforms.com/wp-content/uploads/2020/08/wpforms-select-all-checkbox-option-create-form-1024x467.jpg 1024w, https://wpforms.com/wp-content/uploads/2020/08/wpforms-select-all-checkbox-option-create-form-768x350.jpg 768w"
                }
            ]
        },
        {
            "subtitle": "Adding the snippet for the select all option",
            "content": [
                {
                    "text": "Now it's time to add the snippet to your site that will all the select all of the checkbox options when a particular option is clicked."
                },
                {
                    "text": "If you need help in adding snippets to your site, please see this tutorial ."
                },
                {
                    "url": "https://wpforms.com/developers/how-to-add-custom-php-or-javascript-for-wpforms/"
                },
                {
                    "code": "\n/**\n * Add a select all option to the checkbox\n *\n * @link https://wpforms.com/developers/how-to-add-a-select-all-option-to-a-checkbox-form-field/\n */\n \nfunction wpf_dev_select_all() {\n    ?>\n    <script type=\"text/javascript\">\n\t\t\n\t\t// Look for the form ID (-3535-), field ID (_8), and the first option inside the checkbox (_1)\n\t\t// Find these ids by viewing this tutorial https://wpforms.com/developers/how-to-locate-form-id-and-field-id/\n        jQuery( \"#wpforms-3535-field_8_1\" ).change(function(){\n            var $this = jQuery(this),\n                $list = $this.closest( 'ul' );\n            if ( $this.is( ':checked' ) ) {\n                $list.find( 'li' ).addClass( 'wpforms-selected' );\n                $list.find( 'input' ).prop( 'checked', true );\n            } else {\n                $list.find( 'li' ).removeClass( 'wpforms-selected' );\n                $list.find( 'input' ).prop( 'checked', false );\n            }\n        });\n\t\t\n    </script>\n    <?php\n}\nadd_action( 'wpforms_wp_footer_end', 'wpf_dev_select_all', 10 );\n\n\n"
                },
                {
                    "text": "In the above code snippet, you'll notice the #wpforms-3535-field_8_1 . This line represents not only the form and field IDs but also the option that represents our select all."
                },
                {
                    "text": "Let's break down that line of code to show you what each number represents."
                },
                {
                    "text": "#wpforms-3535 . The 3535 represents our form ID."
                },
                {
                    "text": "-field_8 . The 8 represents our field ID."
                },
                {
                    "text": "_1 . The final number is the where the Select All option appears in our list. If you added it as the first option - it will always be 1 . If you added 20 options to your Checkbox and made the Select All option the last option, this number would be 20 ."
                },
                {
                    "text": "If you need help locating your form or field ID, please review this tutorial ."
                },
                {
                    "url": "https://wpforms.com/developers/how-to-locate-form-id-and-field-id/"
                },
                {
                    "text": "Now your visitors have an easy way to select all of the options in your form."
                },
                {
                    "image_link": "https://wpforms.com/wp-content/uploads/2020/01/wpforms-select-all-option-checkboxes.gif"
                },
                {
                    "text": "If they would like to reset the checkbox options, just click the selection again to deselect."
                },
                {
                    "text": "Would you like to use images for your Checkbox options? Take a look at our tutorial on How to Apply Images to Checkbox Labels Using CSS ."
                },
                {
                    "url": "https://wpforms.com/developers/how-to-apply-images-to-checkbox-labels-using-css/"
                }
            ]
        },
        {
            "subtitle": "Related",
            "content": [
                {
                    "text": "Action Reference: wpforms_wp_footer_end"
                },
                {
                    "url": "https://wpforms.com/developers/wpforms_wp_footer_end/"
                }
            ]
        },
        {
            "subtitle": "FAQ",
            "content": []
        },
        {
            "subtitle": "Q: Can I use this script when using Image Choices for my Checkbox field?",
            "content": [
                {
                    "text": "A: Absolutely! This will work for both image and non-image Checkbox form fields."
                }
            ]
        },
        {
            "subtitle": "Q: How can I exclude the select all option from the form notifications?",
            "content": [
                {
                    "text": "A: In order to exclude your select all option, you'll need to add an additional code snippet."
                },
                {
                    "code": "\n/**\n * Exclude select all option from the email notifications\n *\n * @link https://wpforms.com/developers/how-to-add-a-select-all-option-to-a-checkbox-form-field/\n */\n\nfunction wpf_dev_process_filter( $fields, $entry, $form_data ) {\n\t\n    // Only run on my form with ID = 3535\n    if( $form_data[ 'id' ] != 3535 ) {\n        return $fields;\n    }\n\t\n\t// Enter the text for the select all option\n\t$select_all_option = 'ALL THE THINGS';\n\t\n\t// Enter the field ID for the checkbox with the select all option\n\t$checkboxes_field_id = 8;\n\t\n\tif( strpos(  $fields[ $checkboxes_field_id ][ 'value' ], $select_all_option ) !== false ){\n\n\t\t$fields[ $checkboxes_field_id ][ 'value' ] = str_replace( $select_all_option, '', $fields[ $checkboxes_field_id ][ 'value' ] ); \n\t\t\n\t\t$fields[ $checkboxes_field_id] [ 'value_raw' ] = str_replace( $select_all_option, '', $fields[ $checkboxes_field_id] [ 'value_raw' ] ); \n\t}\n\t\n\treturn $fields;\n}\n\nadd_filter( 'wpforms_process_filter', 'wpf_dev_process_filter', 10, 3 ); \n"
                },
                {
                    "text": "As with the other snippets, you'll need to remember to change the ALL THE THINGS text to match the text that you have set for the select all option. And the $checkboxes_field_id is the field ID that is used for the checkbox. If you need help in finding your field ID, please see this tutorial ."
                },
                {
                    "url": "https://wpforms.com/developers/how-to-locate-form-id-and-field-id/"
                }
            ]
        }
    ],
    "section": "Developers",
    "category": "Tutorials"
}