{
    "product_name": "WPForms",
    "document_id": 115,
    "document_name": "How to Change the Email Subject on Save and Resume Email Notifications",
    "document_url": "https://wpforms.com/developers/how-to-change-the-email-subject-on-save-and-resume-email-notifications/",
    "author": "Editorial Team",
    "reviewer": "Molly Tyler",
    "date": "Updated: Dec 7, 2023, 10:40 AM",
    "version": "1.0",
    "title": "How to Change the Email Subject on Save and Resume Email Notifications",
    "content": [
        {
            "subtitle": "Introduction",
            "content": [
                {
                    "text": "Would you like to change the email subject line for notifications sent out with the Save and Resume addon? There is a small PHP snippet you can add to your site that would allow you to easily change this and we're going to walk you through each step."
                },
                {
                    "text": "By default, when your visitors click the link on the form to save and resume at a later time, the email subject is Your Form Submission Resume link . Perhaps you would like to change this to include the name of the site, or the form or just something that will capture your visitor's attention to come back and finish the form. The good news is, this can be easily changed by adding a small snippet to your site."
                }
            ]
        },
        {
            "subtitle": "Creating the form",
            "content": [
                {
                    "text": "To get started, create your form and add your fields."
                },
                {
                    "image_link": "https://wpforms.com/wp-content/uploads/2022/11/wpforms-change-saveresume-subject.jpg"
                },
                {
                    "text": "For more details on creating your form, see our guide on Creating Your First Form ."
                },
                {
                    "url": "https://wpforms.com/docs/creating-first-form/"
                }
            ]
        },
        {
            "subtitle": "Enabling the Save and Resume addon",
            "content": [
                {
                    "text": "Next, you'll need to click on Settings from inside the form builder and then click on the Save and Resume tab. Once there, click the toggle button for Enaable Save and Resume to enable this option for your form."
                },
                {
                    "image_link": "https://wpforms.com/wp-content/uploads/2022/11/wpforms-enable-save-resume.jpg"
                }
            ]
        },
        {
            "subtitle": "Adding the snippet",
            "content": [
                {
                    "text": "Once you've done that, it's now time to add the snippet to your site."
                },
                {
                    "text": "If you're not sure where or how to add snippets to your site, see our tutorial on How to Add Custom PHP or JavaScript for WPForms for detailed instructions ."
                },
                {
                    "url": "https://wpforms.com/developers/how-to-add-custom-php-or-javascript-for-wpforms/"
                },
                {
                    "code": "\n/**\n * Change the subject line on Save and Resume Emails\n *\n * @link https://wpforms.com/developers/how-to-change-the-email-subject-on-save-and-resume-email-notifications/\n */\n \nfunction wpf_dev_save_resume_email_subject( $subject ) {\n  \n    // Change the text within the quotes to set your subject line\n    return $subject = __('Hey there! Are you ready to complete your submission?', 'text-domain');\n     \n    return $subject;\n     \n}\n\nadd_filter( 'wpforms_save_resume_settings_get_email_subject', 'wpf_dev_save_resume_email_subject', 10, 3 );\n"
                },
                {
                    "text": "Using this PHP filter will override the default subject line and replace it with the text you change above. In this example, our subject line will show Hey there! Are you ready to complete your submission? ."
                },
                {
                    "text": "Now when your visitors request a save and resume link email, they'll see the email subject line has changed. Would you like to also change the Reply-to on the Save and Resume email notifications? Check out our guide on How to Change the Reply-to Email for the Save and Resume Addon ."
                },
                {
                    "url": "https://wpforms.com/developers/how-to-change-the-reply-to-email-for-the-save-and-resume-addon/"
                }
            ]
        }
    ],
    "section": "Developers",
    "category": "Tutorials"
}