{
    "product_name": "WPForms",
    "document_id": 184,
    "document_name": "How to Position Sub-labels Above Form Fields",
    "document_url": "https://wpforms.com/developers/how-to-position-sub-labels-above-form-fields/",
    "author": "David Ozokoye",
    "reviewer": "Dimitris Mitsis",
    "date": "Updated: Aug 19, 2024, 11:02 AM",
    "version": "1.0",
    "title": "How to Position Sub-labels Above Form Fields",
    "content": [
        {
            "subtitle": "Overview",
            "content": [
                {
                    "text": "Would you like to position sub-labels above form fields with WPForms? By default, sub-labels for all fields will appear below the field itself."
                },
                {
                    "image_link": "https://wpforms.com/wp-content/uploads/2023/09/wpforms-sublabels-after-input.jpg 1116w, https://wpforms.com/wp-content/uploads/2023/09/wpforms-sublabels-after-input-300x253.jpg 300w, https://wpforms.com/wp-content/uploads/2023/09/wpforms-sublabels-after-input-1024x864.jpg 1024w, https://wpforms.com/wp-content/uploads/2023/09/wpforms-sublabels-after-input-768x648.jpg 768w"
                },
                {
                    "text": "However, uses CSS, this position can be easily changed using CSS. We're here to guide you through the process using a touch of CSS magic. Let's dive in and make it happen!"
                }
            ]
        },
        {
            "subtitle": "Adding the CSS",
            "content": [
                {
                    "text": "To position sub-labels above form fields, add this CSS to your site."
                },
                {
                    "text": "If you need help with how and where to add CSS to your site, please take a look at this tutorial ."
                },
                {
                    "url": "https://wpforms.com/developers/how-to-add-custom-css-styles-for-wpforms/"
                },
                {
                    "code": "\n/**\n* Position sub-labels above form fields \n* @link https://wpforms.com/developers/how-to-position-sub-labels-above-form-fields/\n*/\n \n/* Address field */\n.wpforms-field-address .wpforms-field-row > div, \n/* Time field */\n.wpforms-field-date-time .wpforms-field-row > div, \n/* Date field (date picker) */\n.wpforms-field-date-time .wpforms-field-row > .wpforms-date-type-datepicker > div, \n/* Date field (date dropdown) */\n.wpforms-field-date-time .wpforms-field-row > .wpforms-date-type-dropdown > div,\n/* Password with confirmation enabled */\n.wpforms-field-password .wpforms-field-row > div,\n/* Email with confirmation enabled */\n.wpforms-field-email .wpforms-field-row > div {\n  display: flex;\n  flex-wrap: wrap;\n}\n \n/* Address field */\n.wpforms-field-address .wpforms-field-row > div input, \n.wpforms-field-address .wpforms-field-row > div select, \n/* Time field */\n.wpforms-field-date-time .wpforms-field-row > div input, \n/* Date field (date picker) */\n.wpforms-field-date-time .wpforms-field-row > .wpforms-date-type-datepicker > div,\n/* Date field (date dropdown) */\n.wpforms-field-date-time .wpforms-field-row > .wpforms-date-type-dropdown > div,\n/* Password with confirmation enabled */\n.wpforms-field-password .wpforms-field-row > div input,\n/* Email with confirmation enabled */\n.wpforms-field-email .wpforms-field-row > div input {\n  order: 2;\n  margin-top: 5px;\n}\n\n/* Skip Validation errors */\n.wpforms-field-address.wpforms-has-error em {\n  width: 100%;\n  order: 4;\n}\n"
                },
                {
                    "text": "With this CSS, each sub-label will now appear above the form field."
                },
                {
                    "image_link": "https://wpforms.com/wp-content/uploads/2023/09/wpforms-sublabels-before-input.jpg"
                },
                {
                    "text": "And that's all you need! Would you like to customize the File Upload field using CSS? Take a look at our tutorial on How to Change the File Upload Button Styling ."
                },
                {
                    "url": "https://wpforms.com/developers/how-to-change-the-file-upload-button-styling/"
                }
            ]
        }
    ],
    "section": "Developers",
    "category": "Snippets"
}