{
    "product_name": "WPForms",
    "document_id": 628,
    "document_name": "wpforms_mailcheck_enabled",
    "document_url": "https://wpforms.com/developers/wpforms_mailcheck_enabled/",
    "author": null,
    "reviewer": null,
    "date": null,
    "version": "1.0",
    "title": "wpforms_mailcheck_enabled",
    "content": [
        {
            "subtitle": "Description",
            "content": [
                {
                    "text": "The wpforms_mailcheck_enabled filter determines whether the email suggestion feature is enabled for the Email field."
                }
            ]
        },
        {
            "subtitle": "Parameters",
            "content": [
                {
                    "text": "$enable_mailcheck: (bool) (Required)Determines whether email suggestion will display, default istrue(display suggestions)"
                }
            ]
        },
        {
            "subtitle": "Source",
            "content": [
                {
                    "text": "wpforms/src/Frontend/Frontend.php"
                }
            ]
        },
        {
            "subtitle": "More Information",
            "content": [
                {
                    "text": "The filter will allow you to disable the email suggestion on the Email form fields."
                },
                {
                    "image_link": "https://wpforms.com/wp-content/uploads/2019/10/wpforms-email-suggestion.jpg"
                }
            ]
        },
        {
            "subtitle": "Examples",
            "content": [
                {
                    "code": "\n/**\n * Filter determines if email suggestion is to be used on Email form field.\n *\n * @link  https://wpforms.com/developers/wpforms_mailcheck_enabled/\n * \n * @param  bool $enable_mailcheck   Default is true.\n * @return bool\n */\n\n// Disable email suggestion on Email form field\nadd_filter( 'wpforms_mailcheck_enabled', '__return_false' );\n\n\n"
                }
            ]
        },
        {
            "subtitle": "Reference Action",
            "content": [
                {
                    "text": "How to Disable the Email Suggestion on the Email Form Field"
                },
                {
                    "url": "https://wpforms.com/developers/how-to-disable-the-email-suggestion-on-the-email-form-field/"
                }
            ]
        }
    ],
    "section": "Developers",
    "category": "Filters Hooks"
}