{
    "product_name": "WPForms",
    "document_id": 330,
    "document_name": "Salesforce Addon",
    "document_url": "https://wpforms.com/docs/how-to-install-and-use-the-salesforce-addon-with-wpforms/",
    "author": "David Ozokoye",
    "reviewer": "Claire Broadley",
    "date": "Updated: Sep 27, 2024",
    "version": "1.0",
    "title": "Salesforce Addon",
    "content": [
        {
            "subtitle": "Installing the Salesforce Addon",
            "content": [
                {
                    "text": "Before getting started, you'll first need to make sure that WPForms is installed and activated on your WordPress site."
                },
                {
                    "url": "https://wpforms.com/docs/install-wpforms-plugin/"
                },
                {
                    "text": "Once you've verified your WPForms license , you'll be able to quickly install and activate the Salesforce addon."
                },
                {
                    "url": "https://wpforms.com/docs/verify-wpforms-license/"
                },
                {
                    "url": "https://wpforms.com/docs/install-activate-wpforms-addons/"
                }
            ]
        },
        {
            "subtitle": "Creating a New App in Salesforce",
            "content": [
                {
                    "text": "If you haven't created a Salesforce account already, go ahead and do so now."
                },
                {
                    "text": "In order to connect WPForms with Salesforce, you need to create an app within your Salesforce account."
                },
                {
                    "url": "https://login.salesforce.com/"
                },
                {
                    "text": "You'll need a paid Salesforce account or a Developer account to be able to set up Salesforce in WPForms. If you're using a trial account, you'll likely run into an error when integrating your account with the Salesforce addon."
                },
                {
                    "text": "When you've logged in, make sure you're using the Salesforce Classic dashboard. To switch to the Classic dashboard, click on your profile icon in the top right corner of the screen, then select the Switch to Salesforce Classic option."
                },
                {
                    "image_link": "https://wpforms.com/wp-content/uploads/2021/01/switch-to-Salesforce-classic-2.png"
                },
                {
                    "text": "Once you've opened the Classic dashboard, click the Setup tab in the navigation bar."
                },
                {
                    "image_link": "https://wpforms.com/wp-content/uploads/2021/01/salesforce-menu-setup.png"
                },
                {
                    "text": "From here, you can use the Quick Find/Search bar in the lefthand sidebar to search for \"Apps.\""
                },
                {
                    "image_link": "https://wpforms.com/wp-content/uploads/2021/01/Salesforce-Quick-Find-Search.png"
                },
                {
                    "text": "In the options that populate in the lefthand sidebar, select Build \" Create \" Apps ."
                },
                {
                    "image_link": "https://wpforms.com/wp-content/uploads/2021/01/accessing-Salesforce-apps.png"
                },
                {
                    "text": "This will redirect you to a list of all the available apps in your Salesforce account. To add a new connected app, scroll to the Connected Apps section and select the New button."
                },
                {
                    "image_link": "https://wpforms.com/wp-content/uploads/2021/01/salesforce-new-connected-app-1.png"
                },
                {
                    "text": "This will open a list of options that you'll need to fill out. Fields highlighted with red are required. You can see a description of each field below:"
                },
                {
                    "text": "1. Connected App Name: A nickname for your app, which your users in Salesforce will see. This can be anything you'd like."
                },
                {
                    "text": "2. API Name: This field will automatically default to the Connected App Name, but you can change it to whatever you'd like. If you plan on using custom code for your integration, your developer(s) will need this API name for customization."
                },
                {
                    "text": "3. Contact Email: The contact email of the person creating the app."
                },
                {
                    "image_link": "https://wpforms.com/wp-content/uploads/2021/01/Salesforce-new-connected-app.png"
                },
                {
                    "text": "Next, you'll need to check the Enable OAuth Settings option to configure your app's permissions."
                },
                {
                    "image_link": "https://wpforms.com/wp-content/uploads/2020/09/salesforce-enable-oauth.png"
                },
                {
                    "text": "This will open up more fields you'll need to complete to finish setting up your app, with the required fields marked in red."
                },
                {
                    "image_link": "https://wpforms.com/wp-content/uploads/2021/01/salesforce-oauth-settings.png"
                },
                {
                    "text": "We've gone over each of these settings in detail below."
                }
            ]
        },
        {
            "subtitle": "Callback URL",
            "content": [
                {
                    "text": "The Callback URL is the URL that you'll be redirected to after you've allowed authorization for your connected app (which we'll cover later on). To find your Callback URL, open up your WordPress dashboard in a new browser tab or window."
                },
                {
                    "text": "Then, navigate to WPForms \" Settings \" Integrations and click on the Salesforce integration."
                },
                {
                    "image_link": "https://wpforms.com/wp-content/uploads/2022/08/wpforms-settings-integrations-salesforce-1.png"
                },
                {
                    "text": "This will expand to show an Add New Account button."
                },
                {
                    "image_link": "https://wpforms.com/wp-content/uploads/2021/01/wpforms-integrations-salesforce-add-new-account.png"
                },
                {
                    "text": "Click this button to reveal the integration settings, including your site's Callback URL."
                },
                {
                    "image_link": "https://wpforms.com/wp-content/uploads/2021/01/WPForms-Salesforce-callback-URL.png"
                },
                {
                    "text": "Copy the Callback URL and leave this browser tab or window open, as you'll need to return to it later on."
                },
                {
                    "text": "Once you've copied your Callback URL, navigate back to your Salesforce app settings and paste it into the Callback URL field."
                },
                {
                    "image_link": "https://wpforms.com/wp-content/uploads/2020/09/Callback-URL-in-Salesforce.png"
                }
            ]
        },
        {
            "subtitle": "Selected OAuth Scopes",
            "content": [
                {
                    "text": "The Selected OAuth Scopes tell Salesforce what permissions your app should have. WPForms only needs two permissions: Manage user data via APIs (api) and Perform requests at any time (refresh_token, offline_access) ."
                },
                {
                    "text": "You can add these permissions by selecting each of them from the column on the left, then clicking the Add button."
                },
                {
                    "image_link": "https://wpforms.com/wp-content/uploads/2021/01/salesforce-add-selected-oauth-scopes.png"
                },
                {
                    "text": "Once you've added these permissions, scroll down and uncheck the option that reads, Require Proof Key for Code Exchange (PKCE) Extension for Supported Authorization Flows ."
                },
                {
                    "image_link": "https://wpforms.com/wp-content/uploads/2023/11/disable-pkce.png"
                },
                {
                    "text": "After that, scroll to the bottom of the page and click the Save button to complete the custom app setup process."
                },
                {
                    "text": "If you've configured your app correctly, Salesforce should redirect you to a page with a notice that reads, Allow from 2-10 minutes for your changes to take effect on the server before using the connected app."
                },
                {
                    "image_link": "https://wpforms.com/wp-content/uploads/2020/09/After-App-Connected-in-Salesforce.png"
                },
                {
                    "text": "At this point, it's recommended that you wait the full 10 minutes before moving on to the next step. This will ensure that your app has time to take effect in Salesforce and help you avoid potential errors in the connection process."
                },
                {
                    "url": "#invalid-client"
                },
                {
                    "text": "After the 10-minute waiting period, click the Continue button to view your API information."
                }
            ]
        },
        {
            "subtitle": "Connecting Salesforce to WPForms",
            "content": [
                {
                    "text": "Once you've opened up your API information, you'll need to copy your Consumer Key and Consumer Secret in order to connect Salesforce with WPForms. To do so, click the Manage Consumer Details button under API (Enable OAuth Settings) ."
                },
                {
                    "image_link": "https://wpforms.com/wp-content/uploads/2023/11/manage-consumer-details.png"
                }
            ]
        },
        {
            "subtitle": "Consumer Key",
            "content": [
                {
                    "text": "You can find your Consumer Key directly under the Consumer Details section."
                },
                {
                    "image_link": "https://wpforms.com/wp-content/uploads/2023/11/copy-consumer-key.png"
                },
                {
                    "text": "Go ahead and copy this information, then navigate back to your WPForms settings. Here, you'll need to paste your Consumer Key into the Consumer Key field."
                },
                {
                    "image_link": "https://wpforms.com/wp-content/uploads/2020/09/Consumer-Key-Field.png"
                }
            ]
        },
        {
            "subtitle": "Consumer Secret",
            "content": [
                {
                    "text": "Click the Copy button next to Consumer Secret to copy your API secret."
                },
                {
                    "image_link": "https://wpforms.com/wp-content/uploads/2023/11/copy-consumer-secret.png"
                },
                {
                    "text": "After that, return to your WordPress admin dashboard and paste it into your WPForms settings in the Consumer Secret field."
                },
                {
                    "image_link": "https://wpforms.com/wp-content/uploads/2021/01/adding-Salesforce-consumer-secret.png"
                },
                {
                    "text": "Once you've added both your Consumer Key and Consumer Secret, click the Connect to Salesforce button."
                },
                {
                    "image_link": "https://wpforms.com/wp-content/uploads/2021/01/WPForms-connect-to-Salesforce.png"
                },
                {
                    "text": "This will redirect you to the Salesforce login page, where you'll need to enter your username and password."
                },
                {
                    "image_link": "https://wpforms.com/wp-content/uploads/2021/01/Salesforce-login.png"
                },
                {
                    "text": "Then, Salesforce will ask you if you'd like to allow access to your account. Go ahead and click the Allow button to finish the setup process."
                },
                {
                    "image_link": "https://wpforms.com/wp-content/uploads/2021/01/Allow-access-to-account-Salesforce-1.png"
                },
                {
                    "text": "Once you've allowed WPForms to access your Salesforce account, you should be redirected back to your integrations settings, where you'll see a banner at the top of the screen letting you know the connection was successful."
                },
                {
                    "image_link": "https://wpforms.com/wp-content/uploads/2020/09/Successful-Connection-to-Salesforce.png"
                }
            ]
        },
        {
            "subtitle": "Adding Salesforce Integration to a Form",
            "content": [
                {
                    "text": "After you've linked your Salesforce account to WPForms, you're ready to connect it with your forms. To get started, you'll need to create a new form or edit an existing one."
                },
                {
                    "url": "https://wpforms.com/docs/creating-first-form/"
                },
                {
                    "text": "Check out our Salesforce Lead Generation Form Template if you'd like to get started with a customizable template."
                },
                {
                    "url": "https://wpforms.com/templates/salesforce-lead-form-template/"
                },
                {
                    "text": "After opening the form builder, you can add a new Salesforce connection under Marketing \" Salesforce . From here, you'll need to click the blue Add New Connection button."
                },
                {
                    "image_link": "https://wpforms.com/wp-content/uploads/2022/08/adding-Salesforce-connection-to-form.png"
                },
                {
                    "text": "This will open an overlay where you can add a name for your connection. Your users won't ever see this label. It's simply meant to help you keep track of multiple connections."
                },
                {
                    "text": "For our example, we'll name the connection Add New Contact ."
                },
                {
                    "image_link": "https://wpforms.com/wp-content/uploads/2020/09/Connection-Nickname-in-Salesforce.png"
                },
                {
                    "text": "Click the OK button to save your connection, and two settings should become visible:"
                },
                {
                    "text": "1. Select Account: Choose the Salesforce account you'd like to send form data to from this dropdown."
                },
                {
                    "text": "2. Select Salesforce Object: Select the type of data you want to send from this form to Salesforce."
                },
                {
                    "image_link": "https://wpforms.com/wp-content/uploads/2021/01/Salesforce-connection-select-account-1.png"
                },
                {
                    "text": "Note: WPForms loads objects that are predefined in your Salesforce account. Currently, supported objects include: Account, Campaign, Case, Contact, Lead, Opportunity, and Product."
                },
                {
                    "text": "For our example, we'll choose the account we connected in the earlier steps of this tutorial from the Select Account dropdown. Then we'll set the Salesforce Object to Contact so that each submission of our form will add a new contact in Salesforce."
                },
                {
                    "image_link": "https://wpforms.com/wp-content/uploads/2020/09/Salesforce-Setup.png"
                },
                {
                    "text": "Once you've selected a Salesforce Object, more configuration options will appear."
                },
                {
                    "image_link": "https://wpforms.com/wp-content/uploads/2021/01/mapping-salesforce-custom-fields.png"
                },
                {
                    "text": "1. Custom Field Name: These are specific fields within Salesforce that you'd like to map your WPForms fields to. For our example, we'll use the default Full Name field and add the Email field as well."
                },
                {
                    "text": "2. Form Field Value: These are the fields in your form that you want to pull data from into Salesforce. For our example, we'll map Full Name to the Name field in our form and map Email to our Email field."
                },
                {
                    "image_link": "https://wpforms.com/wp-content/uploads/2021/01/mapped-custom-fields-Salesforce.png"
                },
                {
                    "text": "If you'd like to add more custom fields to your integration, you can click the plus (+) button."
                },
                {
                    "image_link": "https://wpforms.com/wp-content/uploads/2021/01/add-custom-field-mapping-Salesforce.png"
                },
                {
                    "text": "After you've configured all of your settings, be sure to save your form."
                }
            ]
        },
        {
            "subtitle": "Testing Your Forms",
            "content": [
                {
                    "text": "Once you've set up your form, it's a good idea to test it out on the frontend of your site. To do this without publishing the form to a live page, you can use the form preview option in WPForms or create a private page or post ."
                },
                {
                    "url": "https://wpforms.com/docs/how-to-properly-test-your-wordpress-forms-before-launching-checklist/#preview"
                },
                {
                    "url": "https://www.wpbeginner.com/beginners-guide/how-to-create-a-private-post-in-wordpress/"
                },
                {
                    "text": "Here's an example of some data you might use in your test entry:"
                },
                {
                    "image_link": "https://wpforms.com/wp-content/uploads/2022/08/salesforce-connection-test-form.png"
                },
                {
                    "text": "After submitting your test entry, head over to your Salesforce account and navigate to the plus (+) button at the top of the screen to open up a full list of available tabs. For our example, we'll click on Contacts to view the new contact we've created."
                },
                {
                    "image_link": "https://wpforms.com/wp-content/uploads/2021/01/Salesforce-contacts.png"
                },
                {
                    "text": "To see the details of our submission, we'll click on the contact's name to open up their profile."
                },
                {
                    "image_link": "https://wpforms.com/wp-content/uploads/2021/01/Salesforce-test-contact.png"
                },
                {
                    "text": "This will show the full details of the contact, where we can check that all of our submission's mapped fields have correctly passed through to Salesforce."
                },
                {
                    "image_link": "https://wpforms.com/wp-content/uploads/2021/01/Salesforce-contact-details.png"
                }
            ]
        },
        {
            "subtitle": "Frequently Asked Questions",
            "content": [
                {
                    "text": "Below, we've discussed some of the most common questions we receive about the Salesforce addon."
                }
            ]
        },
        {
            "subtitle": "How do I find out whether I can use my edition of Salesforce with WPForms?",
            "content": [
                {
                    "text": "Currently, Salesforce only provides API support for the Enterprise, Unlimited, Performance, and Developer editions. If your edition doesn't have API support, please reach out to Salesforce's team for more details on how to change your edition."
                },
                {
                    "url": "https://help.salesforce.com/support"
                },
                {
                    "text": "Note: API support is available to Salesforce Professional customers at an additional cost. For more information, go to the Salesforce pricing page and click on Connect Sales info to any app ."
                },
                {
                    "url": "https://www.salesforce.com/ap/editions-pricing/sales-cloud/"
                }
            ]
        },
        {
            "subtitle": "When connecting WPForms to Salesforce, I get redirected to a page with the error error=invalid_client_id&error_description=client%20identifier%20invalid. How do I fix this?",
            "content": [
                {
                    "text": "This means there has been some issue in the setup process (either not waiting the full 10 minutes after creating your app, incorrect OAuth settings, or incorrectly copied keys)."
                },
                {
                    "text": "To fix this, you'll need to double-check that you've enabled the correct OAuth settings for your app in Salesforce and copied your API keys correctly."
                },
                {
                    "url": "#oauth"
                },
                {
                    "url": "#key"
                },
                {
                    "text": "If you haven't waited the full 10 minutes after creating your app before attempting a connection, you'll need to refresh the page after the waiting period and try again."
                },
                {
                    "text": "That's it! Now you can install and use the Salesforce addon with WPForms."
                },
                {
                    "text": "Next, would you like to process Authorize.Net payments through your forms? Be sure to check out our guide on how to set up and use the Authorize.Net addon for more details."
                },
                {
                    "url": "https://wpforms.com/docs/how-to-install-and-use-the-authorize-net-addon-with-wpforms/"
                }
            ]
        }
    ],
    "section": "Documentation",
    "category": "Premium (Elite) Addons"
}