{
    "product_name": "WPForms",
    "document_id": 147,
    "document_name": "Configuring Optimization Settings for WPForms in SiteGround Optimizer",
    "document_url": "https://wpforms.com/docs/configuring-optimization-settings-for-wpforms-in-siteground-optimizer/",
    "author": "Umair Majeed",
    "reviewer": "David Ozokoye",
    "date": "Published: Jun 17, 2024",
    "version": "1.0",
    "title": "Configuring Optimization Settings for WPForms in SiteGround Optimizer",
    "content": [
        {
            "subtitle": "Adjusting SiteGround Optimizer Settings",
            "content": [
                {
                    "text": "The SiteGround Optimizer plugin has several options for JavaScript optimization within the Frontend Optimization Settings . If you have identified a JavaScript issue on your site, and you're using this plugin, then follow the steps below to help troubleshoot the issue."
                },
                {
                    "url": "https://wordpress.org/plugins/sg-cachepress/"
                },
                {
                    "url": "https://wpforms.com/docs/how-to-troubleshoot-javascript-issues-in-wpforms/#identifying-js-issues"
                }
            ]
        },
        {
            "subtitle": "Frontend Optimization Settings",
            "content": [
                {
                    "text": "First, you'll need to access the minification settings by navigating to Speed Optimizer \" Frontend , then clicking on the JAVASCRIPT tab."
                },
                {
                    "image_link": "https://wpforms.com/wp-content/uploads/2023/11/sg-frontend-optimization-settings-1.png"
                },
                {
                    "text": "From here, check to see if either the Minify JavaScript Files or the Combine JavaScript Files options are enabled. If they are, disable them by toggling the switches to the off position."
                },
                {
                    "image_link": "https://wpforms.com/wp-content/uploads/2021/10/siteground-disable-minify-combine-js.gif"
                },
                {
                    "text": "After you make any changes, SiteGround will automatically save them for you."
                },
                {
                    "text": "Before checking to see if you've resolved the issue, be sure to clear your cache. You can do this from the WordPress admin dashboard by clicking on Purge SG Cache at the top of the page."
                },
                {
                    "text": "Note: For more specific information on SiteGround Optimizer settings, please refer to their documentation ."
                },
                {
                    "url": "https://www.siteground.com/tutorials/wordpress/speed-optimizer/"
                },
                {
                    "image_link": "https://wpforms.com/wp-content/uploads/2021/10/purge-sg-cache.png"
                },
                {
                    "text": "That's it! Now you know how to adjust SiteGround Optimizer settings to prevent conflicts with WPForms."
                },
                {
                    "text": "Next, would you like to learn more about troubleshooting JavaScript errors in WPForms? Be sure to check out our troubleshooting JavaScript errors guide for more details."
                },
                {
                    "url": "https://wpforms.com/docs/how-to-troubleshoot-javascript-issues-in-wpforms/"
                }
            ]
        }
    ],
    "section": "Documentation",
    "category": "Troubleshooting and Support"
}