{
    "product_name": "WPForms",
    "document_id": 544,
    "document_name": "How to Change the Name Attribute of a Hidden Field",
    "document_url": "https://wpforms.com/developers/how-to-change-the-name-attribute-of-a-hidden-field/",
    "author": "Editorial Team",
    "reviewer": "Molly Tyler",
    "date": "Updated: Oct 5, 2023, 15:55 PM",
    "version": "1.0",
    "title": "How to Change the Name Attribute of a Hidden Field",
    "content": [
        {
            "subtitle": "Introduction",
            "content": [
                {
                    "text": "Do you have a need to change the name attribute of a hidden field in your form? By default, WPForms assigns a name to each field in your form that uses a standard format such as wpforms[fields][1] . This allows each field in your form to remain unique to that specific field ID in your form."
                },
                {
                    "text": "For example, in this form, we added a Hidden Field and the default name assigned is wpforms[fields][25] ."
                },
                {
                    "image_link": "https://wpforms.com/wp-content/uploads/2023/09/wpforms-default-name-field.jpg"
                },
                {
                    "text": "If you would have a need to change this name so that you can use JavaScript or CSS to target these specific fields, you can easily change this with a small PHP filter and we'll show you how!"
                }
            ]
        },
        {
            "subtitle": "Creating the form",
            "content": [
                {
                    "text": "We're going to begin by creating the form and adding our fields. If you need help with how to create a form, check out this helpful documentation ."
                },
                {
                    "url": "https://wpforms.com/docs/creating-first-form/"
                },
                {
                    "text": "For this purpose of this documentation, we're wanting to change the name on the Hidden Field so we'll include adding one of these fields to our form for internal use."
                },
                {
                    "image_link": "https://wpforms.com/wp-content/uploads/2023/09/wpforms-change-name-field-create-form.jpg"
                }
            ]
        },
        {
            "subtitle": "Adding the snippet",
            "content": [
                {
                    "text": "Now it's time to add the snippet to your site. If you need any assistance with how and where to add snippets to your site, please review this useful guide for further details ."
                },
                {
                    "url": "https://wpforms.com/developers/how-to-add-custom-php-or-javascript-for-wpforms/"
                },
                {
                    "code": "\n/**\n * Custom function to change the name attribute of hidden fields in any form.\n *\n * @link   https://wpforms.com/developers/how-to-change-the-name-attribute-of-a-hidden-field/\n */\n\nfunction wpf_field_properties_hidden( $properties, $field, $form_data ) {\n  \n    // Optional, you can limit to specific forms. Below, we restrict output to only the form #3658.\n    if ( absint( $form_data[ 'id' ] ) !== 3658 ) {\n        return;\n    }\n \n    // Look for the name attribute and set the name attribute to custom_name_hidden_field\n    $properties[ 'inputs' ][ 'primary' ][ 'attr' ][ 'name' ] = 'custom_name_hidden_field';\n\n    return $properties;\n}\nadd_filter( 'wpforms_field_properties_hidden', 'wpf_field_properties_hidden', 10, 3 );\n"
                },
                {
                    "text": "In this snippet, it will look at any Hidden Field inside the form 3658 and update the name attribute to be custom_name_hidden_field ."
                },
                {
                    "text": "You'll need to update this form ID to match your own, or you can remove it completely to have it applied to all of these types of fields for all your forms."
                },
                {
                    "text": "To find your form ID number, please take a look at this article ."
                },
                {
                    "url": "https://wpforms.com/developers/how-to-locate-form-id-and-field-id/"
                },
                {
                    "text": "Now when you inspect the mark-up on the page, you'll see the name has changed."
                },
                {
                    "image_link": "https://wpforms.com/wp-content/uploads/2023/09/wpforms-change-name-att-after.jpg"
                },
                {
                    "text": "And that's all you need to successfully change this attribute. Would you like to also change the sublabels on the Password field? Take a look at our tutorial on How to Change the Password Field Sublabels ."
                },
                {
                    "url": "https://wpforms.com/developers/how-to-change-the-password-field-sublabels/"
                }
            ]
        },
        {
            "subtitle": "Related",
            "content": [
                {
                    "text": "Filter Reference: wpforms_field_properties"
                },
                {
                    "url": "https://wpforms.com/developers/wpforms_field_properties/"
                }
            ]
        },
        {
            "subtitle": "FAQ",
            "content": []
        },
        {
            "subtitle": "Q: Can I use this for other field types?",
            "content": [
                {
                    "text": "A: Absolutely! The wpforms_field_properties filter is applied to an array for specific form field properties. Using this filter will change every form field."
                },
                {
                    "text": "For example, if you only wanted to change the name attribute for the Email field, you would use wpforms_field_properties_email instead of wpforms_field_properties_hidden in the snippet above."
                }
            ]
        }
    ],
    "section": "Developers",
    "category": "Tutorials"
}