{
    "product_name": "WPForms",
    "document_id": 97,
    "document_name": "Setting Up Form Notification Emails",
    "document_url": "https://wpforms.com/docs/setup-form-notification-wpforms/",
    "author": "Umair Majeed",
    "reviewer": "David Ozokoye",
    "date": "Updated: Aug 3, 2024",
    "version": "1.0",
    "title": "Setting Up Form Notification Emails",
    "content": [
        {
            "subtitle": "What Are Form Notifications?",
            "content": [
                {
                    "text": "Form notifications are automated emails sent out when a user submits a form on your website. These form notifications typically include the information a user submitted through your form and can be received by both the site administrator and the user who completed the form."
                },
                {
                    "text": "Utilizing form notifications is a great way to instantly track user submissions and engage with your site visitors in a timely manner."
                }
            ]
        },
        {
            "subtitle": "Accessing Form Notification Settings",
            "content": [
                {
                    "text": "From the form builder, go to Settings \" Notifications to access your form's notification settings."
                },
                {
                    "image_link": "https://wpforms.com/wp-content/uploads/2023/06/access-form-notification-settings.png"
                }
            ]
        },
        {
            "subtitle": "Enabling Form Notifications",
            "content": [
                {
                    "text": "By default, notifications are enabled for your form. However, we recommend double-checking that they're enabled by ensuring the Enable Notifications option is toggled to the on position."
                },
                {
                    "image_link": "https://wpforms.com/wp-content/uploads/2023/06/enable-form-notifications-toggle.png"
                }
            ]
        },
        {
            "subtitle": "Adding a New Notification",
            "content": [
                {
                    "text": "WPForms provides a default notification for you. However, to guide you through the process from start to finish, go ahead and create a new notification by clicking on the Add New Notification button."
                },
                {
                    "image_link": "https://wpforms.com/wp-content/uploads/2023/06/click-add-new-notification-button.png"
                },
                {
                    "text": "In the overlay that appears, add a name for your new notification. This name is for internal use only, and won't be visible to people filling out your form. Go ahead and click the OK button after you've added a name."
                },
                {
                    "image_link": "https://wpforms.com/wp-content/uploads/2023/06/enter-notification-name.png"
                }
            ]
        },
        {
            "subtitle": "Setting Up a Basic Form Notification Email",
            "content": [
                {
                    "text": "Next, you'll need to fill out several fields to complete your form notification setup. We'll cover how to set up each option in the following sections."
                },
                {
                    "text": "Note: Please be careful while configuring your notification settings. A minor error, such as an incorrect email address or typo, could result in your notification emails being marked as spam or not reaching your inbox at all. Always double-check your settings before saving your form."
                }
            ]
        },
        {
            "subtitle": "Send To Email Address",
            "content": [
                {
                    "image_link": "https://wpforms.com/wp-content/uploads/2023/06/sent-to-email-address.png"
                },
                {
                    "text": "This is the email address that your form notification will be sent to when a user submits your form."
                },
                {
                    "text": "By default, this field is pre-populated with the {admin_email} Smart Tag , meaning that the notifications will be sent to your WordPress site's administrator."
                },
                {
                    "url": "https://wpforms.com/docs/how-to-use-smart-tags-in-wpforms/#email"
                },
                {
                    "text": "If you'd like, you can replace the default email address with a different valid email address."
                },
                {
                    "text": "If you want to send the notification to multiple email addresses, simply add a comma between each email address."
                },
                {
                    "image_link": "https://wpforms.com/wp-content/uploads/2023/06/multiple-send-to-email-addresses.png"
                }
            ]
        },
        {
            "subtitle": "Email Subject Line",
            "content": [
                {
                    "image_link": "https://wpforms.com/wp-content/uploads/2023/06/email-subject-line.png"
                },
                {
                    "text": "This is the subject of the notification email."
                },
                {
                    "text": "The default email subject will read \"New Entry\" followed by the name of the form. Feel free to change it to whatever text you prefer, but keep in mind that this text will be visible to whoever receives the email."
                }
            ]
        },
        {
            "subtitle": "From Name",
            "content": [
                {
                    "image_link": "https://wpforms.com/wp-content/uploads/2023/06/notification-from-name.png"
                },
                {
                    "text": "This is the name that the email will appear to be sent from, which is your website's domain name by default. For example, if your website is example.com , the email will appear to be sent from example.com ."
                },
                {
                    "text": "You can change this to whatever name you'd like, but we recommend using a name that won't be confusing to the email recipient."
                }
            ]
        },
        {
            "subtitle": "From Email",
            "content": [
                {
                    "image_link": "https://wpforms.com/wp-content/uploads/2023/06/notification-from-email-address.png"
                },
                {
                    "text": "This is the email address that your emails are sent from, which is one of the most important parts of your notification settings."
                },
                {
                    "text": "By default, this field is pre-populated with the {admin_email} Smart Tag , meaning that the notifications will be sent from your site's administrator email address."
                },
                {
                    "url": "https://wpforms.com/docs/how-to-use-smart-tags-in-wpforms/#email"
                },
                {
                    "text": "You can change the From Email address, but the email address you use must meet the following criteria:"
                },
                {
                    "text": "It must be valid: The From Email should be an existing, functional email address capable of sending and receiving messages. If an invalid or non-existent email address is used, your notifications may be marked as spam."
                },
                {
                    "text": "It should match your domain: The From Email should correspond to your website's domain. For example, if your site is www.example.com a suitable From Email address would be something like [email protected] . By using an email address at your domain, you reduce the likelihood of your notification emails being treated as spam."
                },
                {
                    "text": "Only use one email address: Notifications can only be sent from a single email address, just like emails sent from any other service provider. If you add more than one email address, your notification likely won't be delivered."
                },
                {
                    "text": "Avoid using free email service providers: Free email service providers (such as Gmail, Yahoo, and Hotmail) shouldn't be used as your From Email, as some email servers often treat emails sent from these providers as spam."
                },
                {
                    "text": "Avoid using the form submitter's email address: The email of the person who submitted your form should not be used as the From Email. This practice can lead to confusion and potentially result in your notifications being flagged as phishing attempts, as it appears you're sending emails from an address you don't own. This can severely damage your domain's reputation, resulting in poor email deliverability."
                },
                {
                    "text": "Compliance with SMTP settings: If you're using an SMTP plugin, like WP Mail SMTP , the From Email must comply with your SMTP settings. Most SMTP services require you to use a From Email that matches the email address used in your SMTP settings."
                },
                {
                    "url": "/cdn-cgi/l/email-protection"
                },
                {
                    "url": "https://wpmailsmtp.com/"
                },
                {
                    "text": "You may see the warning: 'The current From Email does not match your website domain name' below the From Email field."
                },
                {
                    "image_link": "https://wpforms.com/wp-content/uploads/2021/03/from-email-mismatch.png"
                },
                {
                    "text": "This means your site's admin email address or the From Email you entered is on a different domain, such as @gmail.com."
                },
                {
                    "text": "Notification emails from your site may still be delivered if the From Email doesn't match your site's domain. However, some email service providers flag emails coming from a different domain as spam and may block them from being delivered entirely."
                },
                {
                    "text": "Note: To improve email deliverability, we highly recommend setting up WP Mail SMTP , especially if you plan to use a From Email address that doesn't match your site's domain."
                },
                {
                    "url": "https://wpmailsmtp.com/"
                }
            ]
        },
        {
            "subtitle": "Reply-To Email Address",
            "content": [
                {
                    "image_link": "https://wpforms.com/wp-content/uploads/2023/06/reply-to-email-with-smart-tag.png"
                },
                {
                    "text": "This is the email address that will receive any replies to the notification email that's sent."
                },
                {
                    "text": "If you've set the From Email to your own email address, it may be useful to set the Reply-To Email Address to a Smart Tag that pulls the user's email from the form submission (as seen in the screenshot above)."
                },
                {
                    "url": "https://wpforms.com/docs/how-to-use-smart-tags-in-wpforms/#email"
                },
                {
                    "text": "That way, if you have questions about a user's form submission, you can simply reply to the notification email to get in touch with them."
                },
                {
                    "text": "Or, if you're sending a notification email to your users, you could make the reply-to email your own email address so they can easily reach out to you."
                },
                {
                    "text": "If you leave this field empty, the Reply-To Email Address will default to the From Email."
                },
                {
                    "text": "Note: There can only be one Reply-To Email Address. If you'd like to use the reply-all functionality to reply to multiple email addresses, be sure to add a CC field ."
                },
                {
                    "url": "https://wpforms.com/docs/creating-a-reply-all-notification-with-a-cc-field/"
                }
            ]
        },
        {
            "subtitle": "Email Message",
            "content": [
                {
                    "image_link": "https://wpforms.com/wp-content/uploads/2023/06/notification-email-message.png"
                },
                {
                    "text": "This is the content that's included in the body of your form notification email."
                },
                {
                    "text": "By default, the Email Message field will contain the {all_fields} Smart Tag, which displays all user-entered fields (plus Hidden Fields ) and their labels."
                },
                {
                    "url": "https://wpforms.com/docs/how-to-choose-the-right-form-field-for-your-forms/#hidden-field"
                },
                {
                    "text": "If you'd like to customize the notification email's content further, you can add additional text, Smart Tags , and even add HTML or inline CSS directly into the Email Message field."
                },
                {
                    "url": "https://wpforms.com/docs/how-to-use-smart-tags-in-wpforms/"
                },
                {
                    "text": "Finally, be sure to save your notification settings by clicking the Save button."
                },
                {
                    "image_link": "https://wpforms.com/wp-content/uploads/2023/06/click-save-button-to-save-notifcation-settings.png"
                },
                {
                    "text": "Note: Want to send out more than one notification when your form is submitted? Be sure to check out our guide to sending multiple form notifications to learn how."
                },
                {
                    "url": "https://wpforms.com/docs/adding-multiple-form-notifications/"
                }
            ]
        },
        {
            "subtitle": "Testing Notification Emails",
            "content": [
                {
                    "text": "Once your notifications settings are configured, we recommend trying them out. Testing your forms is super useful because it allows you to share in the user experience. It also provides an opportunity to make sure everything looks and works exactly as you'd like."
                },
                {
                    "text": "For all the details on testing notification emails, as well as other aspects of your forms, please check out our pre-launch checklist and form testing tutorial ."
                },
                {
                    "url": "https://wpforms.com/docs/how-to-properly-test-your-wordpress-forms-before-launching-checklist/#email-delivery"
                }
            ]
        },
        {
            "subtitle": "Troubleshooting Notification Emails",
            "content": [
                {
                    "text": "If you're not receiving notification emails, it's typically due to issues in the notification settings or the need for an SMTP setup. Here's a straightforward checklist to help you address these common problems:"
                },
                {
                    "text": "Make sure all email addresses in your notification settings are correct."
                },
                {
                    "text": "Check that the From Email and Send To Email Address are different. Some email clients might flag your emails as spam if both addresses are the same."
                },
                {
                    "text": "Consider configuring an SMTP plugin for improved email deliverability."
                },
                {
                    "url": "https://wpforms.com/docs/how-to-fix-wordpress-contact-form-not-sending-email-with-smtp"
                },
                {
                    "text": "For more detailed guidance, check out our guide on troubleshooting form notifications ."
                },
                {
                    "url": "https://wpforms.com/docs/troubleshooting-email-notifications/"
                }
            ]
        },
        {
            "subtitle": "Frequently Asked Questions",
            "content": [
                {
                    "text": "Here, we'll discuss some of the most common questions we receive about email notifications in WPForms."
                }
            ]
        },
        {
            "subtitle": "Can I configure my notifications to send only if certain conditions are met?",
            "content": [
                {
                    "text": "Absolutely! With any paid license, you can set up conditional notifications for your forms. For more details on how to do this, be sure to check out our guide on how to create conditional form notifications ."
                },
                {
                    "url": "https://wpforms.com/docs/how-to-create-conditional-form-notifications-in-wpforms/"
                }
            ]
        },
        {
            "subtitle": "How can I include non-input fields like Page Break, Section Divider, and HTML fields in my WPForms notifications?",
            "content": [
                {
                    "text": "To include non-input fields like Page Break, Section Divider, and HTML fields in your WPForms email notifications, you can add a custom PHP snippet to your site. The necessary code snippet for this feature is available in the WPForms code snippets library."
                },
                {
                    "url": "https://wpforms.com/docs/using-wpforms-code-snippets/"
                },
                {
                    "text": "For more information on how to set this up, refer to our developer documentation ."
                },
                {
                    "url": "https://wpforms.com/developers/include-page-break-section-divider-and-html-fields-in-notifications/"
                },
                {
                    "text": "That's it! Now you know how to set up a basic notification email for your forms."
                },
                {
                    "text": "Be sure to explore our other tutorials on form notifications to learn how you can get the most out of them."
                },
                {
                    "url": "https://wpforms.com/categories/docs/form-notifications/"
                }
            ]
        }
    ],
    "section": "Documentation",
    "category": "Form Notifications"
}