{
    "product_name": "WPForms",
    "document_id": 93,
    "document_name": "How to Add BCC to Email Notifications",
    "document_url": "https://wpforms.com/developers/how-to-add-bcc-to-email-notifications/",
    "author": "Editorial Team",
    "reviewer": "Molly Tyler",
    "date": "Updated: Apr 17, 2024, 15:12 PM",
    "version": "1.0",
    "title": "How to Add BCC to Email Notifications",
    "content": [
        {
            "subtitle": "Creating the form",
            "content": [
                {
                    "text": "Let's begin by creating a form and adding your fields. For the purpose of this tutorial, we're going to have just a simple contact form."
                },
                {
                    "image_link": "https://wpforms.com/wp-content/uploads/2024/04/wpforms-bcc-create-form.jpg 1116w, https://wpforms.com/wp-content/uploads/2024/04/wpforms-bcc-create-form-300x132.jpg 300w, https://wpforms.com/wp-content/uploads/2024/04/wpforms-bcc-create-form-1024x451.jpg 1024w, https://wpforms.com/wp-content/uploads/2024/04/wpforms-bcc-create-form-768x338.jpg 768w"
                },
                {
                    "text": "There's no need to adjust your Notifications tab as we'll be adding the BCC through a snippet."
                },
                {
                    "text": "If you need any assistance in creating your form, please check out this tutorial ."
                },
                {
                    "url": "https://wpforms.com/docs/creating-first-form/"
                }
            ]
        },
        {
            "subtitle": "Adding BCC",
            "content": [
                {
                    "text": "Now we're going to add the snippet needed to BCC our accounts department with every form submission for the form ID 892 ."
                },
                {
                    "text": "For any assistance in how to add snippets to your site, please check out this tutorial."
                }
            ]
        },
        {
            "subtitle": "For a specific form",
            "content": [
                {
                    "code": "\n/**\n * Add BCC recipients to specific form email notifications.\n *\n * @link https://wpforms.com/docs/how-to-add-bcc-to-email-notifications/\n */\n\nadd_filter( 'wp_mail', function ( $args ) use ( $form_id ) {\n\n    // Only run this snippet on form ID 892\n    if ( $form_id === 892 ) {\n\n        // Add the BCC email address here\n        $bcc_address = 'Bcc: [email\u00a0protected]';\n\n        if ( ! empty( $args[ 'headers' ] ) ) {\n\n            if ( ! is_array( $args[ 'headers' ] ) ) {\n\n                $args[ 'headers' ] = array_filter( explode( \"\\n\", str_replace( \"\\r\\n\", \"\\n\", $args[ 'headers' ] ) ) );\n            }\n\n        } else {\n\n            $args[ 'headers' ] = [];\n\n        }\n\n        $args[ 'headers' ][] = $bcc_address;\n\n    }\n\n    return $args;\n});\n"
                },
                {
                    "url": "/cdn-cgi/l/email-protection"
                }
            ]
        },
        {
            "subtitle": "For all forms",
            "content": [
                {
                    "code": "\n/**\n * Add BCC recipients to specific form email notifications.\n *\n * @link https://wpforms.com/docs/how-to-add-bcc-to-email-notifications/\n */\n\nadd_filter( 'wp_mail', function ( $args ) {\n\n    // Add the BCC email address here\n    $bcc_address = 'Bcc: [email\u00a0protected]';\n\n    if ( ! empty( $args[ 'headers' ] ) ) {\n\n        if ( ! is_array( $args[ 'headers' ] ) ) {\n\n            $args[ 'headers' ] = array_filter( explode( \"\\n\", str_replace( \"\\r\\n\", \"\\n\", $args[ 'headers' ] ) ) );\n        }\n\n    } else {\n\n        $args[ 'headers' ] = [];\n    }\n\n    $args[ 'headers' ][] = $bcc_address;\n\n    return $args;\n});\n"
                },
                {
                    "url": "/cdn-cgi/l/email-protection"
                },
                {
                    "text": "Once the snippet is implemented, any notification email triggered by form submissions-regardless of the form's specificity-will include a blind carbon copy (BCC) to the designated email address of your choice."
                },
                {
                    "text": "That's all it takes to incorporate BCC into your email notifications. Interested in transforming the captured phone numbers in your form into clickable links? Check out our article on How to Make Phone Numbers a Link in Email Notifications for step-by-step guidance."
                },
                {
                    "url": "https://wpforms.com/developers/how-to-make-phone-numbers-a-link-in-email-notifications/"
                }
            ]
        },
        {
            "subtitle": "Reference Filter",
            "content": [
                {
                    "text": "wp_mail"
                },
                {
                    "url": "https://developer.wordpress.org/reference/functions/wp_mail/"
                }
            ]
        }
    ],
    "section": "Developers",
    "category": "Notifications"
}