{
    "product_name": "WPForms",
    "document_id": 260,
    "document_name": "How to Change the Position of the v2 Invisible reCAPTCHA Badge",
    "document_url": "https://wpforms.com/developers/how-to-change-the-position-of-the-v2-invisible-recaptcha-badge/",
    "author": "Editorial Team",
    "reviewer": "Molly Tyler",
    "date": "Updated: Mar 6, 2024, 15:00 PM",
    "version": "1.0",
    "title": "How to Change the Position of the v2 Invisible reCAPTCHA Badge",
    "content": [
        {
            "subtitle": "Creating your form",
            "content": [
                {
                    "text": "Before we create our form, we're going to make sure our Google settings are set correctly."
                },
                {
                    "text": "If you need help in setting up your Gooogle reCAPTCHA, please check out this documentation ."
                },
                {
                    "url": "https://wpforms.com/docs/how-to-set-up-and-use-recaptcha-in-wpforms/"
                },
                {
                    "image_link": "https://wpforms.com/wp-content/uploads/2020/01/wpforms-wpforms-google-invisible-recaptcha.jpg"
                },
                {
                    "text": "Once you've confirmed your Gooogle Invisible reCAPTCHA, you can create your form and add your fields."
                },
                {
                    "text": "If you need help creating your form, please check out this tutorial ."
                },
                {
                    "url": "https://wpforms.com/docs/creating-first-form/"
                },
                {
                    "text": "Once you've added your fields, click the Settings tab from the form builder and then select Spam Protection and Security . Click the button to toggle the option to Enable Google Invisible v2 reCAPTCHA ."
                },
                {
                    "image_link": "https://wpforms.com/wp-content/uploads/2020/01/wpforms-enable-google-recaptcha-1.jpg"
                }
            ]
        },
        {
            "subtitle": "Changing the position of the reCAPTCHA badge",
            "content": [
                {
                    "text": "In our example code, we're going to change this position to inline . You'll need to copy this snippet to your site."
                },
                {
                    "text": "If you need help in adding snippets to your site, please review this tutorial ."
                },
                {
                    "url": "https://wpforms.com/developers/how-to-add-custom-php-or-javascript-for-wpforms/"
                },
                {
                    "code": "\n/**\n * Google v2 Invisible ReCAPTCHA badge position\n *\n * @link https://wpforms.com/developers/how-to-change-the-position-of-the-v2-invisible-recaptcha-badge/\n */\n\nfunction wpf_dev_invisible_recaptcha_position( $data, $form_data ) {\n\t\n\t$type = wpforms_setting( 'recaptcha-type', 'v2' );\n\tif ( 'invisible' === $type ) {\n\t\t$data[ 'badge' ] = 'inline';\n\t}\n\n\treturn $data;\n\n}\nadd_filter( 'wpforms_frontend_recaptcha', 'wpf_dev_invisible_recaptcha_position', 10, 2 );\n"
                },
                {
                    "text": "Once the above code is added to your site, the badge will now appear just above the Submit button rather than floating in the bottom right corner."
                },
                {
                    "image_link": "https://wpforms.com/wp-content/uploads/2020/01/wpforms-invisible-recaptcha-after.jpg"
                },
                {
                    "text": "And that's it! You've now successfully adjusted the position of the badge. Would you like to display shortcodes inside your HTML form field? Try out our tutorial on How to Display Shortcodes Inside the HTML Field ."
                },
                {
                    "url": "https://wpforms.com/developers/how-to-display-shortcodes-inside-the-html-field/"
                }
            ]
        },
        {
            "subtitle": "Reference Filter",
            "content": [
                {
                    "text": "wpforms_frontend_recaptcha"
                },
                {
                    "url": "https://wpforms.com/developers/wpforms_frontend_recaptcha/"
                }
            ]
        }
    ],
    "section": "Developers",
    "category": "Tutorials"
}