{
    "product_name": "WPForms",
    "document_id": 620,
    "document_name": "Configuring Optimization Settings for WPForms in LiteSpeed Cache",
    "document_url": "https://wpforms.com/docs/configuring-optimization-settings-for-wpforms-in-litespeed-cache/",
    "author": "Umair Majeed",
    "reviewer": "David Ozokoye",
    "date": "Updated: Oct 22, 2024",
    "version": "1.0",
    "title": "Configuring Optimization Settings for WPForms in LiteSpeed Cache",
    "content": [
        {
            "subtitle": "Adjusting LiteSpeed Cache Settings",
            "content": [
                {
                    "text": "LiteSpeed Cache is a plugin commonly used on LiteSpeed servers. If this plugin is active on your site, and you've identified a JavaScript issue , please try the following steps:"
                },
                {
                    "url": "https://wordpress.org/plugins/litespeed-cache/"
                },
                {
                    "url": "https://wpforms.com/docs/how-to-troubleshoot-javascript-issues-in-wpforms/#identifying-js-issues"
                }
            ]
        },
        {
            "subtitle": "Excluding a Page or Post",
            "content": [
                {
                    "text": "If you're only experiencing a JavaScript issue on a certain page or post where you're using WPForms, you can choose to exclude it from JavaScript optimization. To do this, go to LiteSpeed Cache \" Page Optimization , and click the Tuning tab."
                },
                {
                    "image_link": "https://wpforms.com/wp-content/uploads/2023/11/litespeed-cache-tuning.png"
                },
                {
                    "text": "Then, scroll to the URI Excludes section, and enter the path to your post or page. For our example, we'll add our contact page."
                },
                {
                    "image_link": "https://wpforms.com/wp-content/uploads/2021/10/URI-excludes.png"
                },
                {
                    "text": "Now that you've added the path to your post or page, go ahead and click the Save Changes button at the top-right of the page."
                },
                {
                    "image_link": "https://wpforms.com/wp-content/uploads/2021/10/click-save-changes-button-litespeed-cache.png"
                }
            ]
        },
        {
            "subtitle": "Excluding WPForms Assets",
            "content": [
                {
                    "text": "To exclude WPForms assets from LiteSpeed Cache, go to LiteSpeed Cache \" Page Optimization , and click the Tuning tab."
                },
                {
                    "text": "From here, locate the JS Excludes field, and input the following script:"
                },
                {
                    "text": "/wp-content/plugins/wpforms/assets/js/frontend/wpforms.min.js"
                },
                {
                    "image_link": "https://wpforms.com/wp-content/uploads/2024/10/exclude-wpforms-assets-litespeed-cache-1-1024x374.png"
                },
                {
                    "text": "Once, you've added the script, click the Save Changes button located at the top-right of the page."
                },
                {
                    "image_link": "https://wpforms.com/wp-content/uploads/2021/10/click-save-changes-button-litespeed-cache.png"
                },
                {
                    "text": "If you're still experiencing JavaScript issues after completing the steps above, proceed to the next section."
                }
            ]
        },
        {
            "subtitle": "Disabling JavaScript Optimization",
            "content": [
                {
                    "text": "To get to the JavaScript optimization settings, click on the JS Settings tab."
                },
                {
                    "image_link": "https://wpforms.com/wp-content/uploads/2021/10/litespeed-cache-page-optimization-1.png"
                },
                {
                    "text": "Next, if the JS Minify , JS Combine, and Load JS Deferred options are toggled ON , be sure to toggle them to the OFF position."
                },
                {
                    "image_link": "https://wpforms.com/wp-content/uploads/2021/10/toggle-js-minify-options-off.png"
                },
                {
                    "text": "Once, you've made your changes, click the Save Changes button located at the top-right of the page."
                },
                {
                    "image_link": "https://wpforms.com/wp-content/uploads/2021/10/save-changes-button-js-settings.png"
                },
                {
                    "text": "Note: For more specific information on LiteSpeed Cache settings, please refer to their documentation ."
                },
                {
                    "url": "https://docs.litespeedtech.com/lscache/"
                },
                {
                    "text": "That's it! Now you know how to adjust LiteSpeed Cache settings to prevent conflicts with WPForms."
                },
                {
                    "text": "Next, would you like to learn more about troubleshooting JavaScript errors in WPForms? Be sure to check out our troubleshooting JavaScript errors guide for more tips."
                },
                {
                    "url": "https://wpforms.com/docs/how-to-troubleshoot-javascript-issues-in-wpforms/"
                }
            ]
        }
    ],
    "section": "Documentation",
    "category": "Troubleshooting and Support"
}