{
    "product_name": "WPForms",
    "document_id": 31,
    "document_name": "How to Overwrite Entries From Users Who Have Already Submitted a Form",
    "document_url": "https://wpforms.com/developers/how-to-overwrite-entries-from-users-who-have-already-submitted-a-form/",
    "author": "Editorial Team",
    "reviewer": "Molly Tyler",
    "date": "Updated: May 3, 2023, 13:08 PM",
    "version": "1.0",
    "title": "How to Overwrite Entries From Users Who Have Already Submitted a Form",
    "content": [
        {
            "subtitle": "Overview",
            "content": [
                {
                    "text": "Would you like to overwrite entries from users who have already submitted a form? In some cases, you wish to overwrite entries so that the user can only submit one entry on each form. With a small PHP snippet, you can allow this on your site for just one single form or even for all forms."
                }
            ]
        },
        {
            "subtitle": "Setup",
            "content": [
                {
                    "text": "By default, unless you are using the Form Locker addon , all users can submit as many entries as they wish to all of your forms."
                },
                {
                    "url": "https://wpforms.com/docs/how-to-install-and-use-the-form-locker-addon-in-wpforms/"
                },
                {
                    "image_link": "https://wpforms.com/wp-content/uploads/2021/01/wpforms-overwrite-entries-from-same-user.jpg"
                },
                {
                    "text": "Using this snippet below, this code will look for any previous entries on this form from the user ID and overwrite their entries with the latest entry so each of your members will only have one form entry for each form you've created."
                },
                {
                    "text": "If you need any help on adding code snippets to your site, please review this tutorial ."
                },
                {
                    "url": "https://wpforms.com/developers/how-to-add-custom-php-or-javascript-for-wpforms/"
                },
                {
                    "code": "\n/*\n * Remove all user entries before saving the entry - this is for all forms.\n *\n * @link https://wpforms.com/developers/how-to-overwrite-entries-from-users-who-have-already-submitted-a-form/\n */\n\nfunction remove_all_before_entry_save( $fields, $entry, $form_id ) {\n\n        //get the current user's user ID\n\t$user_id = get_current_user_id();\n\n        //check if the user is logged in, if not logged in skip this code snippet all together\n\tif ( empty( $user_id ) ) {\n\t\treturn;\n\t}\n\n        //perform a query for any entries submitted on this form by this user ID\n\t$entries = wpforms()->entry->get_entries(\n\t\t[\n\t\t\t'form_id' => $form_id,\n\t\t\t'user_id' => $user_id,\n\t\t\t'number'  => -1,\n\t\t\t'select'  => 'entry_ids',\n\t\t\t'cap'     => false,\n\t\t]\n\t);\n\n        //for any previous entries this user has submitted on this form, remove them and replace them with this entry only \n\tforeach ( $entries as $_entry ) {\n\t\twpforms()->entry->delete( $_entry->entry_id, [ 'cap' => false ] );\n\t}\n}\nadd_action( 'wpforms_process_entry_save', 'remove_all_before_entry_save', 9, 3 );\n"
                },
                {
                    "text": "It's important to note that if the user isn't logged in, this code snippet will not run. This code snippet can only run if a user is logged in at the time of submitting any form entries."
                },
                {
                    "text": "When this user submits a new entry, that entry will overwrite all previous entries on this form."
                },
                {
                    "image_link": "https://wpforms.com/wp-content/uploads/2021/01/wpforms-overwrite-entries-after.jpg"
                },
                {
                    "text": "And that's all you need to overwrite entries previously submitted by a particular user ID! Would you like to learn how to display a message to your visitors if they are already logged in? Take a look at our tutorial on How to Display a Message When the User is Already Logged In ."
                },
                {
                    "url": "https://wpforms.com/developers/how-to-display-a-message-when-the-user-is-already-logged-in/"
                }
            ]
        },
        {
            "subtitle": "Related",
            "content": [
                {
                    "text": "Action Reference: wpforms_process_entry_save"
                },
                {
                    "url": "https://wpforms.com/developers/wpforms_process_entry_save/"
                }
            ]
        }
    ],
    "section": "Developers",
    "category": "Snippets"
}