{
    "product_name": "WPForms",
    "document_id": 578,
    "document_name": "How to Link Your Form Pages Form Logo",
    "document_url": "https://wpforms.com/developers/how-to-link-your-form-pages-form-logo/",
    "author": "Editorial Team",
    "reviewer": "Molly Tyler",
    "date": "Updated: Jan 30, 2024, 10:35 AM",
    "version": "1.0",
    "title": "How to Link Your Form Pages Form Logo",
    "content": [
        {
            "subtitle": "Introduction",
            "content": [
                {
                    "text": "Would you like to link your Form Pages logo from your form to your homepage? In this tutorial, we're going to create a form using the WPForms Form Pages addon , upload a logo for our form, and then add a snippet that would link that logo back to our homepage using a small code snippet."
                },
                {
                    "url": "https://wpforms.com/addons/form-pages-addon/"
                }
            ]
        },
        {
            "subtitle": "Creating your form",
            "content": [
                {
                    "text": "First, we'll need to create a new form and add our fields to this form. For the purpose of this tutorial, we're going to just create a reservation form with some basic fields."
                },
                {
                    "image_link": "https://wpforms.com/wp-content/uploads/2021/10/form-pages-form.jpg"
                }
            ]
        },
        {
            "subtitle": "Enabling Form Pages",
            "content": [
                {
                    "text": "Next, you'll need to enable the form to use Form Pages . For any assistance with this, please see this documentation ."
                },
                {
                    "url": "https://wpforms.com/docs/how-to-install-and-use-the-form-pages-addon/"
                },
                {
                    "text": "Inisde the form builder, just click on Settings and then Form Pages to enable this for your form."
                },
                {
                    "image_link": "https://wpforms.com/wp-content/uploads/2021/10/enable-form-pages-wpforms.jpg"
                }
            ]
        },
        {
            "subtitle": "Uploading your logo",
            "content": [
                {
                    "text": "While on the Form Pages tab, click the Upload Image and upload your logo. Once complete, click Save to save the changes."
                },
                {
                    "image_link": "https://wpforms.com/wp-content/uploads/2021/10/wpforms-form-pages-upload-logo.jpg"
                },
                {
                    "text": "By default, this image doesn't link to anything. In the next step, we're going to add a code snippet that will link this image back to the homepage."
                }
            ]
        },
        {
            "subtitle": "Adding the snippet to link your form logo",
            "content": [
                {
                    "text": "Now it's time to add a snippet to your site that will turn your logo image into a link. If you need any help in adding snippets to your site, please see this tutorial ."
                },
                {
                    "url": "https://wpforms.com/developers/how-to-add-custom-php-or-javascript-for-wpforms/"
                },
                {
                    "code": "\n/**\n * Link your form logo on form pages.\n *\n * @link   https://wpforms.com/developers/how-to-link-your-form-pages-form-logo/\n */\n\nfunction wpf_dev_form_pages_add_link() {\n\t?>\n\t<script type=\"text/javascript\">\n\t\tjQuery( function( $ ) {\n\n\t\t\t// Could be removed if changes are needed in all form pages on the site.\n\t\t\tvar formID = 375;// ID of form page form to which apply changes.\n\n\t\t\tif ( $( '#wpforms-' + formID ).length === 0 ) {\n\t\t\t\treturn;\n\t\t\t}\n\n\t\t\t// Detect Form Page image.\n\t\t\tvar $logo = $( '#wpforms-form-page-page' ).find( '.wpforms-custom-logo img' );\n\n\t\t\tif ( $logo.length > 0 ) {\n\t\t\t\t$logo.wrap($( '<a>',{\n\t\t\t\t\thref: '/' // \"/\" could be changed to any link.\n\t\t\t\t}));\n\t\t\t}\n\t\t} );\n\t</script>\n\t<?php\n}\nadd_action( 'wpforms_wp_footer_end', 'wpf_dev_form_pages_add_link', 30 );\n"
                },
                {
                    "text": "In the snippet above, the var formID = 375 is the form ID number. This will need to be changed to match your form ID. If you need help in locating your form ID, please review this tutorial ."
                },
                {
                    "url": "https://wpforms.com/developers/how-to-locate-form-id-and-field-id/"
                },
                {
                    "text": "You, of course, don't have to link the image to your homepage, you could link this image to any URL you'd like. To change the link, just replace this line of code href: '/' // \"/\" could be changed to any link. to this href: 'http://google.com' // \"/\" could be changed to any link. ."
                },
                {
                    "text": "Now when you view your form and hover over the logo image, you'll see the pointer to click the image."
                },
                {
                    "image_link": "https://wpforms.com/wp-content/uploads/2021/10/wpforms-form-pages-logo-link.jpg"
                },
                {
                    "text": "And that's all you need to link your form logo on your form pages. Would you like to also do the same for the Conversational Forms addon? Take a look at our tutorial on How to Link Your Conversational Form Logo ."
                },
                {
                    "url": "https://wpforms.com/developers/how-to-link-your-conversational-form-logo"
                }
            ]
        },
        {
            "subtitle": "Related",
            "content": [
                {
                    "text": "Action Reference: wpforms_wp_footer_end"
                },
                {
                    "url": "https://wpforms.com/developers/wpforms_wp_footer_end/"
                }
            ]
        }
    ],
    "section": "Developers",
    "category": "Tutorials"
}