{
    "product_name": "WPForms",
    "document_id": 652,
    "document_name": "Deleting Form Entries",
    "document_url": "https://wpforms.com/docs/how-to-delete-all-entries-for-a-form/",
    "author": "Editorial Team",
    "reviewer": "Claire Broadley",
    "date": "Updated: May 21, 2024",
    "version": "1.0",
    "title": "Deleting Form Entries",
    "content": [
        {
            "subtitle": "Accessing Form Entries",
            "content": [
                {
                    "text": "To get started, you'll need to go to WPForms \" All Forms in the WordPress admin menu. From there, you can hover over a form title and click Entries ."
                },
                {
                    "image_link": "https://wpforms.com/wp-content/uploads/2021/08/Form-entries.png"
                },
                {
                    "text": "This will take you to the Entries page for that specific form."
                },
                {
                    "image_link": "https://wpforms.com/wp-content/uploads/2023/10/entries-overview-page.png"
                },
                {
                    "text": "Next, we'll cover how to add unwanted form entries to the trash, which is the first step to deleting them."
                }
            ]
        },
        {
            "subtitle": "Adding Form Entries to the Trash",
            "content": [
                {
                    "text": "From the Entries page, you can remove entries from your site by adding them to the trash. In the following sections, we'll cover various ways you can do this."
                }
            ]
        },
        {
            "subtitle": "Trashing a Single Entry",
            "content": [
                {
                    "text": "To add a single entry to the trash, hover over the entry and click the Trash option."
                },
                {
                    "image_link": "https://wpforms.com/wp-content/uploads/2023/10/click-trash-for-individual-entry.png"
                },
                {
                    "text": "A confirmation modal will then pop up prompting you to verify the action. To proceed, go ahead and click the OK button."
                },
                {
                    "image_link": "https://wpforms.com/wp-content/uploads/2023/12/click-ok-to-delete-entry.png"
                },
                {
                    "text": "Your form entry should now be successfully added to the trash."
                }
            ]
        },
        {
            "subtitle": "Trashing Multiple Entries",
            "content": [
                {
                    "text": "If you'd like to add multiple form entries to the trash at once, check the box next to each entry you'd like to add."
                },
                {
                    "image_link": "https://wpforms.com/wp-content/uploads/2023/11/select-multiple-entries.png"
                },
                {
                    "text": "Once you've chosen the form entries you'd like to add to the trash, select the Move to Trash option from the Bulk actions dropdown and then click the Apply button."
                },
                {
                    "image_link": "https://wpforms.com/wp-content/uploads/2023/11/move-multiple-entries-to-trash.png"
                },
                {
                    "text": "A confirmation modal will pop up asking you to verify the action. Go ahead and click the OK button to confirm."
                },
                {
                    "image_link": "https://wpforms.com/wp-content/uploads/2023/12/click-ok-to-delete-multiple-entries.png"
                }
            ]
        },
        {
            "subtitle": "Trashing All Entries",
            "content": [
                {
                    "text": "If you'd like to trash all the entries for a specific form, click Trash All ."
                },
                {
                    "image_link": "https://wpforms.com/wp-content/uploads/2023/11/click-trash-all.png"
                },
                {
                    "text": "You'll then see a modal window asking you to confirm the action. Click OK to proceed to move all the entries to the trash."
                },
                {
                    "image_link": "https://wpforms.com/wp-content/uploads/2023/12/click-ok-to-delete-all-entries.png"
                }
            ]
        },
        {
            "subtitle": "Viewing Your Trashed Entries",
            "content": [
                {
                    "text": "Once you've added entries to the trash, you can view them by clicking on the Trash link."
                },
                {
                    "image_link": "https://wpforms.com/wp-content/uploads/2023/11/click-trash-link.png"
                },
                {
                    "text": "This will take you to the trash screen where you can view the entries that are currently in the trash."
                },
                {
                    "image_link": "https://wpforms.com/wp-content/uploads/2023/12/trashed-entries-screen.png"
                },
                {
                    "text": "From here, you'll have the option to restore or permanently delete your trashed entries. We'll cover both of these options below."
                }
            ]
        },
        {
            "subtitle": "Restoring Trashed Form Entries",
            "content": [
                {
                    "text": "Restoring a form entry removes it from the trash and adds it back to the Entries page."
                },
                {
                    "text": "To restore an entry, hover over it and click the Restore option."
                },
                {
                    "image_link": "https://wpforms.com/wp-content/uploads/2023/12/click-to-restore-entry.png"
                }
            ]
        },
        {
            "subtitle": "Permanently Deleting Form Entries",
            "content": [
                {
                    "text": "From the Trash screen, you have the option to permanently delete entries by hovering over a specific entry and clicking the Delete option."
                },
                {
                    "image_link": "https://wpforms.com/wp-content/uploads/2023/12/click-to-delete-entry.png"
                },
                {
                    "text": "If you'd like to permanently delete multiple trashed entries at once, check the box next to each entry you'd like to delete. Then, select Delete from the Bulk actions dropdown and click Apply ."
                },
                {
                    "image_link": "https://wpforms.com/wp-content/uploads/2023/12/delete-selected-entries.png"
                },
                {
                    "text": "To delete all trashed entries at once, simply click the Empty Trash button."
                },
                {
                    "image_link": "https://wpforms.com/wp-content/uploads/2023/12/click-empty-trash-button.png"
                },
                {
                    "text": "After using one of these methods, you'll be asked to confirm if you're sure you'd like to delete the specific entries for this form."
                },
                {
                    "text": "Note : Permanently deleting entries will remove them entirely from your site's database. It's recommended that you create a backup of your site's database before proceeding."
                },
                {
                    "url": "http://www.wpbeginner.com/plugins/7-best-wordpress-backup-plugins-compared-pros-and-cons/"
                },
                {
                    "text": "That's it! You can now delete entries for a form with just a few clicks."
                },
                {
                    "text": "Would you like to export entries as a CSV or XLSX file before deleting them from your site? Check out our tutorial on creating CSV and XLSX exports of entry data ."
                },
                {
                    "url": "https://wpforms.com/docs/how-to-export-form-entries-to-csv-in-wpforms/"
                }
            ]
        }
    ],
    "section": "Documentation",
    "category": "Entry Management"
}