{
    "product_name": "WPForms",
    "document_id": 10,
    "document_name": "A Complete Guide to Fancy Fields Types in WPForms",
    "document_url": "https://wpforms.com/docs/a-complete-guide-to-fancy-fields-types-in-wpforms/",
    "author": "David Ozokoye",
    "reviewer": "Molly Tyler",
    "date": "Updated: Sep 24, 2024",
    "version": "1.0",
    "title": "A Complete Guide to Fancy Fields Types in WPForms",
    "content": [
        {
            "subtitle": "Fancy Fields",
            "content": [
                {
                    "text": "Fancy Fields are available with all paid licenses for WPForms (unless otherwise noted)."
                },
                {
                    "image_link": "https://wpforms.com/wp-content/uploads/2024/06/fancy-fields.png"
                },
                {
                    "text": "Here's a live preview of some of the Fancy fields in WPForms."
                }
            ]
        },
        {
            "subtitle": "Try this Form Demo!",
            "content": [
                {
                    "text": "Want to get started with our ready-to-use form templates? Check out our Customizable Freelancer Portfolio Submission template."
                },
                {
                    "url": "https://wpforms.com/templates/freelancer-portfolio-submission-form-template/"
                }
            ]
        },
        {
            "subtitle": "Phone",
            "content": [
                {
                    "text": "The Phone field accepts phone numbers from users and allows three formats: Smart, US, or International."
                },
                {
                    "text": "The Smart format is the default, and it will use the user's location (based on IP address) to determine the required phone number format. To help guide the user, the field will display a flag indicating their detected country and placeholder text to demonstrate the format."
                },
                {
                    "image_link": "https://wpforms.com/wp-content/uploads/2022/09/phone-field.png"
                },
                {
                    "text": "IP collection is turned off if you have GDPR settings enabled for your forms. When this setting is turned on, the Smart Phone field will use the user's browser language to determine their location."
                },
                {
                    "url": "https://wpforms.com/docs/how-to-create-gdpr-compliant-forms/"
                },
                {
                    "text": "If the detected location isn't accurate, or if the user needs to enter a phone number in a different format, they can simply click the flag icon on the left side of the field to choose a different country."
                },
                {
                    "text": "If you would prefer to require one specific phone format for all users, you can use the US or International formats. The US format will always require a (###) ### - #### format, whereas the International format is more flexible."
                },
                {
                    "text": "To ensure the Phone field only accepts numeric input, preventing letters or special characters, check out our developer documentation for a simple code snippet."
                },
                {
                    "url": "https://wpforms.com/developers/how-to-restrict-phone-field-to-only-accept-numbers/"
                }
            ]
        },
        {
            "subtitle": "Address",
            "content": [
                {
                    "text": "The Address field provides a collection of labeled subfields in a clear format."
                },
                {
                    "image_link": "https://wpforms.com/wp-content/uploads/2022/09/address-field.png"
                },
                {
                    "text": "It offers two formats: US and International. The US format allows users to choose a US State from a pre-loaded dropdown list, while the International format allows users to choose from a dropdown list of countries."
                }
            ]
        },
        {
            "subtitle": "Date / Time",
            "content": [
                {
                    "text": "By default, the Date / Time field will display fields for both Date and Time selections."
                },
                {
                    "image_link": "https://wpforms.com/wp-content/uploads/2022/09/date-time-field-1.png"
                },
                {
                    "text": "For details on how to customize this field, be sure to check out our tutorial on how to customize the Date / Time field ."
                },
                {
                    "url": "https://wpforms.com/docs/how-to-customize-the-date-time-field-in-wpforms/"
                }
            ]
        },
        {
            "subtitle": "Website / URL",
            "content": [
                {
                    "text": "Only website URLs can be entered in this field. The form automatically checks if the URL is in a valid format (for example, https://wpforms.com )."
                },
                {
                    "image_link": "https://wpforms.com/wp-content/uploads/2022/09/website-url-field.png"
                },
                {
                    "text": "To help users avoid formatting confusion, this field will automatically add http:// to the front of a URL written in shorthand. For example, wpforms.com would be automatically converted to https://wpforms.com ."
                },
                {
                    "text": "If a user tries to enter input that is not in an accepted format, they will see a message that reads, \"Please enter a valid URL.\""
                },
                {
                    "image_link": "https://wpforms.com/wp-content/uploads/2022/09/website-url-field-validation.png"
                },
                {
                    "text": "Want to customize the error message for URL validation? See our tutorial on changing validation messages for a step-by-step guide."
                },
                {
                    "url": "https://wpforms.com/docs/customize-wpforms-validation-messages/"
                }
            ]
        },
        {
            "subtitle": "File Upload",
            "content": [
                {
                    "text": "The File Upload field enables users to include files along with their form submissions."
                },
                {
                    "image_link": "https://wpforms.com/wp-content/uploads/2022/09/file-upload-field-1.png"
                },
                {
                    "text": "Want to learn more about the file upload options in WPForms? Be sure to check out our guide to the File Upload field ."
                },
                {
                    "url": "https://wpforms.com/docs/a-complete-guide-to-the-file-upload-field/"
                }
            ]
        },
        {
            "subtitle": "Password",
            "content": [
                {
                    "text": "You can use the Password field in a user registration or login form. When users enter their input, each character is obscured as dots for security."
                },
                {
                    "url": "https://wpforms.com/docs/how-to-install-and-use-user-registration-addon-with-wpforms/"
                },
                {
                    "image_link": "https://wpforms.com/wp-content/uploads/2022/09/password-field.png"
                },
                {
                    "text": "You can also enable a minimum password strength (weak, medium, or strong) and add a Confirm Password field."
                },
                {
                    "image_link": "https://wpforms.com/wp-content/uploads/2022/09/password-strength-confirm-password.png"
                },
                {
                    "text": "For details on how to customize the validation message that's displayed when a stronger password is required, be sure to check out our tutorial on how to change WPForms validation messages ."
                },
                {
                    "url": "https://wpforms.com/docs/customize-wpforms-validation-messages/"
                }
            ]
        },
        {
            "subtitle": "Rich Text",
            "content": [
                {
                    "text": "The Rich Text field inserts a rich text editor into your forms so users can write, format, and style their own content in their entries. This is particularly useful for creating blog post submission forms and other types of forms that let users share long-form content."
                },
                {
                    "url": "https://wpforms.com/docs/how-to-install-and-use-the-post-submissions-addon-in-wpforms/"
                },
                {
                    "image_link": "https://wpforms.com/wp-content/uploads/2022/09/rich-text-post-submission-example.png"
                },
                {
                    "text": "You can enable the Rich Text field to accept media file uploads and store them in the WordPress Media Library, too."
                },
                {
                    "text": "For more details, please see our complete guide to the Rich Text field ."
                },
                {
                    "url": "https://wpforms.com/docs/how-to-use-the-rich-text-field-in-wpforms/"
                }
            ]
        },
        {
            "subtitle": "Layout",
            "content": [
                {
                    "text": "The Layout field provides a container that allows you to display your form in 2 to 4 columns, in which you can place other fields. The columns will automatically adjust to fit the users' screen size."
                },
                {
                    "text": "Unlike most other fields, the Layout field is not visible to users. However, the other fields you place inside the Layout field's columns will be visible to users."
                },
                {
                    "text": "For more details, be sure to check out our guide to using the Layout field ."
                },
                {
                    "url": "https://wpforms.com/docs/how-to-use-the-layout-field-in-wpforms/"
                }
            ]
        },
        {
            "subtitle": "Repeater",
            "content": [
                {
                    "text": "The Repeater field allows users to dynamically add multiple instances of a field or group of fields. This can be helpful when creating a form to allow users add more than one entry of similar input types, like social media profile links, or relevant work experiences."
                },
                {
                    "image_link": "https://wpforms.com/wp-content/uploads/2024/05/repeater-field-example-sm-1.png"
                },
                {
                    "text": "You can either display them as Rows or Blocks on your site's frontend. To learn more about how this field works, see our tutorial on using the Repeater field ."
                },
                {
                    "url": "https://wpforms.com/docs/using-the-repeater-field/"
                }
            ]
        },
        {
            "subtitle": "Page Break",
            "content": [
                {
                    "text": "Page Breaks separate a form into two or more pages. This can improve the user experience of longer forms."
                },
                {
                    "image_link": "https://wpforms.com/wp-content/uploads/2022/09/page-break-example.png"
                },
                {
                    "text": "Check out our multi-page form tutorial for more details on how to use and customize this field."
                },
                {
                    "url": "https://wpforms.com/docs/how-to-create-multi-page-forms-in-wpforms/"
                }
            ]
        },
        {
            "subtitle": "Section Divider",
            "content": [
                {
                    "text": "The Section Divider displays a clear indication of a new part of the form."
                },
                {
                    "image_link": "https://wpforms.com/wp-content/uploads/2022/09/section-divider-example.png"
                },
                {
                    "text": "You can add a description to this field to provide users with important information or instructions on how to fill out the next set of fields."
                },
                {
                    "url": "https://wpforms.com/docs/how-to-add-extra-text-and-descriptions-to-forms/#section-divider"
                }
            ]
        },
        {
            "subtitle": "HTML",
            "content": [
                {
                    "text": "The HTML field is useful for including custom valid HTML code in your form. You can use this to add extra text throughout your forms , include links to other resources users may need while filling out your form, add icons or images to your forms, and more."
                },
                {
                    "url": "https://wpforms.com/docs/how-to-add-extra-text-and-descriptions-to-forms/#html-field"
                },
                {
                    "url": "https://wpforms.com/docs/how-to-add-icons-to-wordpress-forms/#html-icon"
                },
                {
                    "url": "https://wpforms.com/add-image-to-wordpress-form/"
                },
                {
                    "text": "For more details on including elements such as links and images in your forms, see our tutorial on how to use the HTML field ."
                },
                {
                    "url": "https://wpforms.com/docs/how-to-use-the-html-field-in-wpforms/"
                }
            ]
        },
        {
            "subtitle": "Content",
            "content": [
                {
                    "text": "The Content field allows you to add extra content to your forms, such as images, videos, headings, and text, without using code. It also includes a built-in editor that makes it easy to format and style text by adding a bullet or numbered list, changing text alignment, adding bolded text, and more."
                },
                {
                    "image_link": "https://wpforms.com/wp-content/uploads/2022/11/content-field-1.png"
                },
                {
                    "text": "For more details, be sure to check out our guide to using the Content field ."
                },
                {
                    "url": "https://wpforms.com/docs/using-the-content-field/"
                }
            ]
        },
        {
            "subtitle": "Entry Preview",
            "content": [
                {
                    "text": "The Entry Preview field enables you to display users' input and selections from your form before they submit it. This gives them a chance to go back and make changes before confirming their submissions."
                },
                {
                    "image_link": "https://wpforms.com/wp-content/uploads/2022/09/entry-preview-table-compact.png"
                },
                {
                    "text": "For all the details on entry previews in WPForms, please see our complete guide to showing entry previews ."
                },
                {
                    "url": "https://wpforms.com/docs/how-to-show-entry-previews-in-wpforms/"
                }
            ]
        },
        {
            "subtitle": "Rating",
            "content": [
                {
                    "text": "The Rating field displays a set number of icons so that users can visually select a numeric rating."
                },
                {
                    "image_link": "https://wpforms.com/wp-content/uploads/2022/09/rating-field.png"
                },
                {
                    "text": "Would you like to change your Rating field's icons or color? See our Rating field tutorial for customization options."
                },
                {
                    "url": "https://wpforms.com/docs/how-to-add-a-rating-field-to-wpforms/"
                }
            ]
        },
        {
            "subtitle": "Hidden Field",
            "content": [
                {
                    "text": "The Hidden Field is not visible to users. You can use it to capture or display any information you'd like to collect without allowing users to see or change the field value."
                },
                {
                    "text": "For example, you can use Smart Tags to collect information like the current page URL, which may be useful for you to see in an entry but would likely be confusing to a visitor if it were visible as they completed the form."
                },
                {
                    "url": "https://wpforms.com/docs/how-to-use-smart-tags-in-wpforms/"
                }
            ]
        },
        {
            "subtitle": "Custom Captcha",
            "content": [
                {
                    "text": "The Custom Captcha field helps combat spam form submissions from bots by requiring users to answer a question."
                },
                {
                    "image_link": "https://wpforms.com/wp-content/uploads/2022/09/custom-captcha-field.png"
                },
                {
                    "text": "For more details, you can check out our tutorial on using the Custom Captcha feature ."
                },
                {
                    "url": "https://wpforms.com/docs/how-to-install-and-use-custom-captcha-addon-in-wpforms/"
                },
                {
                    "text": "If you'd prefer, we also offer integration with Google's reCAPTCHA and hCaptcha to prevent spam entries."
                },
                {
                    "url": "https://wpforms.com/docs/how-to-set-up-and-use-recaptcha-in-wpforms/"
                },
                {
                    "url": "https://wpforms.com/docs/how-to-set-up-and-use-hcaptcha-in-wpforms/"
                }
            ]
        },
        {
            "subtitle": "Signature",
            "content": [
                {
                    "text": "Requirements: The Signature addon must be installed to use the Signature field. This addon is available with the Pro license level or higher."
                },
                {
                    "url": "https://wpforms.com/docs/how-to-install-and-use-the-signature-addon-in-wpforms/"
                },
                {
                    "url": "https://wpforms.com/pricing/"
                },
                {
                    "text": "The Signature field allows users to draw their signatures in your form."
                },
                {
                    "image_link": "https://wpforms.com/wp-content/uploads/2019/04/signature-field.png"
                }
            ]
        },
        {
            "subtitle": "Likert Scale",
            "content": [
                {
                    "text": "Requirements: The Survey and Polls addon must be installed to use the Likert Scale field. This addon is available with the Pro license level or higher."
                },
                {
                    "url": "https://wpforms.com/docs/how-to-install-and-use-the-surveys-and-polls-addon/"
                },
                {
                    "url": "https://wpforms.com/pricing/"
                },
                {
                    "text": "The Likert Scale field allows users to choose from a range of possible options."
                },
                {
                    "url": "https://wpforms.com/docs/how-to-add-a-likert-scale-field-to-wpforms/"
                },
                {
                    "image_link": "https://wpforms.com/wp-content/uploads/2022/09/likert-scale-field.png"
                }
            ]
        },
        {
            "subtitle": "Net Promoter Score",
            "content": [
                {
                    "text": "Requirements: The Survey and Polls addon must be installed to use the Net Promoter Score field. This addon is available with the Pro license level or higher."
                },
                {
                    "url": "https://wpforms.com/docs/how-to-install-and-use-the-surveys-and-polls-addon/"
                },
                {
                    "url": "https://wpforms.com/pricing/"
                },
                {
                    "text": "The Net Promoter Score field lets customers easily share how they feel about your company, providing valuable insights."
                },
                {
                    "url": "https://wpforms.com/docs/how-to-add-a-net-promoter-score-field-to-wpforms/"
                },
                {
                    "image_link": "https://wpforms.com/wp-content/uploads/2022/09/net-promoter-score-field.png"
                },
                {
                    "text": "That's it! You've now learned the functions and use cases for fancy field types in WPForms."
                },
                {
                    "text": "Ready to start building with WPForms? You may want to check out our tutorial on how to create your first form ."
                },
                {
                    "url": "https://wpforms.com/docs/creating-first-form/"
                }
            ]
        }
    ],
    "section": "Documentation",
    "category": "Field Types"
}