{
    "product_name": "WPForms",
    "document_id": 242,
    "document_name": "How to Change the Limit Character Validation Text",
    "document_url": "https://wpforms.com/developers/how-to-change-the-limit-character-validation-text/",
    "author": "Editorial Team",
    "reviewer": "Molly Tyler",
    "date": "Updated: Mar 19, 2024, 14:33 PM",
    "version": "1.0",
    "title": "How to Change the Limit Character Validation Text",
    "content": [
        {
            "subtitle": "Creating the form",
            "content": [
                {
                    "text": "First, we'll need to create our form and add our form fields."
                },
                {
                    "text": "If you need any help in creating your form, please check out this documentation ."
                },
                {
                    "url": "https://wpforms.com/docs/creating-first-form/"
                },
                {
                    "image_link": "https://wpforms.com/wp-content/uploads/2020/05/wpforms-create-form-limit-character.jpg"
                },
                {
                    "text": "We've added a Paragraph Text form field to hold our engraved message."
                }
            ]
        },
        {
            "subtitle": "Setting the character limit",
            "content": [
                {
                    "text": "Next, select the Paragraph Text you added and click on the Advanced tab to enable the Limit Length option and set the limit to 100 and select Character from the dropdown."
                },
                {
                    "image_link": "https://wpforms.com/wp-content/uploads/2020/05/wpforms-set-character-limit.jpg"
                },
                {
                    "text": "For further information on the Limit Length option, please review this documentation ."
                },
                {
                    "url": "https://wpforms.com/docs/how-to-limit-words-or-characters-in-a-form-field/"
                }
            ]
        },
        {
            "subtitle": "Changing the limit character validation text",
            "content": [
                {
                    "text": "Now it's time to add the snippet to your site."
                },
                {
                    "text": "If you're not sure how or where to add snippets to your site, please check out this tutorial ."
                },
                {
                    "url": "https://wpforms.com/developers/how-to-add-custom-php-or-javascript-for-wpforms/"
                },
                {
                    "code": "\n/**\n * Change the text for the character limit.\n *\n * @link https://wpforms.com/developers/how-to-change-the-limit-character-validation-text/\n */\n\nfunction wpf_dev_frontend_strings( $strings ) {\n\t\n    // val_limit_words when using words\n    // val_limit_characters when using characters   \n    \n    // Change the message that will appear to your visitors after the = sign below\n    $strings[ 'val_limit_characters' ] = __( 'You have used {count} characters out of allotted {limit}. You have {remaining} remaining.', 'plugin-domain' );\n\n\treturn $strings;\n}\n\nadd_filter( 'wpforms_frontend_strings' , 'wpf_dev_frontend_strings', 10, 1 );\n\n"
                },
                {
                    "image_link": "https://wpforms.com/wp-content/uploads/2020/05/wpforms-change-character-limit-text.jpg"
                },
                {
                    "text": "And that's it! You've successfully changed the limit character text that shows under the form field when using the character or word limit. Would you also like to also have a minimum number of characters set for your form field? Take a look at our tutorial on How to Set a Minimum Number of Characters on a Text Form Field ."
                },
                {
                    "url": "https://wpforms.com/developers/how-to-set-a-minimum-number-of-characters-on-a-text-form-field/"
                }
            ]
        },
        {
            "subtitle": "Reference Filter",
            "content": [
                {
                    "text": "wpforms_frontend_strings"
                },
                {
                    "url": "https://wpforms.com/developers/wpforms_frontend_strings/"
                }
            ]
        },
        {
            "subtitle": "FAQ",
            "content": []
        },
        {
            "subtitle": "Q: How would I change the text when using Word limit and not Character limit?",
            "content": [
                {
                    "text": "A: To change the text for the Word limit, please use the following code snippet:"
                },
                {
                    "code": "\n/**\n * Change the text for the character limit.\n *\n * @link https://wpforms.com/developers/how-to-change-the-limit-character-validation-text/\n */\n\nfunction wpf_dev_frontend_strings( $strings ) {\n\t\n    // val_limit_words when using words\n    // val_limit_characters when using characters   \n    \n    // Change the message that will appear to your visitors after the = sign below\n    $strings[ 'val_limit_words' ] = __( 'You have used {count} words out of allotted {limit}. You have {remaining} remaining.', 'plugin-domain' );\n\treturn $strings;\n}\n\nadd_filter( 'wpforms_frontend_strings' , 'wpf_dev_frontend_strings', 10, 1 );\n\n"
                }
            ]
        },
        {
            "subtitle": "Q: Can I change this for both words and characters in one function?",
            "content": [
                {
                    "text": "A: Absolutely! You can change this text for both words and characters in one single function by using this snippet."
                },
                {
                    "code": "\n/**\n * Change the text for the character and word limit.\n *\n * @link https://wpforms.com/developers/how-to-change-the-limit-character-validation-text/\n */\n  \nfunction wpf_dev_frontend_strings( $strings ) {\n      \n    // val_limit_words when using words\n    // val_limit_characters when using characters   \n      \n    // Change the message that will appear to your visitors after the = sign below\n    $strings[ 'val_limit_words' ] = __( 'You have used {count} words out of allotted {limit}. You have {remaining} remaining.', 'plugin-domain' );\n    $strings[ 'val_limit_characters' ] = __( 'You have used {count} characters out of allotted {limit}. You have {remaining} remaining.', 'plugin-domain' );\n    return $strings;\n}\n  \nadd_filter( 'wpforms_frontend_strings' , 'wpf_dev_frontend_strings', 10, 1 );\n"
                }
            ]
        },
        {
            "subtitle": "Q: Can I remove the text that shows completely?",
            "content": [
                {
                    "text": "A: You can, of course, remove this message. But keep in mind, if you're visitors are typing and then suddenly can't type anymore due to the limit, this could cause confusion when completing the form. We recommend leaving some sort of message explaining the limit. However, if you'd still like to remove the message that appears completely, use this snippet instead."
                },
                {
                    "code": "\n/**\n * Remove the text for the character and word limit.\n *\n * @link https://wpforms.com/developers/how-to-change-the-limit-character-validation-text/\n */\n \nfunction wpf_dev_frontend_strings( $strings ) {\n     \n    // val_limit_words when using words\n    // val_limit_characters when using characters   \n     \n    // Change the message that will appear to your visitors after the = sign below\n    $strings[ 'val_limit_words' ] = '';\n    $strings[ 'val_limit_characters' ] = '';\n    return $strings;\n}\n \nadd_filter( 'wpforms_frontend_strings' , 'wpf_dev_frontend_strings', 10, 1 );\n"
                }
            ]
        }
    ],
    "section": "Developers",
    "category": "Extending"
}