{
    "product_name": "WPForms",
    "document_id": 345,
    "document_name": "How to Hide Field Labels in Entry Views and Notifications",
    "document_url": "https://wpforms.com/developers/how-to-hide-field-labels-in-entry-views-and-notifications/",
    "author": "Umair Majeed",
    "reviewer": "Dimitris Mitsis",
    "date": "Updated: Sep 23, 2024, 17:12 PM",
    "version": "1.0",
    "title": "How to Hide Field Labels in Entry Views and Notifications",
    "content": [
        {
            "subtitle": "Adding the Code Snippet",
            "content": [
                {
                    "text": "To hide field labels, you'll need to add a custom code snippet to your site. If you need help adding custom code, please see our tutorial on adding code snippets ."
                },
                {
                    "url": "https://wpforms.com/developers/how-to-add-custom-php-or-javascript-for-wpforms/"
                },
                {
                    "text": "The code snippet shown below hides the label for Content fields in the print view of a single entry:"
                },
                {
                    "code": "\n/*\n * Hide Field Labels in Entry Views and Notifications.\n *\n * @link https://wpforms.com/developers/how-to-hide-field-labels-in-entry-views-and-notifications\n *\n */\nfunction wpf_hide_field_label( $field_label, $field, $form_data, $context ) {\n\n\tif ( $context !== 'single-print' ) { \n\t\treturn $field_label;\n\t}\n\n\t$field_type = ! empty( $field['type'] ) ? $field['type'] : '';\n\n\tif ( $field_type === 'content' ) {\n\t\t$field_label = ''; // Leave this empty to hide the label value\n\t}\n\n\treturn $field_label;\n}\n\nadd_filter( 'wpforms_html_field_name', 'wpf_hide_field_label', 10, 4 );\n"
                }
            ]
        },
        {
            "subtitle": "Customizing the Snippet",
            "content": [
                {
                    "text": "You can modify this snippet to suit your specific needs:"
                },
                {
                    "text": "1. To apply the changes to a different area, change the $context value. Available options are:"
                },
                {
                    "text": "single-print : Single entry print view"
                },
                {
                    "text": "single-entry : Single entry view"
                },
                {
                    "text": "email-html : Email notifications"
                },
                {
                    "text": "2. To target different field types, modify the field_type value. Available options are:"
                },
                {
                    "text": "content"
                },
                {
                    "text": "html"
                },
                {
                    "text": "divider"
                },
                {
                    "text": "pagebreak"
                },
                {
                    "text": "And that's it! You've now successfully hid the labels for non-input fields while showing the content."
                }
            ]
        }
    ],
    "section": "Developers",
    "category": "Notifications"
}