{
    "product_name": "WPForms",
    "document_id": 49,
    "document_name": "How to Restrict Coupons by Amount",
    "document_url": "https://wpforms.com/developers/how-to-restrict-coupons-by-amount/",
    "author": "Editorial Team",
    "reviewer": "Molly Tyler",
    "date": "Updated: Oct 25, 2023, 16:39 PM",
    "version": "1.0",
    "title": "How to Restrict Coupons by Amount",
    "content": [
        {
            "subtitle": "Introduction",
            "content": [
                {
                    "text": "Are you interested in how to restrict coupons based on a specified amount? This tutorial will guide you through the process of utilizing a PHP action to prevent coupons from being processed when their value is below a set threshold."
                },
                {
                    "text": "By default, you have the option to create coupons in either a percentage or flat rate format for any amount. However, what if you mistakenly input .75 instead of 75% ? This small code snippet can help you avoid such errors in form submissions, and we'll walk you through the process in this tutorial."
                },
                {
                    "text": "To learn more about using coupons, please review this helpful guide ."
                },
                {
                    "url": "https://wpforms.com/docs/coupons-addon/"
                }
            ]
        },
        {
            "subtitle": "Creating the coupon",
            "content": [
                {
                    "text": "To start, let's create a coupon. In this tutorial, we'll create a coupon with a flat rate fee of .75 , even though our intention is to set it at 75% . This is just for demonstration purposes and to highlight how the snippet we'll be adding can help with validation."
                },
                {
                    "text": "To create a new coupon, navigate to WPForms \" Payments \" Coupons and click Add New Coupon . Inside the Name field, give your coupon a name that makes sense to you for organizational purposes."
                },
                {
                    "text": "Next, in the Code field you can either manually enter a coupon code or click the Generate Code button to allow WPForms to create this code for you. Inside the Amount field, enter .75 and from the dropdown, be sure to select the currency symbol."
                },
                {
                    "text": "By selecting the currency symbol, you're utilizing the flat rate discount rather than a percentage."
                },
                {
                    "text": "For this tutorial, we're not going to set a date or time so we'll scroll down and select the forms we want to use this coupon for and then click Save Coupon to save your changes."
                },
                {
                    "image_link": "https://wpforms.com/wp-content/uploads/2023/10/wpforms-coupon-field-validation-create-coupon.jpg"
                }
            ]
        },
        {
            "subtitle": "Creating the form",
            "content": [
                {
                    "text": "Now that the coupon is set up, it's time to create the form. For any assistance in how to create forms, please take a look at this step-by-step guide ."
                },
                {
                    "url": "https://wpforms.com/docs/creating-first-form/"
                },
                {
                    "image_link": "https://wpforms.com/wp-content/uploads/2023/10/wpforms-coupon-field-validation-create-form.jpg"
                },
                {
                    "text": "Once we've added the Coupon field, you'll notice that the coupon is already assigned."
                },
                {
                    "image_link": "https://wpforms.com/wp-content/uploads/2023/10/wpforms-allowed-coupons.jpg"
                }
            ]
        },
        {
            "subtitle": "Adding the snippet",
            "content": [
                {
                    "text": "Now it's time to add the snippet. If you need any help in how and where to add snippets, please review this tutorial ."
                },
                {
                    "url": "https://wpforms.com/developers/how-to-add-custom-php-or-javascript-for-wpforms/"
                },
                {
                    "code": "\n/*\n * Do not allow to submit coupons lower than 1.00.\n *\n * @link https://wpforms.com/developers/how-to-restrict-coupons-by-amount/\n*/\n \nfunction wpf_discard_low_coupons( $field_id, $field_submit, $form_data ) {\n \n    $coupon = wpforms_coupons()->get( 'repository' )->get_coupon_by_code( $field_submit );\n \n    if ( $coupon === null ) {\n        return;\n    }\n \n    $currency = wpforms_get_currency();\n \n    if ( $coupon->get_discount_type() === 'flat' && (float) $coupon->get_discount_amount() <= 1.00 ) {\n        wpforms()->get( 'process' )->errors[ $form_data[ 'id' ] ][ $field_id ] = sprintf( /* translators: %s - Currency code name. */\n            esc_html__( 'Coupon amount is less that 1.00 %s. Please, use another one.', 'your-translation-domain' ),\n            $currency\n        );\n    }\n}\nadd_action( \"wpforms_process_validate_payment-coupon\", 'wpf_discard_low_coupons', 10, 3 );\n"
                },
                {
                    "text": "And that's all you need, whenever a visitor uses that coupon they will not be able to submit the form."
                },
                {
                    "image_link": "https://wpforms.com/wp-content/uploads/2023/10/wpforms-restrict-coupon-error.jpg"
                }
            ]
        },
        {
            "subtitle": "Related",
            "content": [
                {
                    "text": "Action Reference: wpforms_process_validate_payment-coupon"
                },
                {
                    "url": "https://wpforms.com/developers/wpforms_process_validate_payment-coupon/"
                }
            ]
        }
    ],
    "section": "Developers",
    "category": "Tutorials"
}