{
    "product_name": "WPForms",
    "document_id": 75,
    "document_name": "Customizing Multiple Choice Field Columns on Mobile Devices",
    "document_url": "https://wpforms.com/developers/customizing-multiple-choice-field-columns-on-mobile-devices/",
    "author": "David Ozokoye",
    "reviewer": "Dimitris Mitsis",
    "date": "Updated: Aug 25, 2024, 23:44 PM",
    "version": "1.0",
    "title": "Customizing Multiple Choice Field Columns on Mobile Devices",
    "content": [
        {
            "subtitle": "Introduction",
            "content": [
                {
                    "text": "Would you like to customize the number of columns displayed on mobile view for multiple-choice fields? By default, multiple-choice fields in WPForms display as single columns. However, you'll be able to customize it with a custom CSS snippet."
                },
                {
                    "text": "In this tutorial, we'll show you how to use a 2-column display on mobile view for WPForms multi-choice (Checkboxes and Multiple Choice) fields."
                }
            ]
        },
        {
            "subtitle": "Creating Your Form",
            "content": [
                {
                    "text": "To follow along with this tutorial, you'll need to create a new form or edit an existing one to access the form builder. In the form builder, be sure to add either the Checkboxes or Multiple Choice field to your form."
                },
                {
                    "url": "https://wpforms.com/docs/creating-first-form/"
                },
                {
                    "url": "https://wpforms.com/developers/how-to-customize-the-checkbox-field-styles/"
                },
                {
                    "url": "https://wpforms.com/developers/how-to-customize-the-multiple-choice-field-styles/"
                },
                {
                    "text": "After that, click on the multiple-choice field to access its Field Options panel. Then, navigate to the Advanced tab."
                },
                {
                    "image_link": "https://wpforms.com/wp-content/uploads/2024/08/advanced-tab.png"
                },
                {
                    "text": "Here, select the Choice Layout option and choose the Two Columns option."
                },
                {
                    "image_link": "https://wpforms.com/wp-content/uploads/2024/08/select-2-column-layout.png"
                },
                {
                    "text": "When you view your form, it'll display 2-columns for the Checkboxes or Multiple Choice field. However, on mobile devices, it will display each choice in a single column."
                },
                {
                    "image_link": "https://wpforms.com/wp-content/uploads/2024/08/mobile-view.png"
                },
                {
                    "text": "In this tutorial, we'll show you how to use custom CSS to force Multiple Choice and Checkboxes fields to retain column layout on a mobile display."
                }
            ]
        },
        {
            "subtitle": "Adding the Snippet",
            "content": [
                {
                    "text": "To begin, we're going to add the snippet to the site first. If you need any help with how and where to add snippets, please be sure to review this helpful documentation ."
                },
                {
                    "url": "https://wpforms.com/developers/how-to-add-custom-php-or-javascript-for-wpforms/"
                },
                {
                    "code": "\n/**\n * Customizing Multiple Choice Field Column on Mobile Display\n *\n * @link   https://wpforms.com/developers/customizing-multiple-choice-field-columns-on-mobile-devices/\n */\n \n /* Checkboxes and Radio Buttons */\n @media screen and (max-width: 600px) {\n    /* Target both checkbox and radio fields */\n    #wpforms-form-2525 .wpforms-field-checkbox ul,\n    #wpforms-form-2525 .wpforms-field-radio ul {\n        display: flex;\n        flex-wrap: wrap;\n        margin: 0; /* Reset any default margins */\n        padding: 0; /* Reset any default padding */\n    }\n\n    /* Target list items in 2-column layouts */\n    #wpforms-form-2525 .wpforms-list-2-columns ul li {\n        width: calc(50% - var(--wpforms-field-size-input-spacing));\n        margin-right: var(--wpforms-field-size-input-spacing);\n        box-sizing: border-box; /* Ensure padding doesn't affect width */\n    }\n\n    /* Remove margin from every second item to prevent overflow */\n    #wpforms-form-2525 .wpforms-list-2-columns ul li:nth-child(2n) {\n        margin-right: 0;\n    }\n}\n"
                },
                {
                    "text": "Be sure to replace #wpforms-form-2525 with the ID of the specific form to which you wish to apply these changes. See our tutorial to learn how to retrieve Form ID and Field ID if you need help with it."
                },
                {
                    "url": "https://wpforms.com/developers/how-to-locate-form-id-and-field-id/"
                },
                {
                    "text": "This snippet will ensure that Checkboxes and Multiple Choice fields that use the 2-column layout retain the layout on mobile view."
                },
                {
                    "image_link": "https://wpforms.com/wp-content/uploads/2024/08/2-column-mobile.png"
                },
                {
                    "text": "That's it! Now you've learned how to customize column layout for multi-choice (Checkboxes and Multiple Choice) fields on mobile view."
                },
                {
                    "text": "Want to learn more ways to customize WPForms fields? Check out our tutorial on adding a Select All option to Checkboxes field in WPForms ."
                },
                {
                    "url": "https://wpforms.com/developers/how-to-add-a-select-all-option-to-a-checkbox-form-field/"
                }
            ]
        }
    ],
    "section": "Developers",
    "category": "Tutorials"
}