{
    "product_name": "WPForms",
    "document_id": 312,
    "document_name": "Using Form Tags",
    "document_url": "https://wpforms.com/docs/using-form-tags-in-wpforms/",
    "author": "Umair Majeed",
    "reviewer": "David Ozokoye",
    "date": "Updated: Sep 9, 2024",
    "version": "1.0",
    "title": "Using Form Tags",
    "content": [
        {
            "subtitle": "Viewing Your Forms",
            "content": [
                {
                    "text": "WPForms makes it easy to view all your forms in the WordPress admin area. To view them, click WPForms \" All Forms in the WordPress side menu. This will take you to the Forms Overview page where you can view and manage all the forms you've created."
                },
                {
                    "image_link": "https://wpforms.com/wp-content/uploads/2022/06/accessing-forms-overview-page.png"
                },
                {
                    "text": "In the following section, we'll cover how to enable form tags."
                }
            ]
        },
        {
            "subtitle": "Enabling Form Tags",
            "content": [
                {
                    "text": "Once you've accessed the Forms Overview page, click the Settings icon to view all available options."
                },
                {
                    "image_link": "https://wpforms.com/wp-content/uploads/2023/12/click-settings-icon-1024x545.png"
                },
                {
                    "text": "To enable form tags and include this column in the table, check the box next to Tags ."
                },
                {
                    "image_link": "https://wpforms.com/wp-content/uploads/2024/09/enable-tags-1024x630.png"
                },
                {
                    "text": "After selecting the Tags option, go ahead and click the Save Changes button to save the changes."
                },
                {
                    "image_link": "https://wpforms.com/wp-content/uploads/2024/09/save-changes-1024x634.png"
                },
                {
                    "text": "Once you've enabled form tags, a Tags column will be added to the Forms Overview table."
                },
                {
                    "image_link": "https://wpforms.com/wp-content/uploads/2022/06/form-tags-column.png"
                },
                {
                    "text": "In the next section, we'll cover how to add tags to your forms."
                }
            ]
        },
        {
            "subtitle": "Adding Tags to Your Forms",
            "content": [
                {
                    "text": "To add a tag to a form, hover over the form in the table, then click the Edit link in the Tags column."
                },
                {
                    "image_link": "https://wpforms.com/wp-content/uploads/2022/06/click-edit-link.png"
                },
                {
                    "text": "Next, click on the dropdown menu that appears and enter your desired name for the tag. For example, we'll name our tag \"Contact.\""
                },
                {
                    "image_link": "https://wpforms.com/wp-content/uploads/2022/06/add-name-for-tag.png"
                },
                {
                    "text": "After you've added a name for your tag, press the Enter or comma (,) key on your keyboard to temporarily store the tag. Pressing either of these keys also moves the cursor to the next line, allowing you to add additional tags to a form."
                },
                {
                    "text": "For our example, we'll go ahead and add a second tag to our form titled \"Leads.\" Then, we'll press the Enter or comma (,) key once more to store the tag."
                },
                {
                    "image_link": "https://wpforms.com/wp-content/uploads/2022/06/add-a-second-tag-1.png"
                },
                {
                    "text": "Once you've added a tag or multiple tags to your form, you'll need to click the green checkmark to permanently save the changes."
                },
                {
                    "image_link": "https://wpforms.com/wp-content/uploads/2022/06/click-green-checkmark.png"
                },
                {
                    "text": "If you prefer not to save the tags and would like to exit the tag editor, click the X icon to cancel."
                },
                {
                    "image_link": "https://wpforms.com/wp-content/uploads/2022/06/click-cancel-icon.png"
                },
                {
                    "text": "All tags you've added to your forms will now appear in the Tags column of the Forms Overview table."
                },
                {
                    "image_link": "https://wpforms.com/wp-content/uploads/2022/06/saved-form-tags-1.png"
                },
                {
                    "text": "Next, we'll show you how to manage your form tags."
                }
            ]
        },
        {
            "subtitle": "Managing Form Tags",
            "content": [
                {
                    "text": "When you add at least one tag to any of your forms, a Manage Tags button will appear at the top of the Forms Overview table. Go ahead and click this button to manage all tags you've added to your forms."
                },
                {
                    "image_link": "https://wpforms.com/wp-content/uploads/2022/06/click-manage-tags-button.png"
                },
                {
                    "text": "After clicking the Manage Tags button, a modal window will appear where you have the option to delete tags you're no longer using."
                },
                {
                    "image_link": "https://wpforms.com/wp-content/uploads/2022/06/manage-tags-modal.png"
                },
                {
                    "text": "In the modal, you can click on the tag(s) you'd like to select for deletion."
                },
                {
                    "image_link": "https://wpforms.com/wp-content/uploads/2022/06/select-tag-to-delete.png"
                },
                {
                    "text": "When you're ready to delete the tag(s) go ahead and click the Delete Tags button."
                },
                {
                    "image_link": "https://wpforms.com/wp-content/uploads/2022/06/click-delete-tags-button.png"
                },
                {
                    "text": "Note: Deleting a tag will remove it from all forms that are using the tag but will not delete the forms themselves."
                },
                {
                    "text": "After you've deleted your selected tag(s), a new modal window will appear confirming the deletion. However, to update the tags in the Forms Overview table you'll need to click the Refresh button."
                },
                {
                    "image_link": "https://wpforms.com/wp-content/uploads/2022/06/click-to-refresh-page.png"
                }
            ]
        },
        {
            "subtitle": "Removing Tags From a Form",
            "content": [
                {
                    "text": "If you'd like to remove a tag from a single form, hover over the form in the Forms Overview table and click the Edit link under the Tags column."
                },
                {
                    "image_link": "https://wpforms.com/wp-content/uploads/2022/06/click-edit-to-mange-tags.png"
                },
                {
                    "text": "Now you'll see the tag editor with a list of tags you've added to the form. To remove a tag from the form, go ahead and click the X icon located next to the name of the tag."
                },
                {
                    "image_link": "https://wpforms.com/wp-content/uploads/2022/06/click-x-icon-to-remove-tag-1.png"
                },
                {
                    "text": "Note: This will only remove the tag from the selected form and won't remove it from other forms that are using the same tag."
                },
                {
                    "text": "Once you've removed the tag(s), click the green checkmark to save the changes."
                },
                {
                    "image_link": "https://wpforms.com/wp-content/uploads/2022/06/click-green-checkmark-after-removing-tag.png"
                },
                {
                    "text": "Next, we'll cover how you can edit tags for multiple forms at once."
                }
            ]
        },
        {
            "subtitle": "Bulk Editing Form Tags",
            "content": [
                {
                    "text": "To edit tags for multiple forms at once, click the Bulk actions dropdown located at the top of the Forms Overview table."
                },
                {
                    "image_link": "https://wpforms.com/wp-content/uploads/2022/06/click-bulk-actions-dropdown.png"
                },
                {
                    "text": "Then, select Edit Tags from the list of dropdown items."
                },
                {
                    "image_link": "https://wpforms.com/wp-content/uploads/2022/06/select-edit-tags-option.png"
                },
                {
                    "text": "After that, check the box next to each form you'd like to include in your bulk edit."
                },
                {
                    "image_link": "https://wpforms.com/wp-content/uploads/2022/06/checkboxes-for-bulk-editing-3.png"
                },
                {
                    "text": "Next, click the Apply button to edit the tags for the forms you've selected."
                },
                {
                    "image_link": "https://wpforms.com/wp-content/uploads/2022/06/click-apply-button-for-bulk-changes-2.png"
                },
                {
                    "text": "You'll now see the bulk editor appear with your selected forms on the left side. On the right, you'll see all the tags you've added to these forms."
                },
                {
                    "image_link": "https://wpforms.com/wp-content/uploads/2022/06/bulk-edit-tags-screen.png"
                },
                {
                    "text": "We'll add a new tag to the 2 forms we've selected. To do this, click the dropdown under the Tags column and type the name of your tag. For this example, we'll name our tag \"Marketing.\""
                },
                {
                    "text": "Once you've named the tag, be sure to press the Enter or comma (,) key on your keyboard to store the tag."
                },
                {
                    "image_link": "https://wpforms.com/wp-content/uploads/2022/06/add-marketing-tag.png"
                },
                {
                    "text": "Then, click the Update button to apply the changes."
                },
                {
                    "image_link": "https://wpforms.com/wp-content/uploads/2022/06/click-update-to-apply-bulk-edits.png"
                },
                {
                    "text": "Now when you return to the Forms Overview page, you'll see that the Marketing tag has been added to the 2 forms we selected for bulk editing."
                },
                {
                    "image_link": "https://wpforms.com/wp-content/uploads/2022/06/bulk-edits-applied-to-tags-column.png"
                },
                {
                    "text": "In the next section, we'll show you how to filter forms by tag so you can easily view all forms that contain a specific tag."
                }
            ]
        },
        {
            "subtitle": "Filtering Forms by Tag",
            "content": [
                {
                    "text": "Using the filter option is an easy way to view all the forms you've added specific tags to. To do this, start by clicking the All Tags dropdown at the top of the Forms Overview table."
                },
                {
                    "image_link": "https://wpforms.com/wp-content/uploads/2022/06/click-all-tags-dropdown.png"
                },
                {
                    "text": "Then, select the tag(s) that you'd like to include in the filter. For our example, we'll select our Leads tag."
                },
                {
                    "image_link": "https://wpforms.com/wp-content/uploads/2022/06/select-tag-from-dropdown.png"
                },
                {
                    "text": "Once you've selected 1 or more tags, click the Filter button to apply the filter."
                },
                {
                    "image_link": "https://wpforms.com/wp-content/uploads/2022/06/click-filter-button.png"
                },
                {
                    "text": "Now in the Forms Overview table, you'll only see the forms that include the tag(s) you've applied to the filter. In our example, we'll only see forms that include the Leads tag."
                },
                {
                    "image_link": "https://wpforms.com/wp-content/uploads/2022/06/form-table-with-tags-filter-1.png"
                },
                {
                    "text": "Next, we'll cover how to edit tags directly from the form builder."
                }
            ]
        },
        {
            "subtitle": "Editing Tags in the Form Builder",
            "content": [
                {
                    "text": "First, open the form builder for the form that you'd like to edit and go to Settings \" General ."
                },
                {
                    "image_link": "https://wpforms.com/wp-content/uploads/2022/06/form-builder-general-settings.png"
                },
                {
                    "text": "Then, scroll down to the Tags section. From here you can click on the X icon if you'd like to remove any of the tags that you've already added."
                },
                {
                    "image_link": "https://wpforms.com/wp-content/uploads/2022/06/click-x-icon-to-delete-tag.png"
                },
                {
                    "text": "To add a new tag, type the tag name and press the Enter or comma (,) key on your keyboard to store the tag. For this example, we'll add a new tag named \"Inquiries.\""
                },
                {
                    "image_link": "https://wpforms.com/wp-content/uploads/2022/06/add-tag-directly-in-form-builder.png"
                },
                {
                    "text": "Once you've made any changes to the tags, be sure to click the Save button at the top of the form builder."
                },
                {
                    "image_link": "https://wpforms.com/wp-content/uploads/2022/06/click-save-button.png"
                },
                {
                    "text": "That's it! Now you know how to use form tags in WPForms."
                },
                {
                    "text": "Next, would you like to see where WordPress forms are currently active on your site? Be sure to check out our tutorial on using the Form Locator in WPForms to learn how."
                },
                {
                    "url": "https://wpforms.com/docs/how-to-use-the-forms-locator-in-wpforms/"
                }
            ]
        }
    ],
    "section": "Documentation",
    "category": "Form Management"
}