{
    "product_name": "WPForms",
    "document_id": 163,
    "document_name": "How to Customize WPForms Section Divider Using CSS",
    "document_url": "https://wpforms.com/developers/how-to-customize-wpforms-section-divider-using-css/",
    "author": "Editorial Team",
    "reviewer": "Molly Tyler",
    "date": "Updated: Jul 7, 2023, 08:18 AM",
    "version": "1.0",
    "title": "How to Customize WPForms Section Divider Using CSS",
    "content": [
        {
            "subtitle": "Overview",
            "content": [
                {
                    "text": "Would you like to customize WPForms Section Divider form field? Using a little CSS you can change the style of not just the divider itself but also the text that is used with the divider. In this article, we'll walk you through the steps needed to customize the styling of the Section Divider form field."
                }
            ]
        },
        {
            "subtitle": "Creating the form",
            "content": [
                {
                    "text": "To begin, we'll start by creating a form, adding our fields, and then breaking up these fields with the Section Divider ."
                },
                {
                    "text": "If you need any assistance in creating your form, please see this documentation ."
                },
                {
                    "url": "https://wpforms.com/docs/creating-first-form/"
                },
                {
                    "text": "For the purpose of this documentation, we're creating a form that will capture personal information, medical history, and primary insurance information. Because the form will be so long we want to break it up into sections that clearly define what each section is and to do that, we're going to use Section Dividers to break up the form."
                },
                {
                    "image_link": "https://wpforms.com/wp-content/uploads/2021/07/wpforms-default-styling-section-divider.jpg 1276w, https://wpforms.com/wp-content/uploads/2021/07/wpforms-default-styling-section-divider-300x245.jpg 300w, https://wpforms.com/wp-content/uploads/2021/07/wpforms-default-styling-section-divider-1024x836.jpg 1024w, https://wpforms.com/wp-content/uploads/2021/07/wpforms-default-styling-section-divider-768x627.jpg 768w"
                },
                {
                    "text": "To learn more about Section Dividers , please check out this documentation ."
                },
                {
                    "url": "https://wpforms.com/docs/how-to-choose-the-right-form-field-for-your-forms/#section-divider"
                }
            ]
        },
        {
            "subtitle": "Adding the CSS",
            "content": [
                {
                    "text": "Now it's time to add the CSS that will customize the style of the Section Divider ."
                },
                {
                    "text": "For help in adding CSS to your site, please review this tutorial ."
                },
                {
                    "url": "https://wpforms.com/developers/how-to-add-custom-css-styles-for-wpforms/"
                },
                {
                    "code": "\nform#wpforms-form-220 .wpforms-field-divider h3 {\n    color: #ffffff;\n    text-align: center;\n    font-size: 30px;\n    text-transform: uppercase;\n}\n\nform#wpforms-form-220 .wpforms-field-divider {\n    padding: 20px;\n    background-color: #e27730;\n    border-radius: 3px;\n}\n"
                },
                {
                    "text": "We're targeting the form ID 220 . You'll need to update this ID to match your own form ID. For assistance in finding your this ID, please review this tutorial ."
                },
                {
                    "url": "https://wpforms.com/developers/how-to-locate-form-id-and-field-id/"
                },
                {
                    "text": "Now with the CSS added, our Section Divider has a completely different look and feel."
                },
                {
                    "image_link": "https://wpforms.com/wp-content/uploads/2021/07/wpforms-custom-styling-section-divider.jpg"
                },
                {
                    "text": "And that's all you need to customize the Section Divider . Would you like to also customize the style of Checkbox items? Take a look at our article on How to Customize Checkbox and Radio Fields to Look Like Buttons ."
                },
                {
                    "url": "https://wpforms.com/developers/how-to-customize-checkbox-and-radio-fields-to-look-like-buttons/"
                }
            ]
        },
        {
            "subtitle": "FAQ",
            "content": []
        },
        {
            "subtitle": "Q: What if I wanted to make this change for all of my forms?",
            "content": [
                {
                    "text": "A: To use this CSS for all WPForms, just add your CSS to your site and remove the prefixed form ID."
                },
                {
                    "code": "\n.wpforms-field-divider h3 {\n    color: #ffffff !important;\n    text-align: center !important;\n    font-size: 30px !important;\n    text-transform: uppercase !important;\n}\n\n.wpforms-field-divider {\n    padding: 20px !important;\n    background-color: #e27730 !important;\n    border-radius: 3px !important;\n}\n"
                }
            ]
        }
    ],
    "section": "Developers",
    "category": "Snippets"
}