{
    "product_name": "WPForms",
    "document_id": 255,
    "document_name": "How to Set a Minimum Number of Choices for a Checkbox",
    "document_url": "https://wpforms.com/developers/how-to-set-a-minimum-number-of-choices-for-a-checkbox/",
    "author": "Umair Majeed",
    "reviewer": "Dimitris Mitsis",
    "date": "Updated: Aug 20, 2024, 17:14 PM",
    "version": "1.0",
    "title": "How to Set a Minimum Number of Choices for a Checkbox",
    "content": [
        {
            "subtitle": "Introduction",
            "content": [
                {
                    "text": "Would you like to set a minimum number of choices for your Checkbox form field? Currently, you can already set a maximum number of choices by this tutorial. However, did you know using a small PHP code snippet that you can also set a minimum number for these choices as well? In this tutorial, we'll walk you through the steps on how to set up your Checkbox form field to require a minimum number of selections."
                },
                {
                    "url": "https://wpforms.com/docs/how-to-limit-the-number-of-checkboxes-selections/"
                }
            ]
        },
        {
            "subtitle": "Creating the form",
            "content": [
                {
                    "text": "To begin, we'll need to create a new form and add at least one Checkbox form field to this form."
                },
                {
                    "text": "If you need assistance in creating a form, please review this documentation."
                },
                {
                    "url": "https://wpforms.com/docs/creating-first-form/"
                },
                {
                    "image_link": "https://wpforms.com/wp-content/uploads/2020/11/wpforms-min-number-choices-checkbox.jpg"
                }
            ]
        },
        {
            "subtitle": "Adding the snippet to set a minimum number",
            "content": [
                {
                    "text": "To set a minimum number of choices, you'll need to add this code snippet to your site."
                },
                {
                    "text": "If you need any assistance in adding code snippets to your site, please review this tutorial."
                },
                {
                    "url": "https://wpforms.com/developers/how-to-add-custom-php-or-javascript-for-wpforms/"
                },
                {
                    "code": "\n/**\n * Set minimum number of choices for a checkbox for the field\n *\n * @link https://wpforms.com/developers/how-to-set-a-minimum-number-of-choices-for-a-checkbox/\n */\n \nfunction wpf_checkbox_validation( $field_id, $field_submit, $form_data ) {\n          \n    $field_submit  = (array) $field_submit;\n  \n    // Make sure we have an array of choices and count the number of choices.\n    $count_choices = is_array( $field_submit ) ? count( $field_submit ) : 0;\n  \n    if ( $count_choices < 2 ) {\n        wpforms()->process->errors[ $form_data[ 'id' ] ][ $field_id ] = esc_html__( 'Please select at least 2 options', 'your-text-domain' );\n    }\n  \n}\n  \nadd_action( 'wpforms_process_validate_checkbox', 'wpf_checkbox_validation', 10, 3 );\n"
                },
                {
                    "text": "In the code above, any checkbox will require a minimum of two choices."
                },
                {
                    "text": "If a visitor selects any choices that are less than two a message will display under the Checkbox field when the form is submitted."
                },
                {
                    "image_link": "https://wpforms.com/wp-content/uploads/2020/11/wpforms-checkbox-minimum.jpg"
                }
            ]
        },
        {
            "subtitle": "Setting a limit for multi-page forms",
            "content": [
                {
                    "text": "When using multi-page forms, you may not want to wait for the form submission before displaying the error."
                },
                {
                    "text": "Note: For assistance in setting up multi-page forms, please see this documentation ."
                },
                {
                    "url": "https://wpforms.com/docs/how-to-create-multi-page-forms-in-wpforms/"
                },
                {
                    "text": "You can easily show a warning message under the Checkbox field when the Next button is clicked for multi-page forms."
                },
                {
                    "text": "To use this option, simply add this code snippet to your site instead."
                },
                {
                    "code": "\n/**\n * Set minimum number of choices for a checkbox form field\n *\n * @link https://wpforms.com/developers/how-to-set-a-minimum-number-of-choices-for-a-checkbox-field/\n */\nfunction wpf_dev_min_checkbox() {\n    ?>\n    <script type=\"text/javascript\">\n    jQuery(document).ready(function($) {\n        var checkbox_forms = [\n            {form_id: 1000, min_count: 2, field_ids: [10,9]},\n        ];\n\n        $('[id^=wpforms-] input[type=checkbox]').on('click', function(e){\n            var this_form_id = $(this).closest('form').data(\"formid\");\n            var checkbox_form_ids = checkbox_forms.map(form => form.form_id);\n\n            if (checkbox_form_ids.includes(this_form_id)){\n                var checkbox_container = $(this).closest(\".wpforms-field-checkbox\");\n                var checkbox_container_field_id = checkbox_container.data(\"field-id\");\n                \n                checkbox_forms.forEach(function(form) {\n                    if (this_form_id == form.form_id){\n                        var min_value = form.min_count;\n                        var field_ids_array = form.field_ids;\n                        if (field_ids_array.includes(checkbox_container_field_id)){\n                            validate_checkbox_min(e, checkbox_container, min_value);\n                        }\n                    }\n                });\n            }\n        });\n\n        function validate_checkbox_min(e, checkbox_container, min){\n            var minMaxSelection = checkbox_container.find('input[type=checkbox]:checked');\n            var this_field = $('[id^=wpforms-' + checkbox_container.data(\"field-id\") + '-field_' + checkbox_container.data(\"field-id\") + '-container]');\n            var warning_id = 'wpforms-' + checkbox_container.data(\"field-id\") + '-warning';\n\n            $(\"#\" + warning_id).remove();\n            if (minMaxSelection.length > 0 && minMaxSelection.length < min) {\n                e.stopPropagation();\n                this_field.addClass(\"wpforms-error\");\n                this_field.removeClass(\"wpforms-valid\");\n                this_field.attr('aria-invalid', 'true');\n                checkbox_container.addClass(\"wpforms-has-error\");\n                checkbox_container.append('<em id=\"' + warning_id + '\" class=\"wpforms-error\" role=\"alert\" aria-label=\"Error message\" for=\"\">Please select at least ' + min + ' options</em>');\n            } else {\n                this_field.removeClass(\"wpforms-error\");\n                this_field.addClass(\"wpforms-valid\");\n                this_field.attr('aria-invalid', 'false');\n                checkbox_container.removeClass(\"wpforms-has-error\");\n            }\n        }\n    });\n    </script>\n    <?php\n}\nadd_action('wpforms_wp_footer_end', 'wpf_dev_min_checkbox');\n"
                },
                {
                    "text": "This code snippet will target the form ID 1000 and when the Next button is clicked the snippet will first check to see how many choices are selected for the field ID 10 and 9 , and if it's less than two, will show an alert message in the browser."
                },
                {
                    "text": "And that's all you need to set a minimum number of choices on your checkboxes. Would you like to customize the look of these checkboxes? Take a look at our article on How to Customize Checkbox and Radio Fields to Look Like Buttons ."
                },
                {
                    "url": "https://wpforms.com/developers/how-to-customize-checkbox-and-radio-fields-to-look-like-buttons/"
                }
            ]
        },
        {
            "subtitle": "Related",
            "content": [
                {
                    "text": "Action references:"
                },
                {
                    "text": "wpforms_process_validate_checkbox"
                },
                {
                    "text": "wpforms_wp_footer_end"
                },
                {
                    "url": "https://wpforms.com/developers/wpforms_process_validate_checkbox/"
                },
                {
                    "url": "https://wpforms.com/developers/wpforms_wp_footer_end/"
                }
            ]
        },
        {
            "subtitle": "FAQ",
            "content": []
        },
        {
            "subtitle": "Q: Can I use this only a specific form and a specific field ID?",
            "content": [
                {
                    "text": "A: Absolutely, to use this code on a specific form, use this code snippet:"
                },
                {
                    "code": "\n/**\n * Set minimum number of choices for a checkbox form field\n *\n * @link https://wpforms.com/developers/how-to-set-a-minimum-number-of-choices-for-a-checkbox/\n */\n \nfunction wpf_dev_checkbox_validation( $field_id, $field_submit, $form_data ) {\n     \n    // Change the number to match your form ID\n    if ( absint( $form_data[ 'id' ] ) !== 1289 ) {\n        return;\n    }\n     \n        $field_submit  = (array) $field_submit;\n \n        // Make sure we have an array of choices and count the number of choices.\n        $count_choices = is_array( $field_submit ) ? count( $field_submit ) : 0;\n \n        if ( $count_choices < 2 ) {\n            wpforms()->process->errors[ $form_data[ 'id' ] ][ $field_id ] = esc_html__( 'Please select at least 2 options', 'your-text-domain' );\n        }\n \n}\n \nadd_action( 'wpforms_process_validate_checkbox', 'wpf_dev_checkbox_validation', 10, 3 );\n"
                },
                {
                    "text": "If you would like to target a specific form and a specific field ID, use this code snippet."
                },
                {
                    "code": "\n/**\n * Set minimum number of choices for a checkbox form field\n *\n * @link https://wpforms.com/developers/how-to-set-a-minimum-number-of-choices-for-a-checkbox/\n */\n \nfunction wpf_dev_checkbox_validation( $field_id, $field_submit, $form_data ) {\n     \n    // Change the number to match your form ID\n    if ( absint( $form_data[ 'id' ] ) !== 1289 ) {\n        return $field_id;\n    }\n     \n    // Change this number to match the field ID\n    if (absint($field_id) === 15 ) {\n \n        $field_submit  = (array) $field_submit;\n \n        // Make sure we have an array of choices and count the number of choices.\n        $count_choices = is_array( $field_submit ) ? count( $field_submit ) : 0;\n \n        if ( $count_choices < 2 ) {\n            wpforms()->process->errors[ $form_data[ 'id' ] ][ $field_id ] = esc_html__( 'Please select at least 2 options', 'your-text-domain' );\n        }\n \n    }\n \n}\n \nadd_action( 'wpforms_process_validate_checkbox', 'wpf_dev_checkbox_validation', 10, 3 );\n\n"
                },
                {
                    "text": "Note: If you need any help in finding your form and field IDs, please review this tutorial ."
                },
                {
                    "url": "https://wpforms.com/developers/how-to-locate-form-id-and-field-id/"
                }
            ]
        },
        {
            "subtitle": "Q: Can this work for payment fields as well?",
            "content": [
                {
                    "text": "A: Absolutely! To use this for Payment Checkbox Items form field, use this snippet."
                },
                {
                    "code": "\n/**\n * Set minimum number of choices for a payment checkbox form field\n *\n * @link https://wpforms.com/developers/how-to-set-a-minimum-number-of-choices-for-a-checkbox/\n */\n \nfunction wpf_dev_limit_payment_field( $field_id, $field_submit, $form_data ) {\n     \n    $form_id = 731;  // Limit to form ID: Use 0 to target all forms\n    $fieldID = 21;  // Limit to field ID: Use 0 to target all checkbox fields\n    $min     = 2;  // Change the minimum amount\n    $max     = 5;  // Change the maximum amount\n \n    // Limit to specific form if {$form_id} is set\n    if ( absint( $form_data[ 'id' ] ) !== $form_id && !empty( $form_id )  ) {\n        return;\n    }\n \n    // Limit to specific field ID if {$fieldID} is set\n    if ( absint( $field_id ) !== $fieldID && !empty( $fieldID ) ) {\n        return;\n    }\n \n    // Make sure we have an array of choices and count the number of choices.           \n    $count = is_array( $field_submit ) ? count( $field_submit ) : 0;\n \n    // Process error if choices count is less than {$min} or greater than {$max}\n    if( count( $field_submit ) < $min ) {\n        wpforms()->process->errors[ $form_data[ 'id' ] ] [ $field_id ] = esc_html__( 'Please select a minimum of ' . $min .' choices.', 'your-text-domain' );\n \n        } elseif ( count( $field_submit ) > $max ) {\n        wpforms()->process->errors[ $form_data[ 'id' ] ] [ $field_id ] = esc_html__( 'Please select a maximum of ' . $max . ' choices.', 'your-text-domain' );\n    }\n \n}\nadd_action( 'wpforms_process_validate_payment-checkbox', 'wpf_dev_limit_payment_field', 10, 3 );\n\n"
                }
            ]
        }
    ],
    "section": "Developers",
    "category": "Tutorials"
}