{
    "product_name": "WPForms",
    "document_id": 409,
    "document_name": "How to Customize the Styles on the Email Template",
    "document_url": "https://wpforms.com/developers/how-to-customize-the-styles-on-the-email-template/",
    "author": "Editorial Team",
    "reviewer": "Molly Tyler",
    "date": "Updated: Mar 8, 2024, 15:11 PM",
    "version": "1.0",
    "title": "How to Customize the Styles on the Email Template",
    "content": [
        {
            "subtitle": "Creating your form",
            "content": [
                {
                    "text": "To begin, you'll need to create your form and add your fields. If you need any help in creating your form, please see this documentation ."
                },
                {
                    "url": "https://wpforms.com/docs/creating-first-form/"
                },
                {
                    "image_link": "https://wpforms.com/wp-content/uploads/2020/12/wpforms-create-your-form.jpg"
                },
                {
                    "text": "Looking for the Legacy template? This template was retired with the 1.8.5 version, however you can still enabled this should you choose. If you're looking for this email template, please review this tutorial ."
                },
                {
                    "url": "https://wpforms.com/developers/how-to-enable-legacy-email-template/"
                }
            ]
        },
        {
            "subtitle": "Altering the email messages using HTML",
            "content": [
                {
                    "text": "If you would like to add further customization to your email notifications by just bolding the labels in the email text, you can also do that easily by editing your form and on the Settings \" Notifications tab inside the form builder, change your Message field. You can replace the {all_fields} in your Message field to:"
                },
                {
                    "text": "<b>Name:</b> {field_id=\"0\"} <b>Email:</b> {field_id=\"1\"} <b>Message:</b> {field_id=\"2\"}"
                },
                {
                    "image_link": "https://wpforms.com/wp-content/uploads/2020/12/wpforms-add-html-notification.jpg"
                },
                {
                    "text": "We use Smart Tags in our Message field to build out this response. For further help on using completed form fields as Smart Tags, please review this tutorial ."
                },
                {
                    "url": "https://wpforms.com/docs/how-to-use-smart-tags-in-wpforms/#fieldid"
                },
                {
                    "image_link": "https://wpforms.com/wp-content/uploads/2020/09/Screen-Shot-on-2020-03-25-at-17-38-14.png"
                }
            ]
        },
        {
            "subtitle": "Customizing the email template",
            "content": [
                {
                    "text": "If you want to change the look of your WPForms email templates but find coding a bit intimidating, don't worry! There's a straightforward way to do this without diving too deep into technical details."
                },
                {
                    "text": "Imagine your email templates as the outfits your forms wear when they send messages. We can tweak these outfits by adjusting the template files in your child theme. For more information on how to create a child theme, please review this helpful guide !"
                },
                {
                    "url": "https://www.wpbeginner.com/wp-themes/how-to-create-a-wordpress-child-theme-video/"
                },
                {
                    "text": "Let's say you want to give a different background color to the Classic template. Here's what you do:"
                },
                {
                    "text": "Go to the Wardrobe: Look for the classic-style.php file in wp-content/plugins/wpforms/templates/emails/ ."
                },
                {
                    "text": "Copy and Paste: Take that file and put it in your child theme's wpforms/emails/ folder. It's like creating a customized closet for your forms. You will need to create this folder in your child theme."
                },
                {
                    "text": "Style it Up: Open the file you just pasted, and you can add any styles you want. Think of it like choosing accessories for your form's email."
                },
                {
                    "text": "Now, why is this cool? Any styles you add will be magically transformed into inline CSS for each email element. This ensures that your styles look great on different email platforms and devices."
                },
                {
                    "text": "But here's a pro tip: avoid using style tags in the head element; they might not work well everywhere. For more info, you can check out this resource ."
                },
                {
                    "url": "https://www.caniemail.com/features/html-style/"
                },
                {
                    "text": "Remember, this method may not work perfectly for some email clients like Outlook and Windows Mail . They can be a bit picky about recognizing certain styles."
                },
                {
                    "text": "If you're feeling fancy and want to tweak other templates, each has its own unique file in the wpforms/emails/ directory. Just copy, paste, and style away! For templates in the pro version, find them in wp-content/plugins/wpforms/pro/templates/emails/ and bring them to your child theme's email folder."
                },
                {
                    "text": "That's it! Now your forms are dressed in styles that match your taste, no coding degree required. \ud83c\udf1f"
                },
                {
                    "text": "Would you like to also change or remove the footer text completely? There is an easy way to do this with a small PHP snippet. Check out the snippet on How to Remove or Change Email Notification Footer Text ."
                },
                {
                    "url": "https://wpforms.com/developers/how-to-remove-or-change-email-notification-footer-text/"
                }
            ]
        }
    ],
    "section": "Developers",
    "category": "Extending"
}