{
    "product_name": "WPForms",
    "document_id": 46,
    "document_name": "wpforms_process_smart_tags",
    "document_url": "https://wpforms.com/developers/wpforms_process_smart_tags/",
    "author": null,
    "reviewer": null,
    "date": null,
    "version": "1.0",
    "title": "wpforms_process_smart_tags",
    "content": [
        {
            "subtitle": "Description",
            "content": [
                {
                    "text": "The wpforms_process_smart_tags filter is used to process Smart Tag(s) inside the WPForms form builder for areas such as labels, descriptions, HTML code blocks, etc."
                }
            ]
        },
        {
            "subtitle": "Parameters",
            "content": [
                {
                    "text": "$form_data: (array)Processed form settings/data, prepared to be used later."
                }
            ]
        },
        {
            "subtitle": "Source",
            "content": [
                {
                    "text": "wpforms/src/SmartTags/SmartTags.php"
                }
            ]
        },
        {
            "subtitle": "More Information",
            "content": [
                {
                    "text": "The filter is used to process Smart Tags inside other areas and form fields such as descriptions, labels, HTML code blocks, etc."
                }
            ]
        },
        {
            "subtitle": "Example",
            "content": [
                {
                    "code": "\n/**\n * Process Smart Tag.\n *\n * @link   https://wpforms.com/developers/wpforms_process_smart_tags/\n *\n * @param  array $form_data\n * @return array\n */\n\nfunction wpf_dev_process_smart_tags( $form_data ) {\n\n    // Run code snippet here\n\n}\nadd_filter( 'wpforms_process_smart_tags', 'wpf_dev_process_smart_tags', 10, 3 );\n\n\n"
                }
            ]
        },
        {
            "subtitle": "Reference Articles",
            "content": [
                {
                    "text": "How to Display Shortcodes Inside the Confirmation Message"
                },
                {
                    "text": "How to Process Smart Tags in Field Descriptions"
                },
                {
                    "text": "How to Process Smart Tags in HTML Fields"
                },
                {
                    "text": "How to Process Smart Tags in Checkbox Labels"
                },
                {
                    "text": "How to Create a Custom Smart Tag"
                },
                {
                    "text": "How to Use Smart Tags in Your WordPress Rewrite Rules"
                },
                {
                    "url": "https://wpforms.com/developers/how-to-display-shortcodes-inside-the-confirmation-message/"
                },
                {
                    "url": "https://wpforms.com/developers/how-to-process-smart-tags-in-field-descriptions/"
                },
                {
                    "url": "https://wpforms.com/developers/how-to-process-smart-tags-in-html-fields/"
                },
                {
                    "url": "https://wpforms.com/developers/process-smart-tags-in-checkbox-labels/"
                },
                {
                    "url": "https://wpforms.com/developers/how-to-create-a-custom-smart-tag/"
                },
                {
                    "url": "https://wpforms.com/developers/how-to-use-smart-tags-in-your-wordpress-rewrite-rules/"
                }
            ]
        }
    ],
    "section": "Developers",
    "category": "Filters Hooks"
}