{
    "product_name": "WPForms",
    "document_id": 250,
    "document_name": "How to Populate a Form Field from an Anchor Link",
    "document_url": "https://wpforms.com/developers/how-to-populate-a-form-field-from-an-anchor-link/",
    "author": "Editorial Team",
    "reviewer": "Molly Tyler",
    "date": "Updated: Apr 30, 2024, 14:30 PM",
    "version": "1.0",
    "title": "How to Populate a Form Field from an Anchor Link",
    "content": [
        {
            "subtitle": "Creating the form",
            "content": [
                {
                    "text": "First, let's create our form. It's a simple one with fields for Name , Email Address , Subject (Single Line Text), and Message (Paragraph Text)."
                },
                {
                    "text": "If you need guidance on making your form, check out this documentation ."
                },
                {
                    "url": "https://wpforms.com/docs/creating-first-form/"
                },
                {
                    "image_link": "https://wpforms.com/wp-content/uploads/2022/05/wpforms-anchor-link-population-new-form.jpg 1116w, https://wpforms.com/wp-content/uploads/2022/05/wpforms-anchor-link-population-new-form-300x188.jpg 300w, https://wpforms.com/wp-content/uploads/2022/05/wpforms-anchor-link-population-new-form-1024x640.jpg 1024w, https://wpforms.com/wp-content/uploads/2022/05/wpforms-anchor-link-population-new-form-768x480.jpg 768w"
                },
                {
                    "text": "Next, note down the ID numbers of your form and fields. You'll need them for the code snippet. If you're not sure how to find these IDs, refer to this tutorial ."
                },
                {
                    "url": "https://wpforms.com/developers/how-to-locate-form-id-and-field-id/"
                },
                {
                    "image_link": "https://wpforms.com/wp-content/uploads/2022/05/wpforms-anchor-link-population-field-id.jpg 1116w, https://wpforms.com/wp-content/uploads/2022/05/wpforms-anchor-link-population-field-id-300x188.jpg 300w, https://wpforms.com/wp-content/uploads/2022/05/wpforms-anchor-link-population-field-id-1024x640.jpg 1024w, https://wpforms.com/wp-content/uploads/2022/05/wpforms-anchor-link-population-field-id-768x480.jpg 768w"
                }
            ]
        },
        {
            "subtitle": "Setting up the form notifications",
            "content": [
                {
                    "text": "In this step, we'll make our Subject field automatically populate the Subject field in the Notifications tab of the form builder."
                },
                {
                    "text": "Simply go to the Notifications tab, and in the Subject field, type the text you want along with the field ID, just like you use Smart Tags elsewhere in the form builder."
                },
                {
                    "text": "For more details on using field IDs this way, check out this documentation ."
                },
                {
                    "url": "https://wpforms.com/docs/how-to-use-smart-tags-in-wpforms/#fieldid"
                },
                {
                    "text": "In our example, our field ID is 3 , so our Subject line will be: \"I'm interested in {field_id=\"3\u2033} cleaning for my company\"."
                },
                {
                    "image_link": "https://wpforms.com/wp-content/uploads/2022/05/wpforms-anchor-link-population-notifications.jpg"
                }
            ]
        },
        {
            "subtitle": "Setting up the anchor links",
            "content": [
                {
                    "text": "Next, let's create a new page on our site with anchor links and the form we just made."
                },
                {
                    "text": "If you need help understanding anchor links or creating them, check out this tutorial from WPBeginner ."
                },
                {
                    "url": "https://www.wpbeginner.com/beginners-guide/how-to-easily-add-anchor-links-in-wordpress-step-by-step/"
                },
                {
                    "text": "To create anchor links, simply type up your page content and use Headings in WordPress. In the Block Editor, select a Heading, go to the Advanced tab, and add the text you want to use for the anchor link. WordPress recommends keeping it short, with no spaces, or using hyphens for multiple words. For example, \"about-us\" for an About Us section."
                },
                {
                    "text": "For our tutorial, we'll have sections for Daily, Weekly, Monthly, and Quarterly."
                },
                {
                    "image_link": "https://wpforms.com/wp-content/uploads/2021/05/wpforms-add-anchor-links.jpg"
                },
                {
                    "text": "For each heading, we'll insert a one-word anchor link. For example, the Daily section will have the anchor link daily ."
                },
                {
                    "text": "Once we've added the anchor links, we'll select text in the content that will jump to each section when clicked and populate our form's Subject field."
                },
                {
                    "text": "To link text to the anchor links, we'll add a link as usual in WordPress. Select the text, click the chain icon, and instead of a full URL, add a pound sign and then the anchor link word. For example, #daily ."
                },
                {
                    "image_link": "https://wpforms.com/wp-content/uploads/2021/05/wpforms-add-internal-link.jpg"
                },
                {
                    "text": "WordPress will automatically assign each link a unique data-id based on the link name. So #daily will have a data-id of #daily ."
                },
                {
                    "text": "We'll do the same for the #weekly , #monthly , and #quarterly sections of our page."
                }
            ]
        },
        {
            "subtitle": "Populating the form with the anchor link text",
            "content": [
                {
                    "text": "Now it's time to add the snippet that will pull this all together. If you need any help in adding snippets to your site, please see this tutorial ."
                },
                {
                    "url": "https://wpforms.com/developers/how-to-add-custom-php-or-javascript-for-wpforms/"
                },
                {
                    "code": "\n/**\n * Populate field from anchor link.\n *\n * @link https://wpforms.com/developers/how-to-populate-a-form-field-from-an-anchor-link/\n */\n\nfunction wpf_dev_autofill_field() {\n?>\n<script type=\"text/javascript\">\n    jQuery(document).ready(function(){\n \u00a0 \u00a0 \u00a0 \u00a0jQuery( 'a[data-id=\"#daily\"]' ).click(function(){\n            document.getElementById( 'wpforms-378-field_3' ).value = \"daily cleaning\";\n        });  \n        jQuery( 'a[data-id=\"#weekly\"]' ).click(function(){\n            document.getElementById( 'wpforms-378-field_3' ).value = \"weekly cleaning\";\n        });  \n        jQuery( 'a[data-id=\"#monthly\"]' ).click(function(){\n            document.getElementById( 'wpforms-378-field_3' ).value = \"monthly cleaning\";\n        });  \n        jQuery( 'a[data-id=\"#quarterly\"]' ).click(function(){\n            document.getElementById( 'wpforms-378-field_3' ).value = \"quarterly cleaning\";\n        });  \n    });\n</script>\n\n<?php\n}\nadd_action( 'wpforms_wp_footer_end', 'wpf_dev_autofill_field', 10 );\n"
                },
                {
                    "text": "You'll need to update the snippet to match the same name of the internal links as well as the form ID ( 378 ) and the field ID ( -field_3 )."
                },
                {
                    "image_link": "https://wpforms.com/wp-content/uploads/2021/05/wpforms-populate-field-from-anchor-link.gif"
                },
                {
                    "text": "And that's it! Did you know you can do something very similar just inside the form itself? Take a look at our tutorial on How to Add a Table of Contents for Long Forms ."
                },
                {
                    "url": "https://wpforms.com/developers/how-to-add-a-table-of-contents-for-long-forms/"
                }
            ]
        },
        {
            "subtitle": "Reference Action",
            "content": [
                {
                    "text": "wpforms_wp_footer_end"
                },
                {
                    "url": "https://wpforms.com/developers/wpforms_wp_footer_end/"
                }
            ]
        },
        {
            "subtitle": "FAQ",
            "content": []
        },
        {
            "subtitle": "Q: Can I also use a CSS classname or ID?",
            "content": [
                {
                    "text": "A: Absolutely! If you would rather trigger the JavaScript by a CSS class or ID, you would just change the script. For example, if your CSS class names were daily-link , weekly-link , monthly-link , and quarterly-link , the snippet would be this."
                },
                {
                    "code": "\n/**\n * Populate field from anchor link.\n *\n * @link https://wpforms.com/developers/how-to-populate-a-form-field-from-an-anchor-link/\n */\n\nfunction wpf_dev_autofill_field() {\n?>\n<script type=\"text/javascript\">\n    jQuery(document).ready(function(){\n \u00a0 \u00a0 \u00a0 \u00a0jQuery( 'a.daily-link' ).click(function(){\n            document.getElementById( 'wpforms-378-field_3' ).value = \"daily cleaning\";\n        });  \n        jQuery( 'a.weekly-link' ).click(function(){\n            document.getElementById( 'wpforms-378-field_3' ).value = \"weekly cleaning\";\n        });  \n        jQuery( 'a.monthly-link' ).click(function(){\n            document.getElementById( 'wpforms-378-field_3' ).value = \"monthly cleaning\";\n        });  \n        jQuery( 'a.quarterly-link' ).click(function(){\n            document.getElementById( 'wpforms-378-field_3' ).value = \"quarterly cleaning\";\n        });  \n    });\n</script>\n\n<?php\n}\nadd_action( 'wpforms_wp_footer_end', 'wpf_dev_autofill_field', 10 );\n"
                },
                {
                    "text": "If you were using an ID instead of a class, just replace the period with a pound sign in each of the links. Example: a#daily-link ."
                }
            ]
        }
    ],
    "section": "Developers",
    "category": "Extending"
}