{
    "product_name": "WPForms",
    "document_id": 374,
    "document_name": "How to Allow the Date Picker For Conversational Forms",
    "document_url": "https://wpforms.com/developers/how-to-allow-the-date-picker-inside-conversational-forms/",
    "author": "Editorial Team",
    "reviewer": "Molly Tyler",
    "date": "Updated: Jul 27, 2023, 09:56 AM",
    "version": "1.0",
    "title": "How to Allow the Date Picker For Conversational Forms",
    "content": [
        {
            "subtitle": "Introduction",
            "content": [
                {
                    "text": "Would you like to allow the date picker for Conversational Forms ? By default, the Conversational Forms will only show a date field that will accept manually typing in the date in a number's format."
                },
                {
                    "image_link": "https://wpforms.com/wp-content/uploads/2021/05/conversationa-forms-default-date-field.jpg 1276w, https://wpforms.com/wp-content/uploads/2021/05/conversationa-forms-default-date-field-300x221.jpg 300w, https://wpforms.com/wp-content/uploads/2021/05/conversationa-forms-default-date-field-1024x753.jpg 1024w, https://wpforms.com/wp-content/uploads/2021/05/conversationa-forms-default-date-field-768x565.jpg 768w"
                },
                {
                    "text": "If you add a small PHP snippet, you can allow the Date Picker pop-up to appear inside a Conversational Form, , and in this tutorial, we'll walk you through each step."
                }
            ]
        },
        {
            "subtitle": "Creating the form",
            "content": [
                {
                    "text": "First, we'll create our form and add our Date Picker field as well as the other fields we want on our form."
                },
                {
                    "image_link": "https://wpforms.com/wp-content/uploads/2022/05/wpforms-date-picker-cf.jpg"
                },
                {
                    "text": "If you need some help in creating a form, please see this documentation ."
                },
                {
                    "url": "https://wpforms.com/docs/creating-first-form/"
                }
            ]
        },
        {
            "subtitle": "Enabling Conversational Forms",
            "content": [
                {
                    "text": "While still editing the form, click Settings . Next, navigate to the Conversational Forms tab and click the checkbox to Enable Conversational Form Mode ."
                },
                {
                    "image_link": "https://wpforms.com/wp-content/uploads/2022/05/wpforms-enable-conversational-forms.jpg"
                },
                {
                    "text": "If you need any help when using the Conversational Forms addon , please review this documentation ."
                },
                {
                    "url": "https://wpforms.com/docs/how-to-install-and-use-the-conversational-forms-addon/"
                },
                {
                    "text": "While on this tab, make sure you make any other necessary changes you'd like for your form, and then click Save ."
                }
            ]
        },
        {
            "subtitle": "Adding the snippet for the Date Picker pop-up",
            "content": [
                {
                    "text": "Now it's time to add the code snippet that will allow the Date Picker to popup inside your form."
                },
                {
                    "text": "Just copy and paste this snippet to your site. If you need any help in adding snippets to your site, please see this tutorial ."
                },
                {
                    "url": "https://wpforms.com/developers/how-to-add-custom-php-or-javascript-for-wpforms/"
                },
                {
                    "code": "\n/**\n * Load Flatpicker script and stylesheet on Conversational Forms\n *\n * @link https://wpforms.com/developers/how-to-allow-the-date-picker-inside-conversational-forms/\n */\n \nfunction wpf_dev_enqueue_scripts() {\n      \n        // Load the javascript file for flatpickr\n    wp_enqueue_script(\n        'wpforms-flatpickr',\n        WPFORMS_PLUGIN_URL . 'assets/lib/flatpickr/flatpickr.min.js',\n        array( 'jquery' ),\n        '4.6.9',\n        true\n    );\n     \n        // Load the stylesheet for flatpickr\n    wp_enqueue_style(\n        'wpforms-flatpickr',\n        WPFORMS_PLUGIN_URL . 'assets/lib/flatpickr/flatpickr.min.css',\n        array(),\n        '4.6.9'\n    );\n     \n}\nadd_action( 'wpforms_wp_footer', 'wpf_dev_enqueue_scripts', 100 );\n\n\n/**\n * Scroll to next input when selecting date\n *\n * @link https://wpforms.com/developers/customize-the-date-time-field-date-options/\n */\n \nfunction wpf_cf_datepicker_scroll( $forms ) {\n\t\n\tforeach ( $forms as $form ) {\n\t\t// Only run if conversational form\n        if ( ! empty( $form[ 'settings' ][ 'conversational_forms_enable' ] ) ) {\n            ?>\n            <script type=\"text/javascript\">\n\t\t\t\twindow.wpforms_datepicker = {\n\t\t\t\t\tdisableMobile: true,\n\t\t\t\t\t// Skip to next input when date is selected, except when it is date / time format\n\t\t\t\t\tonValueUpdate: function(selectedDates, dateStr, instance) {\n\t\t\t\t\t\tif ( ! jQuery(instance.input).parents( '.wpforms-field-row-block' ).length ) {\n\t\t\t\t\t\t\twindow.WPFormsConversationalForms.scroll.next();\t\n\t\t\t\t\t\t}\n\t\t\t\t\t},\n\t\t\t\t}\n\t\t\t</script>\n            <?php\n        }\n    }\n}\nadd_action( 'wpforms_wp_footer_end', 'wpf_cf_datepicker_scroll', 10 );\n\n"
                },
                {
                    "text": "This snippet will look inside the WPForms file directories to find and load the JavaScript files (for functionality) as well as the CSS files (for styling) that are needed to provide the pop-up for the date picker while viewing your form."
                },
                {
                    "text": "Now when you're visitors visit the form, they'll see the date picker pop-up."
                },
                {
                    "image_link": "https://wpforms.com/wp-content/uploads/2022/05/wpforms-cf-date-picker.jpg"
                },
                {
                    "text": "And that's all you need to allow a date picker for conversational forms. Would you like to use your own stylesheet on conversational forms? Check out our tutorial on How to Enqueue a Stylesheet for Conversational Forms ."
                },
                {
                    "url": "https://wpforms.com/developers/how-to-enqueue-a-stylesheet-for-conversational-forms/"
                }
            ]
        },
        {
            "subtitle": "Related",
            "content": [
                {
                    "text": "Action Reference: wpforms_wp_footer"
                },
                {
                    "url": "https://wpforms.com/developers/wpforms_wp_footer/"
                }
            ]
        }
    ],
    "section": "Developers",
    "category": "Tutorials"
}