{
    "product_name": "WPForms",
    "document_id": 348,
    "document_name": "Authorize.Net Addon",
    "document_url": "https://wpforms.com/docs/how-to-install-and-use-the-authorize-net-addon-with-wpforms/",
    "author": "David Ozokoye",
    "reviewer": "Molly Tyler",
    "date": "Updated: May 21, 2024",
    "version": "1.0",
    "title": "Authorize.Net Addon",
    "content": [
        {
            "subtitle": "Connecting Authorize.Net to Your WordPress Site",
            "content": [
                {
                    "text": "Once the Authorize.Net addon is active on your site, you'll need to go to WPForms \" Settings in the left menu of your WordPress site. From there, click on the Payments tab."
                },
                {
                    "image_link": "https://wpforms.com/wp-content/uploads/2020/03/Open-Payments-tab-of-WPForms-settings.jpg 1116w, https://wpforms.com/wp-content/uploads/2020/03/Open-Payments-tab-of-WPForms-settings-300x165.jpg 300w, https://wpforms.com/wp-content/uploads/2020/03/Open-Payments-tab-of-WPForms-settings-768x422.jpg 768w, https://wpforms.com/wp-content/uploads/2020/03/Open-Payments-tab-of-WPForms-settings-1024x562.jpg 1024w"
                },
                {
                    "text": "If you'd like to adjust the currency for your payment form, go ahead and select the option you need from the Currency dropdown before proceeding."
                },
                {
                    "text": "Next, scroll to the section labeled Authorize.Net . Here, you'll need to fill out an API Login ID and Transaction Key to connect your site to your Authorize.Net account."
                },
                {
                    "image_link": "https://wpforms.com/wp-content/uploads/2024/02/authorize-settings-screen.png"
                },
                {
                    "text": "For these settings, you'll need to get some details from your Authorize.Net account."
                },
                {
                    "text": "Note: These credentials are different for live and test transactions. For this tutorial, we'll focus specifically on live transactions. If you're trying to test your connection, please see our tutorial on how to test Authorize.Net payments ."
                },
                {
                    "url": "https://wpforms.com/docs/how-to-test-authorize-net-payments-before-accepting-real-payments/"
                }
            ]
        },
        {
            "subtitle": "Signing In to Authorize.Net",
            "content": [
                {
                    "text": "When you're ready to sign in to your Authorize.Net account , be sure to do so in a new browser tab or window so you can easily switch back and forth between it and your WPForms settings."
                },
                {
                    "url": "https://account.authorize.net/"
                },
                {
                    "text": "If you don't have an account with Authorize.Net yet, go ahead and create one now ."
                },
                {
                    "url": "https://www.authorize.net/sign-up/pricing.html"
                },
                {
                    "text": "When you log in to your Authorize.Net account, you should see an overlay showing whether your account is in Test or Live mode. Be sure this option is set to Live ."
                },
                {
                    "image_link": "https://wpforms.com/wp-content/uploads/2020/05/Authorize-Net-account-is-in-Live-mode.jpg"
                }
            ]
        },
        {
            "subtitle": "Locating Keys in Authorize.Net",
            "content": [
                {
                    "text": "Once you're logged in and have confirmed that your account is in Live mode, you'll be able to get the keys you need to connect Authorize.Net to WPForms. In the left sidebar of your Authorize.Net account, click on Settings ."
                },
                {
                    "image_link": "https://wpforms.com/wp-content/uploads/2021/03/authorizenet-account-settings.png"
                },
                {
                    "text": "From the Settings page, you'll then need to click on the option labeled API Credentials & Keys"
                },
                {
                    "image_link": "https://wpforms.com/wp-content/uploads/2020/03/Open-API-Credentials-and-Keys-page-in-Authorize-Net-account.jpg"
                },
                {
                    "text": "On this page, you'll need to copy the value next to API Login ID ."
                },
                {
                    "image_link": "https://wpforms.com/wp-content/uploads/2021/03/authorizenet-api-login-id.png"
                },
                {
                    "text": "Back in your WPForms Settings, paste this value into the API Login ID field."
                },
                {
                    "image_link": "https://wpforms.com/wp-content/uploads/2024/02/api-login-id.png"
                },
                {
                    "text": "Once you've added your API Login ID, you'll need a Transaction Key."
                },
                {
                    "text": "On the API Credentials & Keys page in your Authorize.Net account, look to the section labeled Create New Key(s) ."
                },
                {
                    "text": "Note: If you have an existing key, you can use it instead of creating a new one. In this tutorial, we're assuming that you haven't set up a Transaction Key before or need a brand new one."
                },
                {
                    "text": "For the Obtain option here, select New Transaction Key . Then click the Submit button."
                },
                {
                    "image_link": "https://wpforms.com/wp-content/uploads/2020/03/Create-new-transaction-key-in-Authorize-Net-account.jpg"
                },
                {
                    "text": "Immediately after submitting, you should see an overlay asking you to verify your identity. Click the Request PIN button to start this verification process."
                },
                {
                    "image_link": "https://wpforms.com/wp-content/uploads/2021/03/AuthorizeNet-verify-identity-new-transaction-key.png"
                },
                {
                    "text": "After submitting the request, you'll be asked to check your email for the PIN. Enter the code sent to your email, then click the Verify PIN button."
                },
                {
                    "text": "Once you've verified your identity, Authorize.Net will display your Transaction Key. Click the Copy to Clipboard button."
                },
                {
                    "image_link": "https://wpforms.com/wp-content/uploads/2020/03/Copy-Transaction-Key-from-Authorize-Net-account.jpg"
                },
                {
                    "text": "Then flip back over to the tab or window with your WPForms Settings, paste your key into the Transaction Key field, and click Save Settings."
                },
                {
                    "image_link": "https://wpforms.com/wp-content/uploads/2021/03/save-authorizenet-settings.png"
                },
                {
                    "text": "After these settings are stored, you should see a success message at the top of the WPForms Payments page."
                },
                {
                    "image_link": "https://wpforms.com/wp-content/uploads/2020/03/WPForms-successful-save-message.jpg"
                }
            ]
        },
        {
            "subtitle": "Adding Authorize.Net Integration to Your Forms",
            "content": [
                {
                    "text": "Once you've connected Authorize.Net to your WordPress site, you can start adding payment functionality to your forms."
                },
                {
                    "text": "First, you'll need to create a new form or edit an existing one."
                },
                {
                    "url": "https://wpforms.com/docs/creating-first-form/"
                },
                {
                    "text": "In order for a form to work with Authorize.Net, it must have at least the following 4 fields:"
                },
                {
                    "text": "Name"
                },
                {
                    "text": "Email"
                },
                {
                    "text": "A payment items field (Single Item, Multiple Items, Checkbox Items, or Dropdown Items)"
                },
                {
                    "text": "Authorize.Net (which collects credit card details)"
                },
                {
                    "text": "Note: A Total field is not required for Stripe to work. However, it's often helpful for users to easily see an order summary of the items selected and their quantities in a tabular form. This shows the user the exact amount they'll be charged. See our guide on using the Total field for more details"
                },
                {
                    "url": "https://wpforms.com/docs/how-to-require-payment-total-with-a-wordpress-form/"
                },
                {
                    "text": "Once you've added any fields you'd like to include in your form, you'll need to go to Payments \" Authorize.Net . From here, toggle the Enable Authorize.Net payments option to the on position."
                },
                {
                    "image_link": "https://wpforms.com/wp-content/uploads/2024/02/enable-authorize-net-payments.png"
                },
                {
                    "text": "Next, there are a few optional settings you can configure:"
                },
                {
                    "text": "Payment Description: This can appear on users' credit card statements to help them identify transactions from your site. It only applies to one-time payments, not recurring subscriptions."
                },
                {
                    "text": "Authorize.Net Payment Receipt: You can select your form's Email field from the dropdown to send email receipts to users. While optional, we recommend doing this so that your customers have direct records of payment. This option also only applies to one-time payments, not recurring subscriptions."
                },
                {
                    "text": "Customer Name: Use this option if you want to send customers' names to Authorize.Net with their payment details. Just select your form's Name field from the dropdown."
                },
                {
                    "text": "Customer Billing Address: This option will send customers' billing addresses to Authorize.Net with their payment details. Choose the corresponding Address field from the dropdown."
                },
                {
                    "image_link": "https://wpforms.com/wp-content/uploads/2024/02/authorize-net-payment-settings.png"
                },
                {
                    "text": "Note: Want to add customers' invoice numbers to your Authorize.Net account? See our developer documentation on mapping invoice numbers to Authorize.Net payments ."
                },
                {
                    "url": "https://wpforms.com/developers/how-to-send-an-invoice-number-through-to-authorize-net-payments/"
                },
                {
                    "text": "After you've configured these settings, be sure to save your form."
                },
                {
                    "text": "If you're looking to set up one-time payments, then you're all set! But if you want to let users purchase recurring subscriptions, or to add conditional logic for your payments, then be sure to continue on to the next sections."
                }
            ]
        },
        {
            "subtitle": "Setting Up Recurring Subscription Payments (Optional)",
            "content": [
                {
                    "text": "Recurring subscription payments will process one payment right away, and also process future payments based on the schedule you set."
                },
                {
                    "text": "To set up a subscription plan, go to Payments \" Authorize.Net in the form builder. Look for the section labeled Subscriptions and toggle on the Enable recurring subscription payments option."
                },
                {
                    "image_link": "https://wpforms.com/wp-content/uploads/2024/02/enable-recurring-subscriptions.png"
                },
                {
                    "text": "Once you've enabled this option, additional settings will appear. First, enter a Plan Name for your subscription. This can appear on users' credit card statements to help them identify transactions from your site. If you leave this box unchecked, the Plan Name will be listed as the name of the form."
                },
                {
                    "text": "You will also need to select the Recurring Period from the dropdown to determine the payment schedule for your subscription."
                },
                {
                    "image_link": "https://wpforms.com/wp-content/uploads/2024/02/subscription-plan-settings.png"
                },
                {
                    "text": "Next, use the dropdowns to select the corresponding fields from your form for the Customer Email , Customer Name , and Customer Billing Address ."
                },
                {
                    "text": "Finally, you can choose whether or not you want to enable conditional logic for subscription payments. We've covered these settings in more detail in the next section."
                },
                {
                    "image_link": "https://wpforms.com/wp-content/uploads/2021/03/AuthorizeNet-subscription-customer-name-email-address.png"
                }
            ]
        },
        {
            "subtitle": "Enabling Conditional Logic (Optional)",
            "content": [
                {
                    "text": "Conditional logic lets you create \"smart forms\" that automatically change certain aspects of your form based on users' input or selections. Below, we've covered examples of how to use this feature for payments as well as notifications."
                },
                {
                    "url": "https://wpforms.com/docs/how-to-use-conditional-logic-with-wpforms/"
                }
            ]
        },
        {
            "subtitle": "Setting Up Conditional Logic for Payments",
            "content": [
                {
                    "text": "There are many ways you can use conditional logic with an Authorize.Net payment form. For this tutorial, we'll use an example of letting users choose whether to submit one-time or monthly recurring payments."
                },
                {
                    "text": "First, we'll add a selection field to our existing Authorize.Net payment form. We're using a Multiple Choice field, but a Dropdown field would work, too."
                },
                {
                    "text": "Then we'll edit the field's label and choices to include an option for one-time payments and an option for recurring subscriptions."
                },
                {
                    "image_link": "https://wpforms.com/wp-content/uploads/2021/03/AuthorizeNet-subscription-conditional-logic-choices.png"
                },
                {
                    "text": "Once your form has all the conditional fields it requires, you'll need to set up your conditional logic rule(s). Go to Payments \" Authorize.Net and toggle on the Enable Conditional Logic option under the Subscriptions settings."
                },
                {
                    "image_link": "https://wpforms.com/wp-content/uploads/2024/02/enable-conditional-logic.png"
                },
                {
                    "text": "Note: You can also enable conditional logic in the general Authorize.Net settings. Make sure you toggle on the correct conditional logic option for your form."
                },
                {
                    "text": "For our example, we'll set up our rule to read, Process payment as recurring if Would you like us to automatically renew your plan? is Yes, please auto-renew my plan each month."
                },
                {
                    "image_link": "https://wpforms.com/wp-content/uploads/2021/03/AuthorizeNet-subscription-conditional-logic-rule.png"
                },
                {
                    "text": "Once this form is published, if users select Yes, please auto-renew my plan each month , then their payment will be processed as a subscription. If they choose No thanks, I want to manually renew , then their payment will be processed as a one-time purchase."
                },
                {
                    "text": "Note: Need help creating your conditional logic rule? See our tutorial on WPForms conditional logic for more details."
                },
                {
                    "url": "https://wpforms.com/docs/how-to-use-conditional-logic-with-wpforms/"
                }
            ]
        },
        {
            "subtitle": "Creating Conditional Notification Emails for Completed Payments",
            "content": [
                {
                    "text": "By default, WPForms sends out all notification emails as soon as a user submits your form. However, in some cases, you may want to wait to send a notification email until the user's payment has been successful in Authorize.Net."
                },
                {
                    "url": "https://wpforms.com/docs/setup-form-notification-wpforms/"
                },
                {
                    "text": "To delay a notification email until payment has been successfully completed, go to Settings \" Notifications to access the form's notification settings. After that, scroll to the notification you want to delay. Then toggle on the Enable for Authorize.Net completed payments option."
                },
                {
                    "image_link": "https://wpforms.com/wp-content/uploads/2024/02/enable-notifications-for-transaction.png"
                },
                {
                    "text": "Note: Looking for more details on creating notification emails? Check out our guides on notification emails in WPForms and setting up multiple conditional notifications ."
                },
                {
                    "url": "https://wpforms.com/docs/setup-form-notification-wpforms/"
                },
                {
                    "url": "https://wpforms.com/docs/how-to-create-conditional-form-notifications-in-wpforms/"
                },
                {
                    "text": "Once you've configured all your form's settings, make sure to click the Save button before you exit the form builder."
                },
                {
                    "image_link": "https://wpforms.com/wp-content/uploads/2021/03/save-form.png"
                },
                {
                    "text": "Then you'll be ready to preview and test your form to ensure it works properly before you embed it on your site ."
                },
                {
                    "url": "https://wpforms.com/docs/how-to-properly-test-your-wordpress-forms-before-launching-checklist/"
                },
                {
                    "url": "https://wpforms.com/docs/creating-first-form/#display-form"
                }
            ]
        },
        {
            "subtitle": "Viewing and Managing Payments",
            "content": [
                {
                    "text": "Once you've received some payments through your forms, you'll be able to view and manage them right from your site's admin area."
                },
                {
                    "text": "To do this, go to WPForms \" Payments and select the Overview tab to access the Payments page."
                },
                {
                    "image_link": "https://wpforms.com/wp-content/uploads/2023/06/payments-summary-screen.png"
                },
                {
                    "text": "On the Payments overview page, you can view transaction details, track your sales, view revenue trends, measure the success of your payment forms, and much more."
                },
                {
                    "text": "Be sure to check out our guide to viewing and managing form payments for more information."
                },
                {
                    "url": "https://wpforms.com/docs/viewing-and-managing-payments/"
                },
                {
                    "text": "Note: If you'd like, you can create coupon codes and give users a discount when filling out your payment form. To learn more, check out our Coupons addon tutorial."
                },
                {
                    "url": "https://wpforms.com/docs/coupons-addon/"
                }
            ]
        },
        {
            "subtitle": "Frequently Asked Questions",
            "content": [
                {
                    "text": "Below, we've addressed some of the most common questions we receive about the Authorize.Net addon."
                }
            ]
        },
        {
            "subtitle": "What currencies does Authorize.Net support?",
            "content": [
                {
                    "text": "For the most up-to-date list of currencies that Authorize.Net supports, please check out Authorize.Net's doc on supported currencies ."
                },
                {
                    "url": "https://support.authorize.net/knowledgebase/Knowledgearticle/?code=000001210"
                }
            ]
        },
        {
            "subtitle": "Can I send an invoice number or phone number to Authorize.Net after forms are submitted?",
            "content": [
                {
                    "text": "Yes, you can send both invoice numbers and phone numbers to your Authorize.Net account from WPForms. For detailed instructions, check out our developer documentation on mapping invoice numbers ."
                },
                {
                    "url": "https://wpforms.com/developers/how-to-send-an-invoice-number-through-to-authorize-net-payments/"
                },
                {
                    "text": "To learn how to include phone numbers with each transaction, be sure to check out our developer documentation for more information."
                },
                {
                    "url": "https://wpforms.com/developers/how-to-send-the-phone-number-to-authorize-net/"
                }
            ]
        },
        {
            "subtitle": "Why am I seeing an error that reads, \"API: (E00027) The transaction was unsuccessful\"?",
            "content": [
                {
                    "text": "This problem is likely caused by required fields in your Authorize.Net account that users are not filling out in your form. This could be because there is no corresponding field in your form for this information, or because you have not marked the field as required and users are skipping over it."
                },
                {
                    "url": "https://wpforms.com/docs/how-to-customize-form-field-options/#require"
                },
                {
                    "text": "To see the required fields for your Authorize.Net account, log in to your dashboard and go to Account \" Settings in the left sidebar menu. Then look for Transaction Format Settings and click on Payment Form ."
                },
                {
                    "image_link": "https://wpforms.com/wp-content/uploads/2021/03/AuthorizeNet-settings-payment-form.png"
                },
                {
                    "text": "On the next screen, click Form Fields ."
                },
                {
                    "image_link": "https://wpforms.com/wp-content/uploads/2021/03/AuthorizeNet-form-fields.png"
                },
                {
                    "text": "Here, you'll see a list of all the available payment fields for Authorize.Net. Required fields will have a check in the Required column."
                },
                {
                    "image_link": "https://wpforms.com/wp-content/uploads/2021/03/AuthorizeNet-required-form-fields.png"
                },
                {
                    "text": "If there are any fields here that you do not want to require for customers, you can uncheck them and save your settings by clicking the Submit button at the bottom of the screen. Otherwise, make sure you have the proper corresponding fields in your form, that they're mapped to your Authorize.Net account, and that you've marked them as required in the Field Options panel."
                },
                {
                    "text": "For more help with this error, please contact Authorize.Net's support team."
                },
                {
                    "text": "That's it! You can now set up Authorize.Net payments with WPForms."
                },
                {
                    "text": "Now that you know how to set up an order form, would you like to learn more about how your entries will look and work? Be sure to check out our complete guide to form entries for all of the details."
                },
                {
                    "url": "https://wpforms.com/docs/complete-guide-to-form-entries/"
                }
            ]
        }
    ],
    "section": "Documentation",
    "category": "Payment Processing"
}