{
    "product_name": "WPForms",
    "document_id": 126,
    "document_name": "How to Disable the Background Processing for Sending Email Notifications",
    "document_url": "https://wpforms.com/developers/how-to-disable-the-background-processing-for-sending-email-notifications/",
    "author": "Editorial Team",
    "reviewer": "Molly Tyler",
    "date": "Updated: Mar 6, 2024, 13:15 PM",
    "version": "1.0",
    "title": "How to Disable the Background Processing for Sending Email Notifications",
    "content": [
        {
            "subtitle": "Disable the background processing",
            "content": [
                {
                    "text": "To disable these asynchronous tasks, you'll need to add the following PHP snippet to your site. If you're unsure how to add snippets, refer to our tutorial on adding custom PHP or JavaScript for WPForms ."
                },
                {
                    "url": "https://wpforms.com/developers/how-to-add-custom-php-or-javascript-for-wpforms/"
                },
                {
                    "code": "\n/**\n * Disable form notifications sending asynchronously.\n *\n * @link    https://wpforms.com/developers/how-to-disable-the-background-processing-for-sending-email-notifications/\n */\n\nadd_filter( 'wpforms_tasks_entry_emails_trigger_send_same_process', '__return_true' );\n"
                },
                {
                    "text": "And that's it! With this snippet, you've successfully disabled the background processing tasks for sending email notifications. Looking to customize your email notifications further? Check out our tutorial on How to Show Empty Form Fields in Email Notifications ."
                },
                {
                    "url": "https://wpforms.com/developers/how-to-show-empty-form-fields-in-email-notifications/"
                }
            ]
        },
        {
            "subtitle": "Reference Filter",
            "content": [
                {
                    "text": "wpforms_tasks_entry_emails_trigger_send_same_process"
                },
                {
                    "url": "https://wpforms.com/developers/wpforms_tasks_entry_emails_trigger_send_same_process/"
                }
            ]
        }
    ],
    "section": "Developers",
    "category": "Snippets"
}