{
    "product_name": "WPForms",
    "document_id": 626,
    "document_name": "wpforms_form_pages_content_after",
    "document_url": "https://wpforms.com/developers/wpforms_form_pages_content_after/",
    "author": null,
    "reviewer": null,
    "date": null,
    "version": "1.0",
    "title": "wpforms_form_pages_content_after",
    "content": [
        {
            "subtitle": "Description",
            "content": [
                {
                    "text": "The wpforms_form_pages_content_after action fires after a form is displayed on the site's frontend, and the form was created with the Form Pages addon."
                }
            ]
        },
        {
            "subtitle": "Parameters",
            "content": [
                {
                    "text": "This action does not accept any parameters."
                }
            ]
        },
        {
            "subtitle": "More Information",
            "content": [
                {
                    "text": "The action only fires for valid non-empty forms, it executes after the output rendering process for forms created with the Form Pages addon."
                },
                {
                    "text": "An alternate action to consider is wpforms_form_pages_content_before , as it functions similarly, except only fires before the form is displayed."
                },
                {
                    "url": "https://wpforms.com/developers/wpforms_form_pages_content_before/"
                }
            ]
        },
        {
            "subtitle": "Source",
            "content": [
                {
                    "text": "wpforms-form-pages/templates/single-form.php"
                }
            ]
        },
        {
            "subtitle": "Examples",
            "content": [
                {
                    "text": "You could use this action to display a video, more content, or a link after the Form Pages form."
                },
                {
                    "code": "\n/**\n * Output something after your Form Pages form(s).\n * \n * @link  https://wpforms.com/developers/wpforms_frontend_output_after/\n */\nfunction wpf_dev_form_pages_content_after( ) {\n     \n    // Run code.\n    echo '<iframe width=\"660\" height=\"315\" src=\"https://www.youtube.com/embed/mUGYPlAgJPw\" title=\"YouTube video player\" frameborder=\"0\" allow=\"accelerometer; autoplay; clipboard-write; encrypted-media; gyroscope; picture-in-picture\" allowfullscreen></iframe>';\n\n \n}\nadd_action( 'wpforms_form_pages_content_after', 'wpf_dev_form_pages_content_after' );\n\n"
                },
                {
                    "image_link": "https://wpforms.com/wp-content/uploads/2021/06/wpforms-after-form-pages.jpg"
                }
            ]
        }
    ],
    "section": "Developers",
    "category": "Actions Hooks"
}