{
    "product_name": "WPForms",
    "document_id": 119,
    "document_name": "How to Automatically Redirect If User Is Already Logged In",
    "document_url": "https://wpforms.com/developers/how-to-automatically-redirect-if-user-is-already-logged-in/",
    "author": "Editorial Team",
    "reviewer": "Molly Tyler",
    "date": "Updated: Mar 29, 2024, 14:36 PM",
    "version": "1.0",
    "title": "How to Automatically Redirect If User Is Already Logged In",
    "content": [
        {
            "subtitle": "Creating the form",
            "content": [
                {
                    "text": "To begin, you'll need to create a login form and add it to a WordPress page."
                },
                {
                    "text": "If you need any assistance in how to create a login form with the WPForms User Registration addon, please check out this documentation ."
                },
                {
                    "url": "https://wpforms.com/how-to-display-wordpress-login-and-register-forms-on-any-page/"
                },
                {
                    "image_link": "https://wpforms.com/wp-content/uploads/2022/02/wpforms-login-page.jpg"
                }
            ]
        },
        {
            "subtitle": "Automatically redirect",
            "content": [
                {
                    "text": "Now it's time to copy and paste this snippet to your site."
                },
                {
                    "text": "If you're not sure how or where to add snippets to your site, please take a look at this tutorial ."
                },
                {
                    "url": "https://wpforms.com/developers/how-to-add-custom-php-or-javascript-for-wpforms/"
                },
                {
                    "code": "\n/**\n * Automatic redirect from login form if a user is already logged in\n *\n * @link https://wpforms.com/developers/how-to-automatically-redirect-if-user-is-already-logged-in/\n */\n\nfunction redirect_to_specific_page() {\n\t\n\t// enter the page ID of the page that contains the login form\n    $page_id = 345; // Change page ID\n\t\n\t// if the user is on the login form page and the user is logged in then redirect\n    if ( is_page($page_id) && is_user_logged_in() && ! current_user_can('edit_post', $post_id) ) {\n\t\t\n\t\t// enter the URL of the page you would like to redirect them to\n        wp_redirect( 'http://www.example-site.com/your-page/', 301 ); \n\t\t\n        exit;\n    }\n}\nadd_action( 'template_redirect', 'redirect_to_specific_page' );\n"
                },
                {
                    "text": "There are a few variables in the snippet above you'll need to change. First, you need to change $page_id = 345 from 345 to match the page ID that your login form is on. If you need to find the page ID number, just edit the page your WPForms login form is on, and in the URL, look for the number that is listed after the ? ."
                },
                {
                    "image_link": "https://wpforms.com/wp-content/uploads/2022/02/wpforms-find-page-id.jpg"
                },
                {
                    "text": "Next, you'll need to update the URL that is shown inside the wp_redirect action to redirect the user to another page if they are logged in."
                },
                {
                    "text": "And that's it! Would you like to have your form redirected to a new browser window? Check out our tutorial on How to Open Redirect in a New Window ."
                },
                {
                    "url": "https://wpforms.com/developers/how-to-open-redirect-in-a-new-window/"
                }
            ]
        },
        {
            "subtitle": "Reference Action",
            "content": [
                {
                    "text": "template_redirect"
                },
                {
                    "url": "https://developer.wordpress.org/reference/hooks/template_redirect/"
                }
            ]
        }
    ],
    "section": "Developers",
    "category": "Addons"
}