{
    "product_name": "WPForms",
    "document_id": 318,
    "document_name": "Preventing Spam in WPForms",
    "document_url": "https://wpforms.com/docs/how-to-prevent-spam-in-wpforms/",
    "author": "Umair Majeed",
    "reviewer": "David Ozokoye",
    "date": "Updated: Sep 24, 2024",
    "version": "1.0",
    "title": "Preventing Spam in WPForms",
    "content": [
        {
            "subtitle": "Accessing Spam Protection and Security Settings",
            "content": [
                {
                    "text": "WPForms has its own spam protection and security settings that you can access directly in the form builder."
                },
                {
                    "text": "To get started, you'll first need to create a new form or edit an existing one to access the form builder."
                },
                {
                    "url": "https://wpforms.com/docs/creating-first-form/"
                },
                {
                    "text": "Once you've opened the form builder, head to Settings \" Spam Protection and Security ."
                },
                {
                    "image_link": "https://wpforms.com/wp-content/uploads/2022/10/spam-protection-settings.png"
                },
                {
                    "text": "Here is where you'll find most of the configuration options for preventing spam in your form entries."
                },
                {
                    "image_link": "https://wpforms.com/wp-content/uploads/2024/08/spam-protection-security.png 1600w, https://wpforms.com/wp-content/uploads/2024/08/spam-protection-security-300x269.png 300w, https://wpforms.com/wp-content/uploads/2024/08/spam-protection-security-1024x919.png 1024w, https://wpforms.com/wp-content/uploads/2024/08/spam-protection-security-768x689.png 768w, https://wpforms.com/wp-content/uploads/2024/08/spam-protection-security-1536x1379.png 1536w"
                },
                {
                    "text": "Throughout this tutorial, we'll cover how to configure the available anti-spam options."
                }
            ]
        },
        {
            "subtitle": "Enabling Modern Anti-Spam Protection",
            "content": [
                {
                    "text": "Note: For the modern anti-spam protection to function properly, JavaScript must be enabled on your site."
                },
                {
                    "text": "WPForms has a built-in modern anti-spam protection that prevents spam submissions on your WordPress forms."
                },
                {
                    "text": "This modern approach is based on the Honeypot technique and uses a multi-layer solution to enhance spam detection and prevention. Ensuring only real users can submit forms on your website."
                },
                {
                    "text": "Under Settings \" Spam Protection and Security , you'll find the toggle to update this setting."
                },
                {
                    "text": "The Enable modern anti-spam protection option should be toggled on by default, but you can check it here."
                },
                {
                    "image_link": "https://wpforms.com/wp-content/uploads/2024/08/enable-modern-anti-spam-protection.png"
                },
                {
                    "text": "With this setting enabled, your form will not submit if a bot triggers the anti-spam protections."
                }
            ]
        },
        {
            "subtitle": "Enabling Akismet Anti-Spam Protection",
            "content": [
                {
                    "text": "Akismet anti-spam protection helps keep spammers from submitting WordPress forms. Using smart algorithms, Akismet stops form entries identified as spam from being saved. These algorithms adapt based on user-reported spam, automatically flagging similar content as spam over time."
                },
                {
                    "url": "https://wpforms.com/docs/complete-guide-to-form-entries/"
                },
                {
                    "text": "For a step-by-step guide to using Akismet with WPForms, refer to our tutorial on setting up Akismet anti-spam protection ."
                },
                {
                    "url": "https://wpforms.com/docs/setting-up-akismet-anti-spam-protection/"
                }
            ]
        },
        {
            "subtitle": "Enabling Spam Entry Storage",
            "content": [
                {
                    "text": "WPForms lets you choose whether to block spam entries completely or store them in your database. This allows you to review spam submissions and easily recover false-positive entries."
                },
                {
                    "text": "The Store spam entries in the database option is enabled by default, but you can update it based on your preference."
                },
                {
                    "image_link": "https://wpforms.com/wp-content/uploads/2024/08/store-spam-entries-in-database-1.png"
                },
                {
                    "text": "Entries identified as spam will be stored in the Spam section on the form's Entries page."
                },
                {
                    "text": "Note: For a detailed guide to spam entry management, see our tutorial on viewing and managing spam entries ."
                },
                {
                    "url": "https://wpforms.com/docs/viewing-and-managing-spam-entries/"
                }
            ]
        },
        {
            "subtitle": "Enabling Minimum Time to Submit",
            "content": [
                {
                    "text": "WPForms provides the option to set a minimum time before users can submit your form. Setting a minimum time to submit a form helps to reduce bot submissions on your WordPress forms."
                },
                {
                    "text": "The Enable minimum time to submit option is enabled by default with a minimum time to submit of 2 seconds . However, you can update the minimum time to any value you like."
                },
                {
                    "image_link": "https://wpforms.com/wp-content/uploads/2024/08/minimum-time-to-submit.png"
                },
                {
                    "text": "To do so, enter a value in the Minimum time to submit field. This value is in seconds and would apply to users filling out the form."
                },
                {
                    "image_link": "https://wpforms.com/wp-content/uploads/2023/08/set-the-timer.png"
                },
                {
                    "text": "If a user attempts to submit the form before the minimum time you configured, they'll see an error message prompting them to wait a little longer before submitting the form."
                },
                {
                    "image_link": "https://wpforms.com/wp-content/uploads/2023/08/timer-error.png"
                }
            ]
        },
        {
            "subtitle": "Adding a CAPTCHA to Your Forms",
            "content": [
                {
                    "text": "CAPTCHAs are automated tests that check that users are real people and not spambots. There are four different CAPTCHA options you can add to your forms for additional protection beyond the built-in option WPForms provides."
                },
                {
                    "url": "https://wpforms.com/docs/setup-captcha-wpforms/"
                },
                {
                    "text": "We've created separate tutorials to guide you through each method, so you can select the one that best suits your needs."
                },
                {
                    "text": "reCAPTCHA : Strengthen your form's security using Google's reCAPTCHA service."
                },
                {
                    "text": "hCaptcha : Add an extra layer of protection with the hCaptcha alternative."
                },
                {
                    "text": "Cloudflare Turnstile: Secure your forms by integrating them with Cloudflare Turnstile."
                },
                {
                    "text": "Custom Captcha : Create a custom captcha solution tailored to your specific requirements."
                },
                {
                    "url": "https://wpforms.com/docs/how-to-set-up-and-use-recaptcha-in-wpforms/"
                },
                {
                    "url": "https://wpforms.com/docs/how-to-set-up-and-use-hcaptcha-in-wpforms/"
                },
                {
                    "url": "https://wpforms.com/docs/setting-up-cloudflare-turnstile/"
                },
                {
                    "url": "https://wpforms.com/docs/how-to-install-and-use-custom-captcha-addon-in-wpforms/"
                },
                {
                    "text": "Simply click on any of the preferred methods above to explore each option and learn how to add them to your forms."
                },
                {
                    "text": "Want to access our ready-to-use spam protection form template? Be sure to check out our Customizable Anti-Spam GDPR Contact Form template ."
                },
                {
                    "url": "https://wpforms.com/templates/anti-spam-gdpr-contact-form-template/"
                }
            ]
        },
        {
            "subtitle": "Adding Spam Filters",
            "content": [
                {
                    "text": "Under the Filtering section of your Spam Protection and Security settings, there are 2 different filters you can enable to prevent users from submitting your form."
                },
                {
                    "text": "Here you'll see an option for enabling a country filter and another for enabling a keyword filter."
                },
                {
                    "image_link": "https://wpforms.com/wp-content/uploads/2022/11/filtering-options.png"
                },
                {
                    "text": "For details on how to set up these filters, see our guide to adding spam filters in WPForms."
                },
                {
                    "url": "https://wpforms.com/docs/adding-spam-filters/"
                }
            ]
        },
        {
            "subtitle": "Creating an Allowlist or Denylist",
            "content": [
                {
                    "text": "Another effective method to safeguard your forms from spam is by using an allowlist or denylist. This approach limits form submissions based on the email addresses of users. If a user's email address doesn't comply with your list's rules, they will be unable to submit the form."
                },
                {
                    "text": "For detailed instructions on these spam protection methods, refer to our full tutorial on setting up an email allowlist or denylist ."
                },
                {
                    "url": "https://wpforms.com/docs/how-to-create-an-allowlist-denylist-for-email-addresses-in-wpforms/"
                },
                {
                    "text": "Note: In addition to using an allowlist or denylist, you have the option to prevent specific IP addresses from submitting forms using a custom PHP snippet from the WPForms code snippets library. For detailed information on how to set this up, refer to our developer documentation ."
                },
                {
                    "url": "https://wpforms.com/docs/using-wpforms-code-snippets/"
                },
                {
                    "url": "https://wpforms.com/developers/how-to-block-ip-addresses-from-completing-your-form/"
                }
            ]
        },
        {
            "subtitle": "Frequently Asked Questions",
            "content": [
                {
                    "text": "Below, we've answered the top questions we get about spam protection in WPForms."
                }
            ]
        },
        {
            "subtitle": "There's an option in my settings to enable an anti-spam honeypot. How does that work?",
            "content": [
                {
                    "text": "Our anti-spam honeypot was included for any forms created prior to our 1.6.2 release. However, forms created after that update will only use our modern anti-spam protection option."
                },
                {
                    "text": "That's it! Now you know how to prevent spam in your forms."
                },
                {
                    "text": "Next, would you like to edit entries submitted through your forms? Be sure to check out our tutorial on editing entries in WPForms for more details."
                },
                {
                    "url": "https://wpforms.com/docs/how-to-edit-entries-in-wpforms/"
                }
            ]
        }
    ],
    "section": "Documentation",
    "category": "Spam Prevention and Security"
}