{
    "product_name": "WPForms",
    "document_id": 173,
    "document_name": "Constant Contact Integration",
    "document_url": "https://wpforms.com/docs/how-to-connect-constant-contact-with-wpforms/",
    "author": "Umair Majeed",
    "reviewer": "David Ozokoye",
    "date": "Updated: Sep 16, 2024",
    "version": "1.0",
    "title": "Constant Contact Integration",
    "content": [
        {
            "subtitle": "1. Allowing WPForms to Access Constant Contact",
            "content": [
                {
                    "text": "Log into your WordPress site's admin area and navigate to WPForms \" Settings to begin the configuration for Constant Contact."
                },
                {
                    "text": "On the Settings page, click on the Integrations tab."
                },
                {
                    "image_link": "https://wpforms.com/wp-content/uploads/2023/04/wpforms-integrations.png"
                },
                {
                    "text": "Here, click on the Constant Contact section to expand it. Then click on the Add New Account button."
                },
                {
                    "image_link": "https://wpforms.com/wp-content/uploads/2018/02/add-new-account-Constant-Contact.png"
                },
                {
                    "text": "In the options displayed, you'll need to register WPForms with Constant Contact by clicking on Click here to register with Constant Contact."
                },
                {
                    "image_link": "https://wpforms.com/wp-content/uploads/2018/02/register-with-Constant-Contact.png"
                },
                {
                    "text": "After clicking the link, a window will open for you to log into your Constant Contact account. When you're logged in, click the Allow button to give WPForms access."
                },
                {
                    "image_link": "https://wpforms.com/wp-content/uploads/2018/02/allow-WPForms-access-Constant-Contact.png"
                },
                {
                    "text": "Next, you'll see your Constant Contact authorization code."
                },
                {
                    "image_link": "https://wpforms.com/wp-content/uploads/2018/02/WPForms-Constant-Contact-authorization-code.png"
                },
                {
                    "text": "Copy this code into the Constant Contact Authorization Code field back in the WPForms Settings page."
                },
                {
                    "image_link": "https://wpforms.com/wp-content/uploads/2018/02/enter-Constant-Contact-authorization-code.png"
                },
                {
                    "text": "For the Constant Contact Account Nickname field, you can use any name. It's just for your internal reference and won't be visible to your site's visitors."
                },
                {
                    "text": "After you've filled in both fields, click the Connect to Constant Contact button to continue."
                },
                {
                    "image_link": "https://wpforms.com/wp-content/uploads/2018/02/connect-to-Constant-Contact.png"
                },
                {
                    "text": "Once WPForms is done connecting your site to your Constant Contact account, a green success message reading \"Connected\" will appear."
                },
                {
                    "image_link": "https://wpforms.com/wp-content/uploads/2018/02/Constant-Contact-connected.png"
                }
            ]
        },
        {
            "subtitle": "2. Connecting Constant Contact with Your Form",
            "content": [
                {
                    "text": "Next, you'll need to enable your Constant Contact integration for a specific form. For our example, we'll be creating a newsletter subscription form."
                },
                {
                    "text": "New to WPForms and not sure how to build your newsletter subscription form? See our tutorial on creating your first form . You can also use our ready-to-use Constant Contact form template to get started easily."
                },
                {
                    "url": "https://wpforms.com/docs/creating-first-form/"
                },
                {
                    "url": "https://wpforms.com/templates/constant-contact-signup-form-template/"
                },
                {
                    "text": "Once you've customized your form's fields , configured its settings, and are happy with how it looks, go to Marketing \" Constant Contact ."
                },
                {
                    "url": "https://wpforms.com/docs/how-to-customize-form-field-options/"
                },
                {
                    "image_link": "https://wpforms.com/wp-content/uploads/2018/02/marketing-Constant-Contact.png"
                },
                {
                    "text": "Then click on Add New Connection ."
                },
                {
                    "image_link": "https://wpforms.com/wp-content/uploads/2018/02/adding-new-Constant-Contact-connection.png"
                },
                {
                    "text": "This will cause an overlay to appear. Here, enter a nickname for the connection you're creating. Once again, this is just for internal reference and organization purposes. Your users will never see it."
                },
                {
                    "image_link": "https://wpforms.com/wp-content/uploads/2018/02/connection-nickname.png"
                },
                {
                    "text": "Next, choose any Constant Contact account you've integrated through your WPForms settings from the Select Account dropdown."
                },
                {
                    "image_link": "https://wpforms.com/wp-content/uploads/2018/02/selecting-account-Constant-Contact-connection.png"
                },
                {
                    "text": "After you select the account you want to use, choose a specific mailing list from that account to connect to this form using the Select List dropdown."
                },
                {
                    "image_link": "https://wpforms.com/wp-content/uploads/2018/02/selecting-Constant-Contact-list-connection.png"
                },
                {
                    "text": "All Constant Contact mailing lists must be created in your Constant Contact account. For more details, check out Constant Contact's tutorial on getting started with lists ."
                },
                {
                    "url": "https://knowledgebase.constantcontact.com/articles/KnowledgeBase/31720-Create-and-Manage-Contact-Lists"
                },
                {
                    "text": "Under the List Fields section, you'll see all of the available subscriber information you can add to your Constant Contact mailing lists. Use the dropdowns next to each to select the corresponding field from your form."
                },
                {
                    "image_link": "https://wpforms.com/wp-content/uploads/2018/02/mapping-fields-Constant-Contact-connection.png"
                },
                {
                    "text": "The only field you're required to fill is Email Address ."
                }
            ]
        },
        {
            "subtitle": "Connecting Additional Fields",
            "content": [
                {
                    "text": "To send additional entry fields to Constant Contact, you'll need to map your form fields to the relevant fields available in Constant Contact."
                },
                {
                    "text": "Here are the fields that Constant Contact offers for your subscribers:"
                },
                {
                    "text": "Email"
                },
                {
                    "text": "Full Name"
                },
                {
                    "text": "First Name"
                },
                {
                    "text": "Last Name"
                },
                {
                    "text": "Phone"
                },
                {
                    "text": "Website"
                },
                {
                    "text": "Address"
                },
                {
                    "text": "Job Title"
                },
                {
                    "text": "Company"
                },
                {
                    "text": "If you'd like to add users to your Constant Contact list based on their selections in your form, you can check out our tutorial on how to add a Constant Contact signup checkbox ."
                },
                {
                    "url": "https://wpforms.com/how-to-add-a-constant-contact-signup-checkbox-to-a-wordpress-form/"
                },
                {
                    "text": "Once you're done configuring your form's Constant Contact connection, click Save at the top of the form builder."
                },
                {
                    "image_link": "https://wpforms.com/wp-content/uploads/2021/03/save-form.png"
                },
                {
                    "text": "That's it! You're now able to successfully create a newsletter signup form with Constant Contact."
                },
                {
                    "text": "Next, would you like to add extra protection against spam to your forms? Check out our tutorial on how to add reCAPTCHA to your forms ."
                },
                {
                    "url": "https://wpforms.com/docs/setup-captcha-wpforms/"
                }
            ]
        }
    ],
    "section": "Documentation",
    "category": "Marketing Integrations"
}