{
    "product_name": "WPForms",
    "document_id": 586,
    "document_name": "Creating an Email Address Allowlist or Denylist",
    "document_url": "https://wpforms.com/docs/how-to-create-an-allowlist-denylist-for-email-addresses-in-wpforms/",
    "author": "David Ozokoye",
    "reviewer": "Molly Tyler",
    "date": "Updated: May 21, 2024",
    "version": "1.0",
    "title": "Creating an Email Address Allowlist or Denylist",
    "content": [
        {
            "subtitle": "Choosing Between a Denylist or Allowlist",
            "content": [
                {
                    "text": "Once you've opened the form builder, be sure to add an Email field to it if you haven't already. Then, click on the Email field in the builder's preview area to open its Field Options panel."
                },
                {
                    "text": "This panel allows you to customize your field , including configuring your allowlist or denylist."
                },
                {
                    "url": "https://wpforms.com/docs/how-to-customize-form-field-options/"
                },
                {
                    "text": "Within the Field Options panel, click on the Advanced tab to open up more configuration options."
                },
                {
                    "image_link": "https://wpforms.com/wp-content/uploads/2021/01/email-field-advanced-options.png 1116w, https://wpforms.com/wp-content/uploads/2021/01/email-field-advanced-options-300x138.png 300w, https://wpforms.com/wp-content/uploads/2021/01/email-field-advanced-options-1024x470.png 1024w, https://wpforms.com/wp-content/uploads/2021/01/email-field-advanced-options-768x352.png 768w"
                },
                {
                    "text": "Here, you should see a dropdown labeled Allowlist / Denylist . From this dropdown, you'll need to select the type of restriction you want to set up. The options include:"
                },
                {
                    "text": "None: No restrictions are placed on emails entered in this field (aside from standard email format requirements). This is the default setting."
                },
                {
                    "text": "Allowlist: Choose this option if you'd like to set up rules around which email addresses are accepted in this field."
                },
                {
                    "text": "Denylist: Choose this option if you'd like to set up rules around which email addresses are not allowed in this field."
                },
                {
                    "image_link": "https://wpforms.com/wp-content/uploads/2021/01/allowlist-denylist-options.png"
                },
                {
                    "text": "As an example, let's say we've had a history of unwelcome submissions from the email address [email protected] . Since we want to prevent any other forms from being submitted with this email address, we'll set Allowlist / Denylist to Denylist . This option will block specific email addresses from being used in the form."
                },
                {
                    "url": "/cdn-cgi/l/email-protection"
                },
                {
                    "text": "Choosing either Denylist or Allowlist will cause a box to appear where you can enter your rules. We'll go into more detail about these below."
                }
            ]
        },
        {
            "subtitle": "Adding Email Denylist or Allowlist Rules",
            "content": [
                {
                    "text": "Now that you've selected which type of list you want to set up, you'll need to add some rules. These \"rules\" are simply a list of emails you want to accept or deny."
                }
            ]
        },
        {
            "subtitle": "Denying or Allowing Specific Email Addresses",
            "content": [
                {
                    "text": "In our denylist example, we want to prevent [email protected] from being used in form submissions. So, we'll go ahead and enter that email address into the box under Allowlist / Denylist and save our form."
                },
                {
                    "url": "/cdn-cgi/l/email-protection"
                },
                {
                    "image_link": "https://wpforms.com/wp-content/uploads/2021/01/denylist-add-rule.png"
                },
                {
                    "text": "Once we save our changes, any attempt by a user to enter that email address in the form will result in a validation error stating, \"This email address is not allowed.\""
                },
                {
                    "image_link": "https://wpforms.com/wp-content/uploads/2021/01/denylist-validation-message.png"
                },
                {
                    "text": "Note: If you'd like to edit the text for this error, please check out our tutorial on adjusting validation messages ."
                },
                {
                    "url": "https://wpforms.com/docs/customize-wpforms-validation-messages/"
                },
                {
                    "text": "If you'd like to block more than one email address, enter each of them on their own line in the denylist in the Email field's options."
                },
                {
                    "image_link": "https://wpforms.com/wp-content/uploads/2021/01/denylist-multiple-rules.png"
                }
            ]
        },
        {
            "subtitle": "Denying or Allowing Groups of Emails (More General Rules)",
            "content": [
                {
                    "text": "Denylists and allowlists can be more flexible than just specific email addresses. You can also use these options to create broader rules."
                },
                {
                    "text": "As an example, we'll set up an allowlist that only accepts emails for our company's wpforms.com domain. After setting the Allowlist / Denylist dropdown to Allowlist in the field options, we'll enter *@wpforms.com into the rule box."
                },
                {
                    "image_link": "https://wpforms.com/wp-content/uploads/2021/01/allowlist-wildcard.png"
                },
                {
                    "text": "The asterisk ( * ) acts as a wildcard. This means that any email address will be accepted as long as it ends in @wpforms.com (e.g., [email protected] , [email protected] , etc.)."
                },
                {
                    "url": "/cdn-cgi/l/email-protection"
                },
                {
                    "url": "/cdn-cgi/l/email-protection"
                },
                {
                    "text": "You can add a list of rules like this if you'd like, or you can add a mix of broader wildcard rules and specific email addresses. Just be sure to add each on its own line. Here's a live preview showing how the Allowist/Denylist feature works in WPForms."
                }
            ]
        },
        {
            "subtitle": "Try this Form Demo!",
            "content": [
                {
                    "text": "Note: You can add filters to allow or deny form entries from specific countries in the Spam Protection and Security settings. To learn more about this and keyword filtering, check our spam prevention guide."
                },
                {
                    "url": "https://wpforms.com/docs/how-to-prevent-spam-in-wpforms/#adding-filters"
                }
            ]
        },
        {
            "subtitle": "Frequently Asked Questions",
            "content": [
                {
                    "text": "These are some of the top questions we receive about creating allowlists and denylists for email addresses in WPForms."
                }
            ]
        },
        {
            "subtitle": "Can I prevent users from submitting an email based on its Top Level Domain (e.g., .com or .org)?",
            "content": [
                {
                    "text": "Absolutely! To allow or deny an email address based on the Top Level Domain (TLD), just add the wildcard symbol ( * ) followed by the domain type in your allowlist or denylist rules."
                },
                {
                    "text": "For example, if you wanted to block all email addresses ending in .com , you'd add *.com to your denylist rules."
                },
                {
                    "image_link": "https://wpforms.com/wp-content/uploads/2021/01/denylist-tld.png"
                },
                {
                    "text": "You can add as many rules to block emails from certain TLDs as you want, as long as they're each on their own line in the field provided."
                }
            ]
        },
        {
            "subtitle": "Can I allow or deny email addresses based on country-specific domains?",
            "content": [
                {
                    "text": "Yes, you can block or accept email addresses based on country-specific domains just like you can with TLDs."
                },
                {
                    "text": "Simply use the wildcard symbol followed by the country-specific domain in your rules, as in *.us or *.ca ."
                },
                {
                    "image_link": "https://wpforms.com/wp-content/uploads/2021/01/denylist-country-domain.png"
                },
                {
                    "text": "Again, you can add as many country-specific domain rules as you like, but they must each be on their own line."
                },
                {
                    "text": "As an alternative approach to blocking form submissions from specific countries, check out how to enable a country filter for your forms."
                },
                {
                    "url": "https://wpforms.com/docs/how-to-prevent-spam-in-wpforms/#adding-filters"
                },
                {
                    "text": "That's it! You now know how to create allowlists and denylists for email addresses in your WordPress forms."
                },
                {
                    "text": "Next, would you like to prevent users from submitting multiple entries? Be sure to check out our tutorial on how to use the Form Locker addon for more details."
                },
                {
                    "url": "https://wpforms.com/docs/how-to-install-and-use-the-form-locker-addon-in-wpforms/#prevent-multiple"
                }
            ]
        }
    ],
    "section": "Documentation",
    "category": "Spam Prevention and Security"
}