{
    "product_name": "WPForms",
    "document_id": 179,
    "document_name": "Editing Form Entries",
    "document_url": "https://wpforms.com/docs/how-to-edit-entries-in-wpforms/",
    "author": "David Ozokoye",
    "reviewer": "Claire Broadley",
    "date": "Updated: May 21, 2024",
    "version": "1.0",
    "title": "Editing Form Entries",
    "content": [
        {
            "subtitle": "Editing Form Entries",
            "content": [
                {
                    "text": "When you're ready, click on WPForms \" Entries in the left menu of your WordPress admin area. Then click on the name of the form whose entry you want to edit."
                },
                {
                    "image_link": "https://wpforms.com/wp-content/uploads/2020/04/Open-the-WPForms-Entries-page.jpg"
                },
                {
                    "text": "After clicking on the form's name, you should see a page of all the entries submitted for that form."
                },
                {
                    "text": "Note: If you need to find a specific entry, be sure to check out our guide to searching and filtering your entries list ."
                },
                {
                    "url": "https://wpforms.com/docs/how-to-search-and-filter-form-entries/"
                },
                {
                    "text": "Once you've found the entry you want to make changes to, click the Edit option under Actions on the right side of the list."
                },
                {
                    "image_link": "https://wpforms.com/wp-content/uploads/2023/11/click-to-edit-entry.png"
                },
                {
                    "text": "Alternatively, if you'd like to look at the entry first to determine if any changes are needed, you can click on the View option instead."
                },
                {
                    "image_link": "https://wpforms.com/wp-content/uploads/2023/11/click-to-view-individual-entry.png"
                },
                {
                    "text": "This will open the individual entry's page. In the upper right corner of this page, you'll see a box labeled Entry Details . Here, click on the blue Edit button."
                },
                {
                    "image_link": "https://wpforms.com/wp-content/uploads/2023/11/Edit-entry-option.png"
                },
                {
                    "text": "After clicking this button, the entry fields will become editable."
                },
                {
                    "image_link": "https://wpforms.com/wp-content/uploads/2021/03/Entry-editing-1.gif"
                },
                {
                    "text": "Once you've made any desired edits to your form, be sure to save those changes by clicking the Update button."
                },
                {
                    "image_link": "https://wpforms.com/wp-content/uploads/2021/03/Update-entry-in-wpforms.png"
                }
            ]
        },
        {
            "subtitle": "Frequently Asked Questions",
            "content": [
                {
                    "text": "Below, we've answered the most common questions we see about editing form entries."
                }
            ]
        },
        {
            "subtitle": "Are there any types of fields that can't be edited?",
            "content": [
                {
                    "text": "Yes, the following field types aren't currently editable in WPForms:"
                },
                {
                    "text": "GDPR Agreement"
                },
                {
                    "text": "Password"
                },
                {
                    "text": "Hidden Field"
                },
                {
                    "text": "Signature"
                },
                {
                    "text": "All payment fields"
                },
                {
                    "text": "Additionally, while you can delete uploaded files from form entries, you cannot add new files to an existing entry."
                }
            ]
        },
        {
            "subtitle": "Can I adjust who has permission to edit entries?",
            "content": [
                {
                    "text": "Definitely! We have built-in Access Controls you can use to adjust which user roles can take various actions within WPForms, including editing entries."
                },
                {
                    "url": "https://wpforms.com/docs/how-to-set-up-access-controls-in-wpforms/"
                }
            ]
        },
        {
            "subtitle": "If my form is integrated with a third-party service, will my edits be sent to that integration?",
            "content": [
                {
                    "text": "Any entry edits will be stored only in WPForms, and information in third-party services you've integrated with your forms will not be edited. Please be sure to check your integration(s) for any additional changes that may be needed."
                },
                {
                    "text": "That's it! You can now edit your form entries in WPForms."
                },
                {
                    "text": "Next, would you like to learn about more options for form entries? Be sure to check out our complete guide to form entries where we've shared all the details."
                },
                {
                    "url": "https://wpforms.com/docs/complete-guide-to-form-entries/"
                }
            ]
        }
    ],
    "section": "Documentation",
    "category": "Entry Management"
}