{
    "product_name": "WPForms",
    "document_id": 325,
    "document_name": "wpforms_form_pages_enqueue_styles",
    "document_url": "https://wpforms.com/developers/wpforms_form_pages_enqueue_styles/",
    "author": null,
    "reviewer": null,
    "date": null,
    "version": "1.0",
    "title": "wpforms_form_pages_enqueue_styles",
    "content": [
        {
            "subtitle": "Description",
            "content": [
                {
                    "text": "The wpforms_form_pages_enqueue_styles action is used to register and enqueues styles for forms created with the Form Pages addon."
                }
            ]
        },
        {
            "subtitle": "Parameters",
            "content": [
                {
                    "text": "This action does not accept any parameters."
                }
            ]
        },
        {
            "subtitle": "More Information",
            "content": [
                {
                    "text": "The action will register and enqueue dedicated stylesheets for forms created with the Form Pages addon."
                }
            ]
        },
        {
            "subtitle": "Source",
            "content": [
                {
                    "text": "wpforms-form-pages/src/Frontend.php"
                }
            ]
        },
        {
            "subtitle": "Examples",
            "content": [
                {
                    "code": "\n/**\n * Enqueue your own stylesheet for the Form Pages addon\n * \n * @link  https://wpforms.com/developers/wpforms_form_pages_enqueue_styles/\n */\n\nfunction wpfdev_formpages_custom_css() {\n\n    wp_enqueue_style( 'style', get_stylesheet_directory_uri().'/name-of-your-css-file.css' );\n}\n\nadd_action( 'wpforms_form_pages_enqueue_styles', 'wpfdev_formpages_custom_css', 10 );\n\n"
                }
            ]
        },
        {
            "subtitle": "Reference Articles",
            "content": [
                {
                    "text": "How to Enqueue a Stylesheet for Conversational Forms"
                },
                {
                    "url": "https://wpforms.com/developers/how-to-enqueue-a-stylesheet-for-conversational-forms/"
                }
            ]
        }
    ],
    "section": "Developers",
    "category": "Actions Hooks"
}