{
    "product_name": "WPForms",
    "document_id": 12,
    "document_name": "Error: Antispam Token Is Invalid",
    "document_url": "https://wpforms.com/docs/error-antispam-token-is-invalid/",
    "author": "Umair Majeed",
    "reviewer": "David Ozokoye",
    "date": "Updated: Sep 30, 2024",
    "version": "1.0",
    "title": "Error: Antispam Token Is Invalid",
    "content": [
        {
            "subtitle": "Summary",
            "content": [
                {
                    "text": "The 'Antispam token is invalid. Please reload the page and try submitting the form again' error typically occurs when attempting to submit a form on a WordPress site using WPForms. This error is often related to caching issues or token lifetime conflicts."
                }
            ]
        },
        {
            "subtitle": "Causes",
            "content": [
                {
                    "text": "This error typically occurs when:"
                },
                {
                    "text": "The cache lifetime on your site exceeds the validity period of the WPForms token."
                },
                {
                    "text": "Caching plugins are improperly configured."
                },
                {
                    "text": "The site is using optimization plugins that interfere with WPForms' anti-spam protection."
                },
                {
                    "text": "Note: Ensure you're using the latest version of WPForms before proceeding. Updating your version of WPForms often fixes common issues users experience with the plugin, including JavaScript-related problems."
                },
                {
                    "url": "https://wpforms.com/docs/why-you-should-always-use-the-latest-version-of-wpforms/"
                }
            ]
        },
        {
            "subtitle": "Solution",
            "content": [
                {
                    "text": "To resolve the issue, we suggest the following steps:"
                },
                {
                    "text": "Optimize caching plugins for WPForms : You may be using a caching or optimization plugin on your site. These plugins need to be configured correctly to work with WPForms. For detailed instructions on adjusting settings for popular plugins, please refer to our comprehensive guide on troubleshooting JavaScript errors ."
                },
                {
                    "text": "Reduce your site's cache lifetime : Set the cache lifetime to less than 48 hours. Adjust this setting in your hosting dashboard, caching plugin settings, or contact your web host for assistance if needed."
                },
                {
                    "url": "https://wpforms.com/docs/how-to-troubleshoot-javascript-issues-in-wpforms/#optimization-settings"
                },
                {
                    "text": "That's it! Now you know how to troubleshoot and resolve the 'Antispam token is invalid' error."
                },
                {
                    "text": "Want to learn more about optimizing your forms and improving submission success rates? Be sure to check out our complete guide on troubleshooting cache settings ."
                },
                {
                    "url": "https://wpforms.com/docs/how-to-optimize-cache-settings-to-fix-submission-errors/"
                }
            ]
        }
    ],
    "section": "Documentation",
    "category": "Error Library"
}