{
    "product_name": "WPForms",
    "document_id": 540,
    "document_name": "Translating WPForms Into a Different Language",
    "document_url": "https://wpforms.com/docs/how-to-translate-wpforms-into-a-different-language/",
    "author": "David Ozokoye",
    "reviewer": "Molly Tyler",
    "date": "Updated: May 21, 2024",
    "version": "1.0",
    "title": "Translating WPForms Into a Different Language",
    "content": [
        {
            "subtitle": "Using Built-In Customization Options to Translate WPForms",
            "content": [
                {
                    "text": "WPForms lets you customize the text your users see in every part of your forms. In some cases, changing default text using the plugin's built-in options is the easiest way to translate your forms."
                },
                {
                    "text": "Here are a couple of ways you can translate your forms using the built-in features WPForms provides."
                }
            ]
        },
        {
            "subtitle": "Translating Form Field Labels, Placeholders, and Default Values",
            "content": [
                {
                    "text": "To translate the default name of any field in one of your forms, you can simply edit its label."
                },
                {
                    "text": "Open the form builder, then click on the field whose label you want to translate. In the Field Options panel, enter your text in your desired language in the Label field."
                },
                {
                    "image_link": "https://wpforms.com/wp-content/uploads/2020/09/translate-field-label.png"
                },
                {
                    "text": "Similarly, you can translate the placeholder or the default value for a field in the Field Options panel. Click on the Advanced tab, then enter your translated text in the Placeholder or Default Value field(s)."
                },
                {
                    "image_link": "https://wpforms.com/wp-content/uploads/2020/09/translate-placeholder.png"
                },
                {
                    "text": "Remember to save your form before you exit the builder."
                }
            ]
        },
        {
            "subtitle": "Translating Confirmation Messages and Submit Button",
            "content": [
                {
                    "text": "Confirmation messages are alert notifications users see after filling out and submitting your form."
                },
                {
                    "image_link": "https://wpforms.com/wp-content/uploads/2020/09/confirmation-message-example.png"
                },
                {
                    "text": "To translate your form's confirmation message, go to Settings \" Confirmations in the form builder."
                },
                {
                    "image_link": "https://wpforms.com/wp-content/uploads/2023/11/settings-confirmations.png"
                },
                {
                    "text": "In the Confirmation Message text editor, replace the current text with the translated text you'd like to display."
                },
                {
                    "image_link": "https://wpforms.com/wp-content/uploads/2023/11/add-translated-confirmation-message.png"
                },
                {
                    "text": "If you want to translate the submit button text, go to Settings \" General to access your form's settings."
                },
                {
                    "image_link": "https://wpforms.com/wp-content/uploads/2023/11/wpforms-general-settings.png"
                },
                {
                    "text": "Then scroll down and update the Submit Button Text and Submit Button Processing Text fields with the relevant translation text."
                },
                {
                    "image_link": "https://wpforms.com/wp-content/uploads/2023/11/translate-submit-button-texts.png"
                },
                {
                    "text": "Be sure to save your changes after adding your translation texts."
                }
            ]
        },
        {
            "subtitle": "Translating Validation Messages",
            "content": [
                {
                    "text": "Your forms display validation messages when a user leaves a required field empty or when certain fields contain the wrong formatting."
                },
                {
                    "text": "For example, when a user skips a required field and tries to submit the form, they'll see a validation message that reads, \"This field is required.\""
                },
                {
                    "image_link": "https://wpforms.com/wp-content/uploads/2020/12/field-validation-message-example.png"
                },
                {
                    "text": "You can easily translate or customize this and other validation messages by going to WPForms \" Settings and opening the Validation tab."
                },
                {
                    "image_link": "https://wpforms.com/wp-content/uploads/2020/09/wpforms-settings-validation.png"
                },
                {
                    "text": "Here you'll see all of the validation messages currently available for customization and their default values, which include:"
                },
                {
                    "text": "Required: This field is required."
                },
                {
                    "text": "Website URL: Please enter a valid URL."
                },
                {
                    "text": "Email: Please enter a valid email address."
                },
                {
                    "text": "Email Suggestion: Did you mean {suggestion}?"
                },
                {
                    "text": "Email Restricted: This email address is not allowed."
                },
                {
                    "text": "Number: Please enter a valid number."
                },
                {
                    "text": "Number Positive: Please enter a valid positive number."
                },
                {
                    "text": "Confirm Value: Field values do not match."
                },
                {
                    "text": "Input Mask Incomplete: Please fill out the field in required format."
                },
                {
                    "text": "Checkbox Selection Limit: You have exceeded the number of allowed selections: {#}."
                },
                {
                    "text": "Character Limit: Limit is {limit} characters. Characters remaining: {remaining}."
                },
                {
                    "text": "Word Limit: Limit is {limit} words. Words remaining: {remaining}."
                },
                {
                    "text": "Phone: Please enter a valid phone number."
                },
                {
                    "text": "File Extension: File type is not allowed."
                },
                {
                    "text": "File Size: File exceeds max size allowed. File was not uploaded."
                },
                {
                    "text": "Time (12 hour): Please enter time in 12-hour AM/PM format (eg 8:45 AM)."
                },
                {
                    "text": "Time (24 hour): Please enter time in 24-hour format (eg 22:45)."
                },
                {
                    "text": "Payment Required: Payment is required."
                },
                {
                    "text": "Credit Card: Please enter a valid credit card number."
                },
                {
                    "text": "Field Upload Total Size: The total size of the selected files {totalSize} Mb exceeds the allowed limit {maxSize} Mb."
                },
                {
                    "text": "Password Strength: A stronger password is required. Consider using upper and lower case letters, numbers, and symbols."
                },
                {
                    "text": "Unique Answer: The value must be unique."
                },
                {
                    "text": "Coupon Error: This is not a valid coupon."
                },
                {
                    "text": "Simply enter your translations in the fields provided and save your changes. For more details, please check out our tutorial on customizing validation messages ."
                },
                {
                    "url": "https://wpforms.com/docs/customize-wpforms-validation-messages/"
                },
                {
                    "text": "Note: When translating validation messages, do not translate the text for placeholders such as {limit} or {suggestion}. See our validation messages tutorial for more examples."
                }
            ]
        },
        {
            "subtitle": "Using Loco Translate to Translate WPForms Admin Areas",
            "content": [
                {
                    "text": "In addition to translating text your users will see in your forms, you can translate text WPForms provides in your WordPress admin area, such as the form builder and settings pages."
                },
                {
                    "text": "You can approach translations for the admin areas of WPForms in many ways, but Loco Translate and Poedit are two popular options. For this tutorial, we'll focus on Loco Translate."
                },
                {
                    "url": "https://wordpress.org/plugins/loco-translate/"
                },
                {
                    "url": "https://poedit.net/"
                },
                {
                    "text": "Note: WPForms includes built-in translations for Spanish, Italian, Japanese, French, German, Russian, Dutch, Hindi, Polish, Turkish, and Portuguese (Brazilian). If you go to Settings \" General and choose one of these languages from the Site Language dropdown, WPForms admin pages will automatically be translated for you."
                }
            ]
        },
        {
            "subtitle": "Installing Loco Translate",
            "content": [
                {
                    "text": "First, log in to your WordPress admin area and go to Plugins \" Add New to install and activate the Loco Translate plugin."
                },
                {
                    "image_link": "https://wpforms.com/wp-content/uploads/2020/09/install-loco-translate.png"
                },
                {
                    "text": "Note: For help installing Loco Translate, see WPBeginner's guide to installing WordPress plugins ."
                },
                {
                    "url": "http://www.wpbeginner.com/beginners-guide/step-by-step-guide-to-install-a-wordpress-plugin-for-beginners/"
                },
                {
                    "text": "Once you've done so, go to Loco Translate \" Plugins and find WPForms in the list. You can either look through the alphabetical list or use the search bar to narrow your options."
                },
                {
                    "image_link": "https://wpforms.com/wp-content/uploads/2020/09/loco-translate-plugins.png"
                },
                {
                    "text": "Note: In Loco Translate, you'll see two different translation tables: a WPForms-Lite table, and a WPForms table."
                },
                {
                    "text": "If you're using the paid version of WPForms, make sure to select the WPForms table. This will include all translation strings for both the paid and Lite versions of the plugin."
                }
            ]
        },
        {
            "subtitle": "Adding a New Translation in Loco Translate",
            "content": [
                {
                    "text": "Next, you should be taken to the WPForms translations page for Loco Translate. To build out a new translation, click on New Language under WPForms ."
                },
                {
                    "image_link": "https://wpforms.com/wp-content/uploads/2020/09/loco-translate-wpforms-new-language.png"
                },
                {
                    "text": "Then choose a supported WordPress language from the dropdown."
                },
                {
                    "image_link": "https://wpforms.com/wp-content/uploads/2020/09/loco-translate-wordpress-language.png"
                },
                {
                    "text": "Note: If you choose the Custom language option, you won't be able to switch your site to your target language once you've completed your translation, as Loco Translate does not modify the WordPress language switcher in your site's settings."
                },
                {
                    "text": "For more details, please see Loco Translate's documentation on adding new languages and switching languages ."
                },
                {
                    "url": "https://localise.biz/wordpress/plugin/manual/msginit"
                },
                {
                    "url": "https://localise.biz/help/wordpress/site-language"
                },
                {
                    "text": "Next, you'll need to choose where you want to save the translation file. Be sure to select the System location option, as this will protect your translations from being overwritten by updates to WPForms."
                },
                {
                    "image_link": "https://wpforms.com/wp-content/uploads/2020/09/loco-translate-select-file-location.png"
                },
                {
                    "text": "Note: To protect customizations from updates, it's important to never add files to the WPForms plugins folder (shown in the Author option). Instead, add translation files to the WordPress languages folder so those files won't be altered by updates."
                },
                {
                    "text": "When you've set up these options, click the Start translating button to continue."
                },
                {
                    "image_link": "https://wpforms.com/wp-content/uploads/2020/09/loco-translate-start-translating.png"
                }
            ]
        },
        {
            "subtitle": "Translating WPForms",
            "content": [
                {
                    "text": "On the next screen, you'll see a list of all the text strings in WPForms that are ready to be translated. Select a Source Text option from the list, then enter its translation in the space provided."
                },
                {
                    "image_link": "https://wpforms.com/wp-content/uploads/2020/09/translate-wpforms-loco-translate.png"
                },
                {
                    "text": "You'll need to repeat this process for each string you want to translate. Click the Save button when you're done."
                },
                {
                    "image_link": "https://wpforms.com/wp-content/uploads/2020/09/save-loco-translate-translations.png"
                }
            ]
        },
        {
            "subtitle": "Switching Your Site's Language",
            "content": [
                {
                    "text": "To see your Loco Translate translations in your WordPress admin area and the form builder, you need to set your site's language to match the one you chose when adding a new language for WPForms in Loco Translate."
                },
                {
                    "text": "Go to Settings \" General and select the same Site Language you added in Loco Translate."
                },
                {
                    "image_link": "https://wpforms.com/wp-content/uploads/2020/09/wordpress-site-language-1.png"
                },
                {
                    "text": "Note: Languages are labeled in English in Loco Translate, but are listed in their own language in your WordPress settings. So, if you selected French in Loco Translate, you would select Fran\u00e7ais as your Site Language, German would Deutsch in your WordPress settings, Polish corresponds with Polski, and so on."
                },
                {
                    "text": "When you save your changes, WordPress will install the language pack for this translation. You should then see your corresponding Loco Translate translations in the form builder and other WPForms admin areas on the backend of your site."
                },
                {
                    "image_link": "https://wpforms.com/wp-content/uploads/2020/09/wpforms-loco-translate-example.png"
                }
            ]
        },
        {
            "subtitle": "Advanced Translation Options",
            "content": [
                {
                    "text": "As you begin translating your forms, you may notice a couple of parts that aren't translatable using the techniques described above."
                },
                {
                    "text": "For guidance on translating these elements, see our developer documentation:"
                },
                {
                    "text": "Date field: Datepicker calendar (day and month names)"
                },
                {
                    "text": "User Registration Addon: Registration email for users Login and registration form validation messages"
                },
                {
                    "text": "Registration email for users"
                },
                {
                    "text": "Login and registration form validation messages"
                },
                {
                    "text": "Credit Card fields: How to Change Sublabels for the Credit Card Field"
                },
                {
                    "url": "https://wpforms.com/developers/modify-date-field-date-picker-strings/"
                },
                {
                    "text": "Registration email for users"
                },
                {
                    "text": "Login and registration form validation messages"
                },
                {
                    "url": "https://wpforms.com/developers/change-user-email-for-user-registration-addon/"
                },
                {
                    "url": "https://wpforms.com/developers/change-validation-messages-for-user-registration-addon/"
                },
                {
                    "url": "https://wpforms.com/developers/how-to-change-sublabels-for-the-credit-card-field/"
                }
            ]
        },
        {
            "subtitle": "Frequently Asked Questions",
            "content": [
                {
                    "text": "These are the top questions we see regarding translating WPForms into a different language."
                }
            ]
        },
        {
            "subtitle": "How do I translate WPForms addons with Loco Translate?",
            "content": [
                {
                    "text": "Each addon has its own separate bundle that you'll need to open in Loco Translate to access its translation strings."
                },
                {
                    "text": "For example, if you want to translate the Authorize.Net strings on your site, you need to open that bundle under Loco Translate \" Plugins."
                },
                {
                    "image_link": "https://wpforms.com/wp-content/uploads/2020/09/wpforms-loco-translate-addons.png"
                },
                {
                    "text": "Then you would follow the same steps above to translate the available Source Text strings for the addon in Loco Translate."
                }
            ]
        },
        {
            "subtitle": "How do I translate the File Upload field in my forms?",
            "content": [
                {
                    "text": "The File Upload phrases can be found in the WPForms bundle in Loco Translate."
                },
                {
                    "text": "You can find the specific phrase you'd like to translate (including \"Click or drag a file to this area to upload\") using Loco Translate's built-in search functionality."
                },
                {
                    "image_link": "https://wpforms.com/wp-content/uploads/2020/09/wpforms-loco-translate-file-upload.png"
                },
                {
                    "text": "That's it! You can now translate WPForms into a different language on both the frontend of your site and in the WordPress admin area."
                },
                {
                    "text": "Next, would you like to set up automated notification emails? Check out our full tutorial on WPForms notifications settings for all the details."
                },
                {
                    "url": "https://wpforms.com/docs/setup-form-notification-wpforms/"
                }
            ]
        }
    ],
    "section": "Documentation",
    "category": "Extending Functionality"
}