{
    "product_name": "WPForms",
    "document_id": 201,
    "document_name": "How to Define a Specific Directory For File Uploads",
    "document_url": "https://wpforms.com/developers/how-to-define-a-specific-directory-for-file-uploads/",
    "author": "David Ozokoye",
    "reviewer": "Dimitris Mitsis",
    "date": "Updated: Oct 7, 2024, 04:52 AM",
    "version": "1.0",
    "title": "How to Define a Specific Directory For File Uploads",
    "content": [
        {
            "subtitle": "Overview",
            "content": [
                {
                    "text": "Would you like to define a specific directory to store files uploaded through the WPForms File Upload field? With a custom PHP snippet, you can easily define the directory that will hold all of your form uploads."
                },
                {
                    "text": "This tutorial will walk you through the steps to update the default location for file uploads in WPForms."
                }
            ]
        },
        {
            "subtitle": "Setup",
            "content": [
                {
                    "text": "To define your directory, you'll need to copy this snippet to your site . You'll need to know the server path of where you want to store these. These can be different depending on how the site is set up."
                },
                {
                    "url": "https://wpforms.com/developers/how-to-add-custom-php-or-javascript-for-wpforms/"
                },
                {
                    "text": "For example, your root path could be '/home/mysitedomain.com/custom-dir'; or it could be '/home/sites/mysitedomain.com/custom-dir'; or even '/home/mysitedomain/public_html/custom-dir'; . If you're unsure what your root path would be, check with your hosting provider."
                },
                {
                    "code": "\n/**\n * Define a specific directory for files uploaded through the File Upload addon.\n *\n * @link  https://wpforms.com/developers/how-to-define-a-specific-directory-for-file-uploads/\n */\n\n function wpf_dev_upload_root( $wpforms_upload_root ) {\n\n    //Define a specific directory here\n    $wpforms_upload_root = '/home/mysitedomain/public_html/custom-dir';  \n\n    return $wpforms_upload_root;\n\n}\n\nadd_filter( 'wpforms_upload_root', 'wpf_dev_upload_root', 10, 1 );\n"
                },
                {
                    "text": "The snippet above will change the default location where file uploads are stored on your site. Keep in mind that it will not update the email notification URL."
                },
                {
                    "text": "And that's all you need to define a specific directory for the File Upload field. When files are uploaded through your forms, they will be stored in the custom-dir folder on your server."
                },
                {
                    "text": "Would you like to alter the timeout function on the Modern Upload Field? Check out our snippet on How to Change the Timeout on the Modern File Upload ."
                },
                {
                    "url": "https://wpforms.com/developers/how-to-change-the-timeout-on-the-modern-file-upload/"
                }
            ]
        },
        {
            "subtitle": "Related",
            "content": [
                {
                    "text": "Filter Reference: wpforms_upload_root"
                },
                {
                    "url": "https://wpforms.com/developers/wpforms_upload_root/"
                }
            ]
        }
    ],
    "section": "Developers",
    "category": "Snippets"
}