{
    "product_name": "WPForms",
    "document_id": 350,
    "document_name": "How to Change Validation Messages for WPML",
    "document_url": "https://wpforms.com/developers/change-validation-messages-for-wpml/",
    "author": "Editorial Team",
    "reviewer": "Molly Tyler",
    "date": "Updated: Dec 7, 2023, 13:16 PM",
    "version": "1.0",
    "title": "How to Change Validation Messages for WPML",
    "content": [
        {
            "subtitle": "Introduction",
            "content": [
                {
                    "text": "Would you like to use WPML or Polylang to change validation messages on your forms? In WPForms, these messages are displayed inline, and fields are validated on the fly using PHP. These messages can be easily changed inside your WPForms Settings but if you have a multi-lingual site, you may need to have these changed based on the language that the user is currently using."
                },
                {
                    "url": "https://wpforms.com/docs/customize-wpforms-validation-messages/"
                },
                {
                    "text": "When you need to provide multiple different language translations, these messages need to be conditionally different."
                },
                {
                    "text": "With that in mind, there is a filter that can be used to check the language your visitor currently is using. That filter is ICL_LANGUAGE_CODE . Using this filter means that if you're using WPML or Polylang for your WordPress translations, you can check what the current language on your site is set to."
                },
                {
                    "text": "We can use this filter to check and see if the validation message should be changed."
                },
                {
                    "text": "Each code example is going to show you the French and Spanish translations, you'll need to adjust each code snippet for your correct language as well as the translations."
                },
                {
                    "text": "Remember you'll need to add the correct code snippets to your site before you will see any changes."
                },
                {
                    "text": "If you need help in adding code snippets to your site, please review this tutorial ."
                },
                {
                    "url": "https://wpforms.com/developers/how-to-add-custom-php-or-javascript-for-wpforms/"
                }
            ]
        },
        {
            "subtitle": "Changing the standard required field message",
            "content": [
                {
                    "text": "Below is an example that changes the required field validation message depending on the language WPML is currently set to."
                },
                {
                    "code": "\n/**\n * Customize strings for WPForms form validation \n * \n * @link https://wpforms.com/developers/change-validation-messages-for-wpml/\n */\n\nfunction wpforms_dev_frontend_strings( $strings ) {\n\n\t$currentLanguage = defined( 'ICL_LANGUAGE_CODE' ) ? ICL_LANGUAGE_CODE : null;\n\n\tswitch ( $currentLanguage ) {\n\t\tcase 'fr':\n\t\t\t$strings[ 'val_required' ] = 'Ce champ est requis.';\n\t\t\tbreak;\n\t\tcase 'es':\n\t\t\t$strings[ 'val_required' ] = 'Este campo es requerido.';\n\t\t\tbreak;\n\t}\n\n\treturn $strings;\n}\n\nadd_filter( 'wpforms_frontend_strings', 'wpforms_dev_frontend_strings', 20, 1 );\n"
                }
            ]
        },
        {
            "subtitle": "Changing the other validation messages",
            "content": [
                {
                    "text": "For a complete code snippet for all of the validation messages, you would use this code."
                },
                {
                    "code": "\n/**\n * Customize strings for WPForms form validation \n * \n * @link https://wpforms.com/developers/change-validation-messages-for-wpml/\n */\n\nfunction wpforms_dev_frontend_strings( $strings ) {\n\n$currentLanguage = defined( 'ICL_LANGUAGE_CODE' ) ? ICL_LANGUAGE_CODE : null;\n\n    switch ( $currentLanguage ) {\n            \n    // For French translation\n    case 'fr':\n\n        // Required field\n        $strings[ 'val_required' ] = 'Ce champ est requis.';\n\n        // Valid Email\n        $strings[ 'val_email' ] = 'Veuillez entrer une URL valide.';\n\n        // Email suggestion text\n        $strings[ 'val_email_suggestion' ] = 'Voulez-vous dire {suggestion}?';\n\n        // Email restricted text\n        $strings[ 'val_email_restricted' ] = 'Cette adresse e-mail n\\'est pas autoris\u00e9e.';\n\n        // Valid number\n        $strings[ 'val_number' ] = 'S\\'il vous plait, entrez un nombre valide.';\n\n        // Valid positive number\n        $strings[ 'val_number_positive' ] = 'Veuillez entrer un nombre positif valide.';\n\n        // Confirmation message 'fields do not match'\n        $strings[ 'val_confirm' ] = 'Les valeurs de champ ne correspondent pas.';\n\n        // Valid input mask incomplete\n        $strings[ 'val_inputmask_incomplete' ] = 'Veuillez remplir le champ au format requis.';\n\n        // Checkbox option limit\n        $strings[ 'val_checklimit' ] = 'Vous avez d\u00e9pass\u00e9 le nombre de s\u00e9lections autoris\u00e9es: {#}.';\n\n        // Character limit\n        $strings[ 'val_limit_characters' ] = 'La limite est de {limit} caract\u00e8res. Caract\u00e8res restants : {remaining}.';\n\n        // Word limit\n        $strings[ 'val_limit_words' ] = 'La limite est de {limit} mots. Mots restant : {restant}.';\n\n        // Valid URL\n        $strings[ 'val_url' ] = 'Veuillez saisir une URL valide.';\n\n        // All phone field - Smart, International and US\n        $strings [ 'val_phone' ] = 'Veuillez fournir un num\u00e9ro de t\u00e9l\u00e9phone valide.';\n\n        // Valid file extension\n        $strings[ 'val_fileextension' ] = 'Le type de fichier n\\'est pas autoris\u00e9.';\n\n        // File max size limit text\n        $strings[ 'val_filesize' ] = 'Le fichier d\u00e9passe la taille maximale autoris\u00e9e.';\n\n        // Number of files upload limit text\n        $strings[ 'maxfilenumber' ] = 'Les t\u00e9l\u00e9chargements de fichiers d\u00e9passent le nombre maximum autoris\u00e9 ({fileLimit}).';\n\n        // Valid 12h time format\n        $strings[ 'val_time12h' ] = 'Veuillez entrer l\\'heure au format 12 heures AM / PM (par exemple, 8h45)';\n\n        // Valid 24h time format\n        $strings[ 'val_time24h' ] = 'Veuillez entrer l\\'heure au format 24 heures (par exemple, 22h45).';\n\n        // Limit hours text 'Please enter time between...'\n        $strings[ 'val_time_limit' ] = 'Veuillez saisir une dur\u00e9e comprise entre {minTime} et {maxTime}.';\n\n        // Payment required text\n        $strings[ 'val_requiredpayment' ] = 'Le paiement est requis.';\n\n        // Valid credit card number\n        $strings[ 'val_creditcard' ] = 'Veuillez entrer un num\u00e9ro de carte de cr\u00e9dit valide.';\n\n        // Maximum size limit reached text\n        $strings[ 'val_post_max_size' ] = 'La taille totale des fichiers s\u00e9lectionn\u00e9s {totalSize} Mo d\u00e9passe la limite autoris\u00e9e {maxSize} Mo.';\n\n        // Password strength text\n        $strings[ 'val_password_strength' ] = 'Un mot de passe plus fort est requis. Envisagez d\\'utiliser des lettres majuscules et minuscules, des chiffres et des symboles.';\n\n        // Valid unique value required\n        $strings[ 'val_unique' ] = 'La valeur doit \u00eatre unique.';\n\n        // reCAPTCHA failed message text\n        $strings[ 'val_recaptcha_fail_msg' ] = 'La v\u00e9rification Google reCAPTCHA a \u00e9chou\u00e9, veuillez r\u00e9essayer plus tard.';\n\n    break;\n    \n    // For Spanish translation\n    case 'es':\n\n        // Required field\n        $strings[ 'val_required' ] = 'Este campo es requerido.';\n\n        // Valid Email\n        $strings[ 'val_email' ] = 'Por favor, introduce una direcci\u00f3n de correo electr\u00f3nico v\u00e1lida.';\n\n        // Email suggestion text\n        $strings[ 'val_email_suggestion' ] = '\u00bfQuiso decir {sugerencia}?';\n\n        // Email Restricted\n        $strings[ 'val_email_restricted' ] = 'Esta direcci\u00f3n de correo electr\u00f3nico no est\u00e1 permitida.';\n\n        // Valid number\n        $strings[ 'val_number' ] = 'Por favor ingrese un n\u00famero valido.';\n\n        // Valid positive number\n        $strings[ 'val_number_positive' ] = 'Introduzca un n\u00famero positivo v\u00e1lido.';\n\n        // Confirmation message 'fields do not match'\n        $strings[ 'val_confirm' ] = 'Los valores de campo no coinciden.';\n\n        // Valid input mask incomplete text\n        $strings[ 'val_inputmask_incomplete' ] = 'Por favor llene el campo en el formato requerido.';\n\n        // Checkbox option limit\n        $strings[ 'val_checklimit' ] = 'Ha excedido el n\u00famero de selecciones permitidas: {#}.';\n\n        // Character limit\n        $strings[ 'val_limit_characters' ] = 'El l\u00edmite es {l\u00edmite} caracteres. Caracteres restantes: {restante}.';\n\n        // Word limit\n        $strings[ 'val_limit_words' ] = 'El l\u00edmite es {l\u00edmite} palabras. Palabras restantes: {restante}.';\n\n        // Valid URL\n        $strings[ 'val_url' ] = 'Por favor introduzca un URL v\u00e1lido.';\n\n        // All phone field - Smart, International and US\n        $strings[ 'val_phone' ] = 'Por favor forne\u00e7a um n\u00famero de telefone v\u00e1lido.';\n\n        // Valid file type\n        $strings[ 'val_fileextension' ] = 'El tipo de archivo no est\u00e1 permitido.';\n\n        // Max size limit text\n        $strings[ 'val_filesize' ] = 'El archivo excede el tama\u00f1o m\u00e1ximo permitido.';\n\n        // Number of files upload limit text\n        $strings[ 'maxfilenumber' ] = 'Las cargas de archivos superan el n\u00famero m\u00e1ximo permitido ({fileLimit}).';\n\n        // Valid 12h time format\n        $strings[ 'val_time12h' ] = 'Ingrese la hora en formato AM / PM de 12 horas (por ejemplo, 8:45 AM).';\n\n        // Valid 24h time format\n        $strings[ 'val_time24h' ] = 'Ingrese la hora en formato de 24 horas (por ejemplo, 22:45).';\n\n        // Limit hours text 'Please enter time between...'\n        $strings[ 'val_time_limit' ] = 'Ingrese el tiempo entre {minTime} y {maxTime}.';\n\n        // Payment required text\n        $strings[ 'val_requiredpayment' ] = 'Se requiere pago.';\n\n        // Valid credit card number\n        $strings[ 'val_creditcard' ] = 'Por favor, introduzca un n\u00famero de tarjeta de cr\u00e9dito v\u00e1lida.';\n\n        // Maximum size limit reached text\n        $strings[ 'val_post_max_size' ] = 'El tama\u00f1o total de los archivos seleccionados {totalSize} Mb excede el l\u00edmite permitido {maxSize} Mb.';\n\n        // Password strength text\n        $strings[ 'val_password_strength' ] = 'Se requiere una contrase\u00f1a m\u00e1s fuerte. Considere el uso de letras may\u00fasculas y min\u00fasculas, n\u00fameros y s\u00edmbolos.';\n\n        // Valid unique value required\n        $strings[ 'val_unique' ] = 'El valor debe ser \u00fanico.';\n\n        // reCAPTCHA failed message text\n        $strings[ 'val_recaptcha_fail_msg' ] = 'La verificaci\u00f3n de Google reCAPTCHA fall\u00f3, int\u00e9ntalo de nuevo m\u00e1s tarde.';\n\n    break;\n    }\n\nreturn $strings;\n\n}\n\nadd_filter( 'wpforms_frontend_strings', 'wpforms_dev_frontend_strings', 20, 1 );\n"
                },
                {
                    "image_link": "https://wpforms.com/wp-content/uploads/2020/12/wpforms-change-validation-messages.jpg"
                },
                {
                    "text": "And that's it! You can now successfully change the validation messages. Would you like to change the date picker strings to match the language as well? Take a look at our article on How to Modify Date Field Date Picker Strings ."
                },
                {
                    "url": "https://wpforms.com/developers/modify-date-field-date-picker-strings/"
                }
            ]
        },
        {
            "subtitle": "Related",
            "content": [
                {
                    "text": "Action Reference: wpforms_wp_footer_end"
                },
                {
                    "url": "https://wpforms.com/developers/wpforms_wp_footer_end/"
                },
                {
                    "text": "Filter Reference: wpforms_frontend_strings"
                },
                {
                    "url": "https://wpforms.com/developers/wpforms_frontend_strings/"
                }
            ]
        }
    ],
    "section": "Developers",
    "category": "Tutorials"
}